,"('J1', 'depthN')","('J2', 'depthN')","('J3', 'depthN')","('J4', 'depthN')","('J5a', 'depthN')","('JC5', 'depthN')","('JC4c', 'depthN')","('R1', 'depthN')","('R2', 'depthN')","('R3', 'depthN')","('R4', 'depthN')","('R5', 'depthN')","('JC1b', 'depthN')","('JC2', 'depthN')","('JC3a', 'depthN')","('JC4c', 'depthN')","('JC5', 'depthN')","('C1a', 'depthL')","('C1b', 'depthL')","('C2', 'depthL')","('C3a', 'depthL')","('C3b', 'depthL')","('C4a', 'depthL')","('C4b', 'depthL')","('C4c', 'depthL')","('C5a', 'depthL')","('C5b', 'depthL')","('I5', 'flow')"
2007-01-01 00:00:00,0.04211256039351599,0.06346020835846147,0.057013062453663464,0.04865121371216784,0.06629437732801438,0.005040995839901226,0.0,0.002829839496215278,0.021638579765951255,0.034881097205919774,0.01147068556016576,0.00433866007079955,0.0,0.0,0.0,0.0,0.005040995839901226,0.0001,0.0001,0.0001,0.0001,0.0001,0.0001,0.0001,0.0001,0.0025817371760845707,0.002726535258110089,0.0007039220790732152
2007-01-01 00:05:00,0.15565995449990336,0.15737578666993973,0.13686735243512757,0.15519046820267793,0.15109319854006026,0.044013115114505424,0.0,0.028838332250116422,0.07886760103719868,0.20468568827024775,0.06967244527112784,0.04837820749999221,0.0,0.0,0.0,0.0,0.044013115114505424,0.0001,0.0001,0.0001,0.0001,0.0001,0.0001,0.0001,0.0001,0.022068135383405026,0.026622153401149262,0.10572687862808369
2007-01-01 00:10:00,0.2178297678751692,0.21338701678427902,0.1842297882797496,0.2175282794592503,0.20420080531291834,0.09390267215939493,0.0,0.07311023520504359,0.11706339134043069,0.320151303393415,0.12069373371199134,0.09878279034841214,0.0,0.0,0.0,0.0,0.09390267215939493,0.0001,0.0001,0.0001,0.0001,0.0001,0.0001,0.0001,0.0001,0.047019359604645435,0.06730472438528068,0.6447105552980498
2007-01-01 00:15:00,0.400339793011997,0.376630084090652,0.3432097858494392,0.39440507505988415,0.3798530870621788,0.17918027049553029,0.0,0.17571407142663925,0.47823970047460235,0.6996281856105913,0.2918763399772761,0.23290001930530072,0.0,0.0,0.0,0.0,0.17918027049553029,0.0001,0.0001,0.0001,0.0001,0.0001,0.0001,0.0001,0.0001,0.0896638385098311,0.17270970849913284,2.347946677258772
2007-01-01 00:20:00,0.5253927780599085,0.4880917558075629,0.4376079545788743,0.5290482084099342,0.4995395473099433,0.2583561118138158,0.0,0.40446771511535573,1.9537220170309704,1.4170355027948727,0.7214552087058657,0.5941161776001075,0.0,0.06546519925684374,0.0,0.0,0.2583561118138158,0.0001,0.0001,0.032594562133100226,0.0339845347516024,0.0014899726185021792,0.0015137452013883376,0.0001237725828861585,0.0001,0.12924071360920497,0.25816132868055774,5.539262145709902
2007-01-01 00:25:00,0.6208010678036844,0.7589538386287396,0.5772170989716441,0.7097662167371934,0.6755837151463185,0.3434688339774522,0.040247422347368764,0.8631526330763327,2.3067773336113166,3.304785391471569,1.5034113552211381,1.2803889143161153,0.0,0.38075109458955503,0.0,0.040247422347368764,0.3434688339774522,0.0001,0.0001,0.19044787542515113,0.24787509996049267,0.057527224535341516,0.07523728511214359,0.01831886846126101,0.0207237016358602,0.1918964658363923,0.34206621161174555,7.457484706702203
2007-01-01 00:30:00,1.171974869779343,2.52436237644888,0.9238493588915944,1.1034481389549993,1.0471761704905007,0.7431146744069418,0.454790558352787,2.305811804390185,2.518995719304985,6.114613186157004,2.187095670808203,2.1754133902750543,0.0,0.6462626583888447,4.70017183803969,0.454790558352787,0.7431146744069418,0.0001,0.0001,0.3232083243417844,0.5744280331298797,0.4550800618462542,0.5221134156726294,0.3568361234226359,0.3134229315516677,0.5989761005967011,0.7361207046993513,8.421332902739088
2007-01-01 00:35:00,2.8626299201265963,1.2904399596607867,0.7125480266303654,0.9796481594279797,0.8295387599868904,1.0041175692835058,0.8516998351692535,4.298763779748042,2.4107431118386176,6.004726882288615,2.148770932220094,2.1755857836915578,0.0,0.6190646771793613,5.48673065405651,0.8516998351692535,1.0041175692835058,0.0001,0.0001,0.3096274163879241,0.6569860480591387,0.5908029524891845,0.7361035293279201,0.7975080713835041,0.8346885399541861,0.927904483254224,1.0030459301783594,8.218026399710949
2007-01-01 00:40:00,3.8209573711970073,0.6050762660267782,0.4968715243633849,0.6907955120866749,0.5916400808083206,0.9126036799739868,0.8578598033922354,5.299068811738392,2.269561170972234,5.739741698117759,1.8615366499095505,1.9056138499438926,0.0,0.4511888748717672,5.24999394334735,0.8578598033922354,0.9126036799739868,0.0001,0.0001,0.22564471143558765,0.4662007954959336,0.36560552374685357,0.49613835878280954,0.65975701016132,0.8331615164642244,0.8852371990146821,0.9140873693348113,7.778443935936575
2007-01-01 00:45:00,4.365558162728066,0.4354379262786111,0.38262435280790685,0.5259861554697255,0.4504532606745733,0.6791607571044737,0.6356232796653587,5.85702450785053,2.1743904023802125,5.449576453826329,1.652264101820045,1.630541398979227,0.0,0.3225863028781327,5.085723976133747,0.6356232796653587,0.6791607571044737,0.0001,0.0001,0.16133957602995797,0.32323924297088524,0.20480940373618067,0.32745670121657894,0.4586794620365254,0.6109879408297274,0.6573822592864417,0.6801604196952212,7.55220871561192
2007-01-01 00:50:00,4.601105246850723,0.3641847272607988,0.3231481929014983,0.4351174160474572,0.3772509821454727,0.5001954780163749,0.44126502431902387,6.092948430128195,2.1254216125866163,4.591024903294576,1.3987794818936394,1.1135375056037233,0.0,0.24218908690910007,5.0253092808398225,0.44126502431902387,0.5001954780163749,0.0001,0.0001,0.12113952526677967,0.2398988726130483,0.13146240088763078,0.2318663367692352,0.32284888017265984,0.43042344074447103,0.4707239613127058,0.49979910212196044,7.067752050836093
2007-01-01 00:55:00,4.725467581964556,0.33260788748952286,0.2972296959735688,0.3935185332416538,0.34433982036464655,0.40097049865892637,0.3313512237938352,6.2187827308640005,2.10357174672446,3.5460348393949,1.0127695349335328,0.7309991026772117,0.0,0.19998925047095545,5.013251894579269,0.3313512237938352,0.40097049865892637,0.0001,0.0001,0.10004259252003866,0.19966189108401977,0.10629484763614983,0.18801755141714693,0.24878171885984557,0.3261081319325285,0.36614772893051395,0.4008838569296813,6.5038179774798595
2007-01-01 01:00:00,4.782286414856452,0.2963576303094138,0.2654023439187506,0.35336502551996357,0.30711480157993054,0.3356755736795044,0.2611820598717581,6.278606664701995,2.0785641846433434,2.373673219362258,0.5944619181711728,0.4429804330447261,0.0,0.1664196972588299,5.008395719522781,0.2611820598717581,0.3356755736795044,0.0001,0.0001,0.08326080669866205,0.17000254076965576,0.0909894380834885,0.16065584818998105,0.20318909818506653,0.2599157627157183,0.29840678088085043,0.33601267819358327,5.693228482310886
2007-01-01 01:05:00,4.763600558097151,0.2653670874514233,0.23778635526267308,0.31970049950742313,0.2754579270031464,0.28875934342471404,0.21448967106781686,6.258810456485329,2.054973337310443,1.2471926997736542,0.2834950353945145,0.23803442084263016,0.0,0.13062275879183682,5.005872796956998,0.21448967106781686,0.28875934342471404,0.0001,0.0001,0.06536090531871086,0.1397761839642726,0.07740163539222067,0.13579170207458446,0.16938595818828617,0.21530525493096775,0.25162366714766904,0.28934190639427015,4.547200838673499
2007-01-01 01:10:00,4.712663552421963,0.2527787681668623,0.2277198155089944,0.30990818493440647,0.2621192747518275,0.2550885533392869,0.17871734615941473,6.208585304570474,2.0447573009349282,0.6814503259096605,0.2311863400003032,0.19933764861429296,0.0,0.10486141636756248,5.0043447639137035,0.17871734615941473,0.2550885533392869,0.0001,0.0001,0.052480352987721565,0.11574362388728332,0.06548562770549324,0.11295843878351661,0.13971090292016014,0.179425238785916,0.21690265925080893,0.25599957889598957,3.5073592155139885
2007-01-01 01:15:00,4.645020981547162,0.24446236076899425,0.22076724675293352,0.29891918626487807,0.25326354564597875,0.2290822655193661,0.14971608873100056,6.1411034283496235,2.037714869742978,0.5226067944753043,0.2186537846988008,0.18944810617485933,0.0,0.0880802413806984,5.003337756206983,0.14971608873100056,0.2290822655193661,0.0001,0.0001,0.0440899377038375,0.09904153159077396,0.05667045630107168,0.09594253674704305,0.11581860465539648,0.14973627892750302,0.1893988617949617,0.23007494822441005,2.9144019878374157
2007-01-01 01:20:00,4.572649422144183,0.24014040809910855,0.21715477642804376,0.2926367366399789,0.2486903814763206,0.21123099669940218,0.128378707030172,6.068494761193652,2.0336771965617286,0.49730863779896084,0.21099367402556735,0.18282690822512407,0.0,0.07725358194935657,5.002705367545773,0.128378707030172,0.21123099669940218,0.0001,0.0001,0.038676504552553344,0.08807478720564177,0.05080095604159851,0.08469942257636376,0.0992455940875061,0.12818389198673685,0.16980440075633396,0.21199539613917295,2.658018966728414
2007-01-01 01:25:00,4.493441214069167,0.23649254879097642,0.21411012689551573,0.2882650203720399,0.24486734284701134,0.19776786959321793,0.1112094367982264,5.989648840601691,2.0306083360388727,0.48818760579528286,0.206559771190785,0.17934190042140866,0.0,0.07016618897109606,5.002246484524496,0.1112094367982264,0.19776786959321793,0.0001,0.0001,0.03513312579961057,0.08049764468814828,0.04653775414935808,0.07651396929904877,0.08672019891955643,0.11122571140786022,0.15448833127911712,0.19819293798282162,2.577811969247823
2007-01-01 01:30:00,4.403499634763416,0.23043070170647698,0.2086752329940103,0.28180910106973117,0.23872667600211211,0.18629695506574118,0.09738171053733845,5.899823623013106,2.0251475992795127,0.4753573252423317,0.20027172902966098,0.17430617608022636,0.0,0.06306121267718506,5.001897707950392,0.09738171053733845,0.18629695506574118,0.0001,0.0001,0.03158071723568246,0.0737462544148002,0.04316438632565678,0.07020235787751972,0.0771819058429628,0.09788615706168002,0.14183894883012726,0.18646313344174814,2.5052376420267044
2007-01-01 01:35:00,4.302253365753144,0.22621911294008776,0.20501283972090797,0.2766031116689095,0.23445137807555633,0.17662596453983215,0.08639866222105543,5.798562094217479,2.020608487606767,0.46215157290589925,0.19417491848530424,0.1686955145137728,0.0,0.05508631350879691,5.001630053496628,0.08639866222105543,0.17662596453983215,0.0001,0.0001,0.027593035981489083,0.06656046665057147,0.03983245396238999,0.06433828922790781,0.06958221093191241,0.08746084768836226,0.13151207683777102,0.17678340204292908,2.4189073653406554
2007-01-01 01:40:00,4.194176394679092,0.22228254723422053,0.20166960698141648,0.27230884487710133,0.2303012238724293,0.16890116964827334,0.07742752679981083,5.690665833390423,2.0166513732842795,0.4538755256028299,0.1901258984240472,0.1652969016412069,0.0,0.04837455724539838,5.001416100992467,0.07742752679981083,0.16890116964827334,0.0001,0.0001,0.024237414091215943,0.06004507272552928,0.03656570659791214,0.05862959219223285,0.06290253263262002,0.07884450406413634,0.12316396459925727,0.1690726610636375,2.363446686597038
2007-01-01 01:45:00,4.089872196923428,0.2189033124418945,0.1985916383170621,0.2680843673386304,0.22689608547341789,0.16280965183937357,0.07076938524790015,5.586256590319947,2.012224163988029,0.44412386228122763,0.18549709412345836,0.1612529706124768,0.0,0.0418519942207812,5.001261760203493,0.07076938524790015,0.16280965183937357,0.0001,0.0001,0.020975940849679138,0.05402196216095945,0.0337268994542228,0.053783974611519625,0.057569766598476235,0.07226663535368516,0.11678930354457862,0.16297118301895352,2.3069125899356053
2007-01-01 01:50:00,3.9617386416259635,0.21517378613240404,0.19525797695355412,0.26395419402248965,0.22299025670960465,0.15731994737218397,0.06414114269833733,5.458468546061127,2.0073652819237764,0.4361587358734627,0.1816469626464401,0.15799245820216554,0.0,0.034895723078050535,5.0011141375409505,0.06414114269833733,0.15731994737218397,0.0001,0.0001,0.017497989967240574,0.047244425781718745,0.030353503098649526,0.04821986486313108,0.05186369999973976,0.06551096145603878,0.11073050965742368,0.15515499109105804,2.2577471175350707
2007-01-01 01:55:00,3.8279788976066786,0.2113272150211658,0.1916949647873096,0.2593009525230858,0.21911490787366927,0.152812896130177,0.058500875593248895,5.324426336665569,1.9987637951764003,0.42554600552571903,0.17669615599795524,0.153613278072951,0.0,0.027157684868659496,5.000994843895615,0.058500875593248895,0.152812896130177,0.0001,0.0001,0.013628732615314948,0.040085831572696407,0.027004519750903455,0.04282539635403282,0.046638621272222736,0.05957087371200487,0.10565693809826371,0.14727274701476745,2.1982915156612655
2007-01-01 02:00:00,3.658423340331043,0.17234188326453176,0.15487799881945635,0.2257073858598405,0.1782014801730937,0.14063346766195306,0.053536104844901844,5.157996793698773,1.855149999361122,0.38091609416561256,0.15455638911367955,0.1395091089925303,0.0,0.020830383970494977,5.000896539547264,0.053536104844901844,0.14063346766195306,0.0001,0.0001,0.010465062296851829,0.03362110949155976,0.02365431602911485,0.0374976934960614,0.04168194098874665,0.05415845892975994,0.09708202277452074,0.12824837515026957,2.0734732830650087
2007-01-01 02:05:00,3.42585203795236,0.12082208502208476,0.10416584791678304,0.1712237448268623,0.12644443167618527,0.12048171567642886,0.04928914722993299,4.923782510268927,1.2820137170213068,0.26661482810561926,0.10455742011402905,0.09613018343085139,0.0,0.016779526581617847,5.000818045011401,0.04928914722993299,0.12048171567642886,0.0001,0.0001,0.008439670495830614,0.028804572618241764,0.020823923737907535,0.032967758600761954,0.037327967885858016,0.049419798309486396,0.08488299445377834,0.0986582226214523,1.5916180954891679
2007-01-01 02:10:00,3.1774662916077863,0.09492607045875523,0.08010141690359115,0.13999347968061537,0.10023295232013321,0.10682448012641237,0.045538831436290964,4.676074115421141,0.663868525749937,0.1916520384301469,0.07589128556815206,0.06696630868442824,0.0,0.014034603413828268,5.000753837029582,0.045538831436290964,0.10682448012641237,0.0001,0.0001,0.007067229100597433,0.02515206368661893,0.018511752233962397,0.029261933882253288,0.03359479274547539,0.0452371001724714,0.07617988752099336,0.08165789192844386,1.216606532745232
2007-01-01 02:15:00,2.8777200264669953,0.08205520619014238,0.06484662643178654,0.11614608820229541,0.08174310585945108,0.09495999837946026,0.04143563204364702,4.376289162382695,0.07157052791522273,0.14226926519900734,0.056718587096648745,0.04837499069911662,0.0,0.011676439645275627,5.000689219506514,0.04143563204364702,0.09495999837946026,0.0001,0.0001,0.005888165189197753,0.021730368491080298,0.0162368122450971,0.025633175380608008,0.029832166318010424,0.04080898582724331,0.06819658336398789,0.06867777950901655,0.9668087064262089
2007-01-01 02:20:00,2.5898467258582287,0.07465369075227032,0.056198395796133664,0.10080631183966457,0.07046593022355138,0.0860030759741122,0.037898190947748135,4.088081516890196,0.027073952006039702,0.11553650114259802,0.04533018556902361,0.037965308559585784,0.0,0.01000058553608341,5.000636497310384,0.037898190947748135,0.0860030759741122,0.0001,0.0001,0.005050246261715801,0.019117549580187188,0.014435551153269444,0.02278122450502451,0.026811720104433334,0.037096858500376584,0.06194957985246674,0.05999029876431905,0.6896353945342295
2007-01-01 02:25:00,2.3066219524578506,0.06696729174290075,0.05071418867818372,0.0903314237955956,0.06329607516347022,0.0786309895686676,0.03480672790023631,3.804988976478551,0.023049406935589104,0.09947340047864878,0.03809201431341314,0.031542875772390566,0.0,0.008734366023717702,5.000591755502433,0.03480672790023631,0.0786309895686676,0.0001,0.0001,0.004417144823959279,0.017024857152819095,0.012953589302469481,0.020453416666896373,0.024308957204084436,0.03391657537372339,0.056717949218182184,0.05335189617198921,0.5685817443460741
2007-01-01 02:30:00,1.9935234398806785,0.06111225456730317,0.04670282005592481,0.08161831502312594,0.05783078010665005,0.0717436869116774,0.031791500441685515,3.491805420116069,0.020059307351531854,0.08802082807684106,0.032596951790427764,0.026881228217874687,0.0,0.007632463603987161,5.000548687964643,0.031791500441685515,0.0717436869116774,0.0001,0.0001,0.003866202330085616,0.015111282329939968,0.01156942329339472,0.018296305426247272,0.021966429471717674,0.030860912407547403,0.05176685954279492,0.04748392184978911,0.522219906322276
2007-01-01 02:35:00,1.6853133699667768,0.057076123404281226,0.044028356585904,0.07525821400021936,0.05382143520681491,0.06596096945328037,0.029197311565300355,3.183260846581101,0.018054515653082505,0.0805979280148672,0.02870767148562981,0.023695323949602266,0.0,0.006769153380516014,5.00051172794295,0.029197311565300355,0.06596096945328037,0.0001,0.0001,0.0034345538685000066,0.01354458459820762,0.010415894101470258,0.016511709032442923,0.0200160155524145,0.028262953633429788,0.04757854503452563,0.04278729735358411,0.5003419538423963
2007-01-01 02:40:00,1.4098275276334469,0.05410831680644583,0.042119226589423214,0.07040538872014092,0.050818487861487766,0.06086038305920408,0.026884005857627458,2.9069527685525736,0.016609780876235544,0.07540348453175616,0.025819064121589592,0.021381137118030302,0.0,0.006054350547078502,5.000478608920106,0.026884005857627458,0.06086038305920408,0.0001,0.0001,0.003077157586757312,0.012197674991398344,0.009409821348867808,0.014964889890279665,0.018319481119988268,0.025967075996504718,0.04387170977383903,0.038806160789022215,0.48855050054220733
2007-01-01 02:45:00,1.2018551233300245,0.051845861048273593,0.04072537853884795,0.0666471631905036,0.04853749684997142,0.056335176333881326,0.02482820533737685,2.6992263096873117,0.01555109158531769,0.07161929786336449,0.023639893895995797,0.019675792485408378,0.0,0.005456587149166511,5.000448891856012,0.02482820533737685,0.056335176333881326,0.0001,0.0001,0.002778279637949527,0.011033530641043399,0.008529696484970373,0.013618798625429918,0.01684052671430436,0.023941050121607077,0.040581288717930875,0.035392827087662226,0.48419427046209
2007-01-01 02:50:00,1.019220280851544,0.05006356488802548,0.03968462257596458,0.06362338366028959,0.04677547797481409,0.052291743123479575,0.022998731714239492,2.5161241769937304,0.014745730315985693,0.06883589680134602,0.02198060526514132,0.018414244435770208,0.0,0.004950761780013566,5.000422110070528,0.022998731714239492,0.052291743123479575,0.0001,0.0001,0.0025253697425694555,0.010019466440326141,0.007755151344895239,0.012439304691042707,0.015543801750595776,0.022147931695258194,0.037644898726398424,0.03243165946105364,0.4833564269396074
2007-01-01 02:55:00,0.8472029577382273,0.04866803661908755,0.03889199835607604,0.061154464460598544,0.04539358471227516,0.04865823583631991,0.021367005399343053,2.3437588771940536,0.014124141982202153,0.06676103736053439,0.02066593984738682,0.017447221174726645,0.0,0.004518277599452472,5.000397875426119,0.021367005399343053,0.04865823583631991,0.0001,0.0001,0.002309129764638601,0.009130003097425288,0.007069810706752833,0.01139929891508018,0.014400424103996556,0.020555476687150076,0.03501233194208453,0.02983835870816165,0.48344475315793695
2007-01-01 03:00:00,0.6797746523526766,0.04756184620242253,0.03827762582013775,0.059144553072574706,0.04429497872984476,0.04537771201814909,0.01990761114707536,2.1759005354517695,0.013637303517410564,0.0651881413491934,0.01961391183280255,0.016686740783381396,0.0,0.004145100255816116,5.000375862994089,0.01990761114707536,0.04537771201814909,0.0001,0.0001,0.002122542718224213,0.008345019895955375,0.006460408376824489,0.010477060086259371,0.013386781748636167,0.01913598288956564,0.03264241316924199,0.027549388013085263,0.48432508542583796
2007-01-01 03:05:00,0.5129330127623365,0.04667402080643114,0.03779387121459771,0.057497081644214736,0.04341076518969844,0.04240391953982463,0.018598334750317146,2.0084482770303547,0.013250354550411934,0.06397568022276928,0.018764903536544142,0.016083668381513157,0.0,0.003820462690283028,5.000355798985314,0.018598334750317146,0.04240391953982463,0.0001,0.0001,0.0019602252042557667,0.007648434334100784,0.005916108359770078,0.009655025909410142,0.012483513287747883,0.01786584499984656,0.030500911673016162,0.02551556740149863,0.4860659765662999
2007-01-01 03:10:00,0.34282293502867567,0.045953299488289426,0.03740756179253839,0.05613546962251051,0.04269108545348076,0.03969859404389036,0.017419951537920565,1.8375238101123503,0.012938734357011192,0.06302639049512206,0.018072489219447797,0.015600593355667748,0.0,0.003535982590180035,5.0003374512972165,0.017419951537920565,0.03969859404389036,0.0001,0.0001,0.0018179861574606547,0.007027248642657469,0.00542798790093002,0.008918871092987501,0.011674675926883538,0.01672502650296792,0.0285590846242485,0.02369801878353428,0.488606314123841
2007-01-01 03:15:00,0.1851654115570056,0.045362107168802984,0.03709513866472888,0.055001067931166825,0.04209929887205702,0.037229639639508684,0.01635591307580163,1.635537794534808,0.012684804166512367,0.06227228952638074,0.017502109155788346,0.015209565682938408,0.0,0.003285048041996659,5.00032062204762,0.01635591307580163,0.037229639639508684,0.0001,0.0001,0.001692519685674415,0.0064708512323932155,0.004988642363400686,0.008256811826754529,0.01094707759193625,0.015696539256737196,0.0267926110686858,0.022065483288884025,0.4918877077885129
2007-01-01 03:20:00,0.11240058470378574,0.0448725134581897,0.03683956894282255,0.05404882406497338,0.04160809737821792,0.03496984752562326,0.015392009287842552,1.359599322818409,0.012475672748856673,0.061665231556924306,0.017027924837167783,0.014889823597808619,0.0,0.0030623816364728634,5.000305141631259,0.015392009287842552,0.03496984752562326,0.0001,0.0001,0.0015811871312633229,0.005970497907128447,0.004591881406781795,0.007659077235302902,0.010289745069485434,0.014765970383905369,0.02518078245759625,0.02059247724571378,0.49375776281600764
2007-01-01 03:25:00,0.08196466081947185,0.04446348700775569,0.0366283352560853,0.05324383720488135,0.04119686334404381,0.03289595751788103,0.01451604426013532,1.0785173847534741,0.012301769156301077,0.061170643601964836,0.016630387163383397,0.014625867266220432,0.0,0.002863725832098681,5.000290863953477,0.01451604426013532,0.03289595751788103,0.0001,0.0001,0.0014818597580995628,0.005518921629231954,0.004232493682138738,0.007117504460666169,0.009693501691231177,0.013921069851676293,0.023705871415245383,0.019257982999647538,0.4970876324381942
2007-01-01 03:30:00,0.06535580397451994,0.04411900237261109,0.036452101270725186,0.05255883577117327,0.040849845374835214,0.03098796153899722,0.013717548173216357,0.7871484362408858,0.012155886552044094,0.06076329680868038,0.016294527783828856,0.014406022619417352,0.0,0.0026856135090068817,5.000277662673812,0.013717548173216357,0.03098796153899722,0.0001,0.0001,0.0013928040329017676,0.005110038306042952,0.0039060654613649604,0.006625229250630582,0.009150635690048148,0.013151404711607029,0.02235263955139999,0.018044500770884042,0.504069246741691
2007-01-01 03:35:00,0.05493248155986276,0.043826991071877805,0.03630395834372968,0.051972942396809406,0.040555161517073335,0.029230725397206184,0.012988429861004134,0.46602414681520427,0.012032652877359412,0.06042485137826089,0.016009079324456207,0.014221626034515175,0.0,0.0025253947653406483,5.000265443447458,0.012988429861004134,0.029230725397206184,0.0001,0.0001,0.0013126950311869222,0.004739198731840588,0.0036092252908019873,0.006176981402859383,0.008655212020244107,0.012448940312765444,0.021109474955210317,0.016938683237412988,0.509692187247174
2007-01-01 03:40:00,0.04725194804553304,0.04357754792844102,0.03617833341832997,0.05146843315327005,0.04030301210331691,0.027607478662406905,0.012320204321533936,0.12170580542531126,0.011927681902974411,0.06014075414498704,0.015764606965152403,0.01406560877743296,0.0,0.002380547559777684,5.000254098782958,0.012320204321533936,0.027607478662406905,0.0001,0.0001,0.0012402717244538507,0.0044021171050872,0.003338894651051305,0.005767057523371477,0.008200403821319924,0.011805285858258685,0.01996374909936094,0.015927044614954866,0.49469740898753134
2007-01-01 03:45:00,0.04498211070131619,0.043362750487895785,0.03607085419881856,0.05102857085300888,0.04008555084371926,0.02610152023789839,0.011704654984112758,0.014700358809735435,0.01183751831423557,0.059899205884225024,0.015555073795719316,0.013932384472627084,0.0,0.0022487873250107604,5.000243519527336,0.011704654984112758,0.02610152023789839,0.0001,0.0001,0.001174391856933471,0.004094539483730841,0.0030919072804636016,0.005390571618136164,0.007780393337043279,0.011212289694071842,0.018903004226672238,0.014996768936157423,0.33696727892181366
2007-01-01 03:50:00,0.04814660325553567,0.0431769657402566,0.03597844576535353,0.05063420953933723,0.039897196155306264,0.02470409963937418,0.011137089744318217,0.006884980521142287,0.011759710776643666,0.059692586180399854,0.015375259936539864,0.013818116458935801,0.0,0.0021287149674334826,5.000233651680501,0.011137089744318217,0.02470409963937418,0.0001,0.0001,0.0011143558935043983,0.003813492687982034,0.0028659625347700057,0.0050450945777811285,0.007392797009856622,0.010665377696682299,0.01792051938309669,0.014140516873339948,0.1619622092307039
2007-01-01 03:55:00,0.05110327892224842,0.04301539405729132,0.03589850699591544,0.05028370245551677,0.039733172952534236,0.02340516029782356,0.010612499493370741,0.006691233203282309,0.01169217618706446,0.05951550718549357,0.015216214226396138,0.013719511548767499,0.0,0.0020189438986914876,5.000224431288569,0.010612499493370741,0.02340516029782356,0.0001,0.0001,0.0010594705426126892,0.003555966209887629,0.002658711220533405,0.004727591081177707,0.007034631257624824,0.010159779831724336,0.017008761674560446,0.01335053297975719,0.09346115959570787
2007-01-01 04:00:00,0.05334656238385794,0.04287415856656314,0.035828963985700416,0.04997442818298643,0.03958961864326146,0.02219566195802902,0.010126480678274291,0.007083593694103733,0.011633243862273702,0.059363019497288956,0.01507629387486969,0.013633934521192829,0.0,0.0019182795767851701,5.000215800541622,0.010126480678274291,0.02219566195802902,0.0001,0.0001,0.0010091385388603157,0.003319366750019981,0.002468128398618319,0.004435206107700651,0.00670306517872632,0.009691322423464044,0.016161009340976307,0.012619994859846884,0.06766966010096709
2007-01-01 04:05:00,0.05500856453064955,0.04275010866177906,0.035768148101554084,0.049701136103326084,0.03946338819758219,0.021067612987023723,0.00967520601932281,0.007436066110322395,0.011581561883875558,0.05923086739226898,0.014953107104457193,0.013559269597726305,0.0,0.0018256996370205345,5.0002077080843295,0.00967520601932281,0.021067612987023723,0.0001,0.0001,0.0009628487043881251,0.003101474062646048,0.00229247932418275,0.004165375940829108,0.0063955214321822496,0.009256369152581101,0.015371353047157754,0.011942975777060383,0.05722468613056793
2007-01-01 04:10:00,0.05623273445113138,0.04264066569846863,0.03571470542708507,0.04945883898410301,0.039351903020529475,0.020013930676169262,0.009255331547018363,0.007707800931129136,0.011536027908884989,0.05911561632696406,0.014844278351849177,0.013493803503675003,0.0,0.0017403245327825211,5.000200108158934,0.009255331547018363,0.020013930676169262,0.0001,0.0001,0.0009201612694039796,0.0029003752053995413,0.0021302679456312035,0.003915831018161953,0.006109682453597998,0.008851726871057508,0.01463457955605918,0.011314306443296118,0.05262888287037157
2007-01-01 04:15:00,0.0571306087112096,0.04254370517738565,0.03566752920510386,0.0492432542200108,0.03925303515256912,0.01902831787503642,0.008863919942384061,0.00791168180523385,0.01149573675844669,0.05901452579565442,0.014747762101063898,0.013436138319733967,0.0,0.0016613939092929464,5.000192959879111,0.008863919942384061,0.01902831787503642,0.0001,0.0001,0.0008806960593245094,0.002714412207069472,0.001980196022941527,0.0036845742928335312,0.00584347781739325,0.008474575752416058,0.013946071718237363,0.010729458581863582,0.0506382965243891
2007-01-01 04:20:00,0.057786057612068585,0.04245746585207481,0.03562570843751953,0.04905076941039192,0.03916501774269492,0.018105156255260373,0.00849837832629505,0.008062914162686426,0.011459940249869184,0.05892540190822386,0.014661841836864021,0.01338512549803884,0.0,0.0015882474574966323,5.000186226612268,0.00849837832629505,0.018105156255260373,0.0001,0.0001,0.0008441229222296897,0.0025421400848699705,0.0018411304095025116,0.003469851431987081,0.005595063791929533,0.008122415134835137,0.013301724001621551,0.010184447678852848,0.04978959966487897
2007-01-01 04:25:00,0.058261827088889676,0.04238047904426426,0.03558848838778739,0.04887833907234439,0.039086375287900224,0.01723941524964043,0.00815640752511965,0.008174086570345613,0.011428016141600703,0.05884646803607875,0.014585079660524095,0.013339815282491096,0.0,0.0015203092977346734,5.000179875452257,0.00815640752511965,0.01723941524964043,0.0001,0.0001,0.0008101539201687047,0.0023824585204010873,0.0017122422717648078,0.003269965361937466,0.005362472269098362,0.007793012023853407,0.01269787159731095,0.009675752228076817,0.04940686491115011
2007-01-01 04:30:00,0.058604301349527994,0.04231151325937084,0.03555523996963808,0.048723387051743776,0.03901586887063651,0.016426572919685245,0.007835948037702937,0.008255688536982397,0.011399443925606807,0.05877626793332792,0.014516266782423473,0.013299417553465814,0.0,0.0014570751815474094,5.0001738767704875,0.007835948037702937,0.016426572919685245,0.0001,0.0001,0.0007785369304099732,0.002235230550468259,0.0015936319547336097,0.0030829207571514416,0.005142495345239695,0.007484239261998482,0.012131223845585737,0.009200245639135574,0.049204197491310865
2007-01-01 04:35:00,0.05884344898689445,0.04224953048037222,0.035525435828888896,0.0485837251906546,0.03895245286235641,0.015669862048726828,0.0075351153989350085,0.008318536795464553,0.011373785814202675,0.05871359566586568,0.014454382328214515,0.013263271256183432,0.0,0.0013981019068868312,5.000168203826875,0.0075351153989350085,0.015669862048726828,0.0001,0.0001,0.0007490503534325399,0.0020996545370053354,0.0014847060501779197,0.0029080386375426315,0.00493395692149079,0.007194077457825188,0.011602469281797312,0.008751688601137175,0.04906658860122814
2007-01-01 04:40:00,0.059004874519149556,0.042193651441174984,0.03549863151232165,0.0484574871314944,0.03889524046743677,0.01500888400820916,0.007252194997273502,0.008363834577278972,0.011350671696358937,0.058657444283929557,0.014398560097169784,0.013230820350792455,0.0,0.0013429985010157688,5.000162832429097,0.007252194997273502,0.01500888400820916,0.0001,0.0001,0.0007214987040368215,0.001974615903122867,0.0013845333702420248,0.0027448767913256233,0.004736483502938427,0.006920818928847439,0.011130529537922484,0.008348939549478018,0.0489510469300886
2007-01-01 04:45:00,0.05911137453474747,0.042143127859894394,0.03547445053650736,0.04834307454845496,0.03884347612437756,0.014430379355744137,0.00698565186056627,0.008394419120194254,0.01132978715317028,0.05860696722748855,0.014348061815999307,0.013201594757904075,0.0,0.0012914188925714832,5.000157740642084,0.00698565186056627,0.014430379355744137,0.0001,0.0001,0.0006957089472178268,0.001859128426872303,0.0012922897602720695,0.002592796691942567,0.004549573083522773,0.006663019525035452,0.01070800862305532,0.00800024939587729,0.04884335170187498
2007-01-01 04:50:00,0.05917947678876808,0.04209732009824611,0.03545257246626813,0.048239113335332574,0.03879651326714511,0.013906731052329814,0.006734120693006976,0.008414383004389247,0.011310863849640867,0.058561448599779596,0.014302255542409333,0.013175206705038746,0.0,0.0012430557715098847,5.000152908536448,0.006734120693006976,0.013906731052329814,0.0001,0.0001,0.0006715274289615991,0.0017523173813742687,0.0012072441830923708,0.00245107915486642,0.004372664278207594,0.006419433327550905,0.010320420600351099,0.007687720931926378,0.04873915302365122
2007-01-01 04:55:00,0.05922091927431915,0.04205567908507216,0.035432723337236946,0.04814441775277902,0.038753796293450445,0.013422013648989577,0.006496389690951784,0.008426902911738397,0.011293671783288963,0.05852027985318299,0.01426059813864731,0.013151741956350296,0.0,0.0011976354164313322,5.0001483179692805,0.006496389690951784,0.013422013648989577,0.0001,0.0001,0.0006488172893012234,0.0016534043480760374,0.0011287460083622136,0.002318989442869679,0.004205178386428088,0.006188968914784709,0.009959197418652366,0.007400856582080451,0.048637695919152735
2007-01-01 05:00:00,0.0592439964725109,0.04201773160567476,0.03541466791299704,0.04805796095878592,0.03871484588670081,0.012966688212224829,0.006271382083490954,0.00843426350219138,0.011278012994741543,0.05848294123536723,0.014222620975617925,0.013130425412233436,0.0,0.0011549133177365606,5.000143952392653,0.006271382083490954,0.012966688212224829,0.0001,0.0001,0.0006274562738452005,0.0015616944734802019,0.001056214363302388,0.002195812368540828,0.0040465436250087805,0.005970658708974952,0.00961903152517607,0.007133373159376788,0.048539141231974406
2007-01-01 05:05:00,0.05925455165527683,0.04198306827047209,0.035398203390977157,0.047978850677587344,0.03867924702623464,0.012534813944855377,0.006058138175584546,0.008438083231671955,0.01126371643620112,0.05844898686719017,0.014187918212636744,0.013110754352035636,0.0,0.0011146704586726228,5.000139796685843,0.006058138175584546,0.012534813944855377,0.0001,0.0001,0.0006073348747702767,0.0014765657113002817,0.000989129149047585,0.002080870134818724,0.003896208676110291,0.005763636806022987,0.009296472837036163,0.006881337129698295,0.048443612045018195
2007-01-01 05:10:00,0.059256688349872855,0.041951286020642645,0.03538315425696077,0.04790630902766171,0.03864663904276762,0.012122551393123366,0.005855799215341552,0.00843950241208956,0.011250663265737478,0.058418032651024555,0.014156137142139954,0.013092688443740876,0.0,0.0010767101428427735,5.000135837008012,0.005855799215341552,0.012122551393123366,0.0001,0.0001,0.000588354744321623,0.0013974596992056831,0.0009270234303357938,0.0019735303094421397,0.0037536498069812296,0.005567122516708878,0.008989172343603968,0.006642179293180561,0.04835199516127919
2007-01-01 05:15:00,0.05925327743901493,0.04192126231247746,0.035369368057108025,0.04783965572791048,0.03861670743103675,0.011727326340279589,0.00566359345196691,0.008439321146396154,0.011238789047751791,0.05838974641006585,0.014126970200251247,0.013076117490909707,0.0,0.0010408552776762837,5.000132060668453,0.00566359345196691,0.011727326340279589,0.0001,0.0001,0.0005704273363688117,0.001323873982414625,0.0008694769535395608,0.001873208226584211,0.0036183741239028677,0.005380407830898548,0.00869545711475439,0.0064141507676822584,0.04826494798807162
2007-01-01 05:20:00,0.05924631786848327,0.041893175708219606,0.035356711907031116,0.04777829406110817,0.03858917705321473,0.01134734712094692,0.005480824320772152,0.008438098274616676,0.011227761178896185,0.058363839799890065,0.01410014832403582,0.013060907981049126,0.0,0.0010069460398602359,5.000128456012094,0.005480824320772152,0.01134734712094692,0.0001,0.0001,0.0005534727399788608,0.00125535535698873,0.0008161105980661887,0.0017793663243992341,0.0034899205178362536,0.005202847627629126,0.008414083067236788,0.006196011559723047,0.048182839624120545
2007-01-01 05:25:00,0.059237192909806384,0.041867282211797315,0.035345069595569975,0.047721699097410655,0.03856380646490253,0.01098131797899024,0.005306860520960787,0.008436221946662832,0.011217596899164843,0.05834006163949618,0.01407543540747234,0.01304692827612194,0.0,0.0009748378621883976,5.000125012318216,0.005306860520960787,0.01098131797899024,0.0001,0.0001,0.0005374186714687312,0.001191494145928118,0.000766581609923378,0.0016915118773113136,0.0033678592469641444,0.0050338518483386,0.008144086692482233,0.005986846651126143,0.04810576085083173
2007-01-01 05:30:00,0.05922685203136808,0.04184338423061859,0.03533433917140885,0.04766940777778235,0.038540383160385425,0.010628264551471586,0.00514112770580743,0.008433959833380087,0.011208219952629501,0.05831819238530299,0.014052623653613802,0.013034057086270381,0.0,0.0009443996918147529,5.000121719710626,0.00514112770580743,0.010628264551471586,0.0001,0.0001,0.0005221996045873311,0.001131919259478309,0.0007205794881883776,0.0016091939646685205,0.0032517907441160787,0.004872879110052963,0.007884693646701635,0.005785954337397925,0.04803361993755873
2007-01-01 05:35:00,0.059215939839950334,0.04182128930256409,0.03532443092332524,0.047621010532992274,0.03851871957352778,0.010287425215077528,0.004983101514405757,0.008431494787445183,0.011199553986274691,0.05829803953207867,0.014031529665002292,0.013022185474878194,0.0,0.0009155124785946157,5.000118569077866,0.004983101514405757,0.010287425215077528,0.0001,0.0001,0.0005077560149527926,0.0010762939157302753,0.000677822418992946,0.0015320001656391469,0.0031413440059395725,0.00471943139382347,0.007635260946130984,0.005592776706293989,0.047966246429887796
2007-01-01 05:40:00,0.059204887393319916,0.04180082667641321,0.03531526568263263,0.047576144177444546,0.03849864969996213,0.009958182049546268,0.004832301706569656,0.008428950131454269,0.011191531271639656,0.0582794337664214,0.014011991140200204,0.013011216517205468,0.0,0.0008880678591440304,5.000115552002166,0.004832301706569656,0.009958182049546268,0.0001,0.0001,0.0004940337206688128,0.0010243119164670134,0.0006380541772159631,0.0014595532470593753,0.0030361747897131863,0.004573049553982855,0.007395239514949026,0.005406855320529758,0.047903415924998916
2007-01-01 05:45:00,0.05919397678092657,0.04178184489216973,0.03530677339204957,0.04753448586331613,0.03848002623607073,0.009640016152143072,0.004688287199734083,0.008426407563758804,0.011184091783703541,0.0582622257381125,0.013993864075478741,0.01300106420412699,0.0,0.0008619670079838312,5.0001126606960336,0.004688287199734083,0.009640016152143072,0.0001,0.0001,0.00048098330900193107,0.0009756943993579625,0.0006010414199408842,0.0013915079910020722,0.002935963750474002,0.00443330947348386,0.007164149363802608,0.005227802343028998,0.04784486777276944
2007-01-01 05:50:00,0.059183386727561266,0.041764209275791664,0.03529889189290959,0.04749574792015028,0.03846271814533453,0.009332478219825946,0.0045506518428792804,0.008423919815991885,0.011177182193644664,0.05824628333883443,0.013977020383308943,0.012991652194749282,0.0,0.0008371196317605246,5.000109887945616,0.0045506518428792804,0.009332478219825946,0.0001,0.0001,0.0004685596337720199,0.0009301869964701837,0.00056657131801785,0.0013275482380095127,0.002840414601678276,0.004299818728441096,0.006941562767224241,0.00505528132021027,0.047790323677076085
2007-01-01 05:55:00,0.05917322473452524,0.041747799789482676,0.03529156589521945,0.047459673437270866,0.03844660858180847,0.009035168881371618,0.004419020793889995,0.008421519584605,0.011170755005666298,0.058231489399482694,0.013961345861227503,0.012982912629232363,0.0,0.0008134430863871113,5.000107227059928,0.004419020793889995,0.009035168881371618,0.0001,0.0001,0.00045672137276942524,0.0008875573336126763,0.0005344494743440009,0.0012673841664536667,0.002749252346461617,0.004172213671154168,0.0067270926205083015,0.004888994145062497,0.04773950226078222
2007-01-01 06:00:00,0.05916354967891568,0.041732509193877,0.035284746099437485,0.04742603247081214,0.03843159311369236,0.008747725363155602,0.004293047393233468,0.008419225818437898,0.01116476781819613,0.05821773973485274,0.013946738452831786,0.012974785066901954,0.0,0.000790861600100018,5.00010467182533,0.004293047393233468,0.008747725363155602,0.0001,0.0001,0.0004454306405375974,0.0008475928334519267,0.000504498089981098,0.00121074982303071,0.00266222160723828,0.004050156855782916,0.006520384206737617,0.004728672032342729,0.047692128748563115
2007-01-01 06:05:00,0.05915438765633154,0.041718241469123646,0.03527838844497262,0.04739461877677313,0.0384175781973238,0.008469812335516285,0.004172410447926803,0.008417048133927178,0.011159182691518372,0.05820494147825758,0.013933106754015429,0.012967215559438404,0.0,0.0007693055880323863,5.000102216464599,0.004172410447926803,0.008469812335516285,0.0001,0.0001,0.00043465264424303316,0.000810098769875367,0.0004765543432085906,0.0011574008867683006,0.0025790850651219444,0.003933334755402029,0.006321109265968516,0.004574069169052564,0.047647940786857815
2007-01-01 06:10:00,0.05914574304488934,0.04170491045704944,0.03527245346524422,0.04736524699112725,0.03840447986305992,0.008201115558702425,0.004056811856931963,0.008414989904246068,0.011153965604260163,0.05819301165688559,0.01392036872718122,0.012960155847596027,0.0,0.0007487110459730916,5.000099796881289,0.004056811856931963,0.008201115558702425,0.0001,0.0001,0.00042435538251884284,0.0007748307050405856,0.0004505839163533892,0.0011070451255363878,0.002499620312278239,0.003821455707111454,0.0061289616271551495,0.004424958157756009,0.04760669160515626
2007-01-01 06:15:00,0.05913760619467626,0.04169243868888241,0.03526690573279326,0.04733775018755005,0.038392222580854396,0.0079413374251169,0.003945974474873826,0.008413050411781479,0.011149085984485066,0.05818187597058461,0.013908450590778651,0.012953562669272733,0.0,0.0007290190108500689,5.000099159358733,0.003945974474873826,0.0079413374251169,0.0001,0.0001,0.0004145093734121474,0.0007413694922888681,0.0004268601188767207,0.0010591841228233534,0.0024235844567783715,0.0037142469991522375,0.005943653915323921,0.004281126700220739,0.047568151440784266
2007-01-01 06:20:00,0.05912995873820623,0.04168075637010633,0.03526171338011312,0.04731197775738172,0.03838073827797211,0.007690193750905699,0.0038396399428045538,0.00841122633992688,0.011144516304598336,0.05817146774049156,0.01389728585727492,0.012947397160150054,0.0,0.0007101882262004897,5.000099159358733,0.0038396399428045538,0.007690193750905699,0.0001,0.0001,0.0004050938503167345,0.0007098881950469149,0.0004047943447301805,0.0010139235179167372,0.002350761312186478,0.003611451455867609,0.005764914857877557,0.004142375105857354,0.04753210785936994
2007-01-01 06:25:00,0.05912277722772539,0.04166980049981271,0.035256847684741174,0.04728779356518741,0.03836996548507873,0.007447411393287187,0.003737566930789025,0.00840951279911397,0.011140231729111298,0.05816172700325271,0.013886814498199507,0.0129416243364447,0.0,0.0006924187677118886,5.000099159358733,0.003737566930789025,0.007447411393287187,0.0001,0.0001,0.0003962090102175353,0.0006803001115258667,0.00038409110130833144,0.0009710238949764971,0.0022809791211102493,0.0035128291727914984,0.005592487219246323,0.004008514370752891,0.04749836538945031
2007-01-01 06:30:00,0.05911603559916889,0.04165951410409674,0.03525228270949517,0.04726507433946778,0.038359848594363456,0.00721272657260119,0.00363952988581726,0.008407904025764641,0.011136209810226793,0.058152599725610946,0.013876982216739647,0.012936212645582996,0.0,0.0006758473990999901,5.000099159358733,0.00363952988581726,0.00721272657260119,0.0001,0.0001,0.0003879233579607899,0.0006524898467432649,0.0003645664887824751,0.0009302300156832644,0.0022140551897109617,0.003418156017687579,0.005426126332622516,0.0038793647290731315,0.047466744757031554
2007-01-01 06:35:00,0.059109706816156175,0.04164984556787268,0.0352479949885118,0.047243708265482104,0.03835033721052266,0.0069858837004056415,0.0035453177280760965,0.008406393853486745,0.011132430220731921,0.058144037124436526,0.01386773981401914,0.012931133575985658,0.0,0.0006603784926336705,5.000099159358733,0.0035453177280760965,0.0069858837004056415,0.0001,0.0001,0.0003801889338445108,0.0006263501725243259,0.00034616123867981516,0.0008914162574455986,0.0021498181914694214,0.003327221479025866,0.005265598864070853,0.003754754556894113,0.0474370818932439
2007-01-01 06:40:00,0.059103763943444514,0.04164074805004849,0.03524396325446163,0.047223593752372416,0.03834138558498004,0.006766634524391047,0.003454732662458827,0.008404976023562095,0.01112887452210313,0.05813599507399167,0.013859042633341905,0.012926361317325236,0.0,0.0006459180234206388,5.000099159358733,0.003454732662458827,0.006766634524391047,0.0001,0.0001,0.00037295872563281594,0.000601779682256165,0.00032882095662334907,0.000854473272170253,0.002088114578555178,0.0032398280648067157,0.005110681789574301,0.003634519507386358,0.047409226837867295
2007-01-01 06:45:00,0.05909818082615589,0.04163217897108718,0.035240168198988196,0.04720463834993955,0.038332952117593466,0.006554737515749087,0.003367589182676739,0.008403644384961238,0.011125525960354932,0.05812843359009006,0.013850850074525939,0.012921872463414417,0.0,0.0006323805664516912,5.000099159358733,0.003367589182676739,0.006554737515749087,0.0001,0.0001,0.00036619002118077335,0.0005786825943232543,0.000312492573142481,0.0008193016608402104,0.002028805775125875,0.0031557907758497095,0.004961161591609198,0.0035185018296033377,0.04738304261911836
2007-01-01 06:50:00,0.0590929324982523,0.04162409956315777,0.03523659226343261,0.04718675779572282,0.038324998920687366,0.006349957448299611,0.003283713210934045,0.00840239301910965,0.011122369287279828,0.05812131637813667,0.013843125165865026,0.012917645751893187,0.0,0.0006196884942544645,5.000099159358733,0.003283713210934045,0.006349957448299611,0.0001,0.0001,0.00035984400689249017,0.0005569685175714767,0.0002971245106789866,0.0007858100359499076,0.001971765868120201,0.0030749364703979154,0.004816833617951488,0.003406549831652228,0.047358404151774475
2007-01-01 06:55:00,0.05908799540723227,0.04161647447381363,0.03523321945447081,0.04716987517381439,0.03831749143383701,0.006152065121109235,0.0032029413303746052,0.008401216311140961,0.011119390603358176,0.05811461043760104,0.013835834187833152,0.012913661836924904,0.0,0.0006077712476407783,5.000099159358733,0.0032029413303746052,0.006152065121109235,0.0001,0.0001,0.0003538854034684846,0.0005365522151805635,0.00028266681171207895,0.0007539136040577432,0.0019168797512065794,0.0029971031697186845,0.004677501559626762,0.0032985174610757895,0.04733519718628537
2007-01-01 07:00:00,0.05908334751548473,0.04160927141679703,0.03523003518173184,0.0471539201723035,0.038310398084725666,0.005960837183060914,0.0031251200844219207,0.008400108987105932,0.011116577219681047,0.05810828571492496,0.01382894634084311,0.012909903087721847,0.0,0.0005965646734938921,5.000099159358733,0.0031251200844219207,0.005960837183060914,0.0001,0.0001,0.0003482821343948672,0.0005173533687639065,0.0002690712343690393,0.0007235331227093411,0.0018640416245716551,0.002922139346082986,0.004542977013102245,0.0031942639686803886,0.047313317324362676
2007-01-01 07:05:00,0.05907896832090741,0.041602460862685785,0.0352270261150437,0.047138828425075614,0.03830368998886936,0.005776056025814856,0.0030501053277223805,0.008399066127253534,0.011113917534049998,0.05810231479702051,0.013822433451668064,0.012906353412444511,0.0,0.0005860104239327208,5.000099159358733,0.0030501053277223805,0.005776056025814856,0.0001,0.0001,0.000343005025923776,0.0004992963439462983,0.00025629131802252234,0.0006945941228195807,0.0018131537692624988,0.0028499032167701444,0.0044130791008001324,0.003093653636710769,0.047292669106814095
2007-01-01 07:10:00,0.05907483882575036,0.041596015765780064,0.03522418005763798,0.04712454092846981,0.03829734068348277,0.005597509719332148,0.0029777616194966118,0.008398083164485343,0.011111400924139743,0.05809667264184414,0.013816269713141333,0.012902998101686427,0.0,0.0005760554115291547,5.000099159358733,0.0029777616194966118,0.005597509719332148,0.0001,0.0001,0.0003380275347934003,0.0004823099615123283,0.00024428242671892806,0.0006670263268233612,0.0017641255374201137,0.0027802620550119173,0.004287634137540408,0.0029965555536364263,0.0472731651809512
2007-01-01 07:15:00,0.05907094147353572,0.041589911320719646,0.035221485834154014,0.04711100352256119,0.038291325891678114,0.005424991970989338,0.0029079616539956638,0.008397155872830395,0.011109017650487546,0.05809133633957415,0.013810431453301703,0.012899823690885114,0.0,0.0005666513156702347,5.000099159358733,0.0029079616539956638,0.005424991970989338,0.0001,0.0001,0.000333325500618048,0.0004663272702600807,0.00023300176964203274,0.0006407632014315823,0.0017168725153169362,0.0027130915367479247,0.00416647532404113,0.002902843422816659,0.04725472553684707
2007-01-01 07:20:00,0.05906726006836863,0.04158412474715606,0.03521893319127411,0.047098166428987925,0.038285623312389765,0.0052583020948752226,0.00284058572488749,0.008396280350831578,0.011106758771191537,0.05808628490154024,0.013804896930174965,0.01289681783716179,0.0,0.0005577541354817182,5.000099159358733,0.00284058572488749,0.0052583020948752226,0.0001,0.0001,0.00032887692283457,0.0004512853296319008,0.00022240840679733082,0.0006157416154337625,0.001671315822932229,0.0026482751201228893,0.004049442464065578,0.002812395391629252,0.04723727682009603
2007-01-01 07:25:00,0.05906377968511596,0.041578635097368845,0.03521651270880364,0.04708598383941902,0.0382802124330678,0.005097244981983273,0.0027755212215953094,0.008395453001606022,0.011104616066321429,0.05808149907273631,0.013799646148086946,0.012893969211001425,0.0,0.0005493237850886488,5.000099159358733,0.0027755212215953094,0.005097244981983273,0.0001,0.0001,0.0003246617590219103,0.00043712499871162436,0.0002124632396897141,0.0005919015670770023,0.0016273815232352717,0.002585703466365885,0.003936381698053992,0.0027250938998122365,0.04722075170608529
2007-01-01 07:30:00,0.059060486576821274,0.04157342308449429,0.03521421572127319,0.04707441354760115,0.03827507436339321,0.004941631065279645,0.0027126621562034593,0.008394670511637455,0.011102581969378194,0.058076961165179034,0.013794660695531112,0.01289126739955652,0.0,0.0005413237273534065,5.000099159358733,0.0027126621562034593,0.004941631065279645,0.0001,0.0001,0.0003206617402736811,0.0004237907282913511,0.00020312898801767005,0.0005691859638545793,0.0015850001245780732,0.002525273901824221,0.003827145247896624,0.002640825536673219,0.0472050883393625
2007-01-01 07:35:00,0.05905736808318533,0.04156847092963812,0.03521203424729619,0.04706341661988431,0.03827019168506798,0.004791276276491939,0.0026519087197296514,0.008393929829385364,0.011100649507453346,0.05807265490915301,0.013789923598273725,0.012888702819973244,0.0,0.0005337206425097894,5.000099159358733,0.0026519087197296514,0.004791276276491939,0.0001,0.0001,0.00031686020737543006,0.0004112303676038209,0.00019437016022839088,0.0005475404419712504,0.00154410615073175,0.002466889918309789,0.003721591175690264,0.0025594809084168446,0.04719022982575926
2007-01-01 07:40:00,0.05905441254260847,0.04156376222446602,0.03520996092666743,0.04705295710024601,0.038265548319369624,0.004646001992752958,0.0025931668666606352,0.00839322814426393,0.011098812247171358,0.058068565320999646,0.01378541918971284,0.012886266642533513,0.0,0.0005264841284329349,5.000099159358733,0.0025931668666606352,0.004646001992752958,0.0001,0.0001,0.00031324195903271177,0.00039939497185059736,0.0001861530128178856,0.0005269132116154651,0.0015046377751559703,0.0024104607128947464,0.0036195831467011885,0.0024809545079733653,0.04717612377690525
2007-01-01 07:45:00,0.05905160920897231,0.041559281807918826,0.03520798896429521,0.04704300174549751,0.038261129406097515,0.004505634972370661,0.002536347926777309,0.008392562867289663,0.011097064244967585,0.05806467858471631,0.013781132992301211,0.012883950721860521,0.0,0.0005195864295827032,5.000099159358733,0.002536347926777309,0.004505634972370661,0.0001,0.0001,0.0003097931173795587,0.0003882386236000457,0.000178445506220487,0.0005072549253100078,0.001466536504835858,0.002355900764996477,0.0035209902048336517,0.0024051445924442305,0.047162721901071236
2007-01-01 07:50:00,0.059048948174063524,0.04155501565661941,0.035206112079390034,0.047033519787104655,0.03825692119670032,0.004370007280185419,0.0024813682429804815,0.008391931611980022,0.011095400004730999,0.05806098194579838,0.013777051613811226,0.012881747534851619,0.0,0.0005130021918771585,5.000099159358733,0.0024813682429804815,0.004370007280185419,0.0001,0.0001,0.00030650100565144387,0.000377718258960158,0.00017121725330871413,0.0004885185570628892,0.0014297469015218667,0.0023031294472275476,0.0034256865543511594,0.0023319530606613625,0.047149979630997076
2007-01-01 07:55:00,0.05904642029588729,0.041550950784404767,0.03520432446014189,0.047024482716718614,0.03825291095732833,0.00423895620316352,0.0024281488339483984,0.008391332177408835,0.011093814438130054,0.05805746361628275,0.013773162651648636,0.012879650125605989,0.0,0.0005067082410382445,5.000099159358733,0.0024281488339483984,0.00423895620316352,0.0001,0.0001,0.0003033540369995535,0.00036779350239157793,0.00016443946539202443,0.0004706592964112133,0.0013942163435558541,0.0022520706691011583,0.00333355134807789,0.0022612853347254713,0.04713785579497344
2007-01-01 08:00:00,0.05904401713266216,0.041547075153762256,0.03520262072312963,0.047015864092963426,0.03824908688139651,0.004112324157470376,0.002376615080374126,0.008390762532032437,0.011092302829340045,0.058054112689317754,0.013769454608399623,0.012877652055463784,0.0,0.0005006833821537039,5.000099159358733,0.002376615080374126,0.004112324157470376,0.0001,0.0001,0.0003003416134231884,0.0003584265095923911,0.0001580848961692027,0.000453634448149387,0.0013598948103208386,0.002202652548817241,0.0032444684838992544,0.0021930502447276012,0.047126312314571636
2007-01-01 08:05:00,0.05904173088264482,0.04154337759481263,0.03520099587618506,0.04700763936699217,0.038245438011171404,0.003989958588044309,0.0023266964334247853,0.008390220799198668,0.011090860803570824,0.05805091906252989,0.013765916814073425,0.01287574735807001,0.0,0.000494908218406627,5.000099159358733,0.0023266964334247853,0.003989958588044309,0.0001,0.0001,0.0002974540370940304,0.0003495818193641753,0.00015212778227014496,0.0004374033406975286,0.001326734696931453,0.00215480711597138,0.0031583264105847775,0.0021271599141527986,0.04711531393763385
2007-01-01 08:10:00,0.05903955432909763,0.04153984773204229,0.03519944528561355,0.046999785724894994,0.0382419541661905,0.003871711862048758,0.002278326144150242,0.008389705243896223,0.011089484297489332,0.05804787336852728,0.013762539357327436,0.01287393049921121,0.0,0.000489364987131763,5.000099159358733,0.002278326144150242,0.003871711862048758,0.0001,0.0001,0.0002946824264552561,0.00034122621048027213,0.00014654378402501606,0.00042192723719836067,0.0012946906452953044,0.002108470034613674,0.003075017936680524,0.0020635296491491317,0.047104827992057376
2007-01-01 08:15:00,0.05903748079020017,0.0415364759191825,0.03519796464569119,0.04699228194454119,0.03823862587933352,0.003757441157122627,0.002231441012555897,0.008389214260394668,0.011088169534617031,0.05804496691302805,0.013759313022372002,0.012872196340021944,0.0,0.0004840374115056154,5.000099159358733,0.002231441012555897,0.003757441157122627,0.0001,0.0001,0.0002920186433482741,0.0003333285685584997,0.00014130992521022562,0.0004071692522984449,0.0012637193950695291,0.0020635803537061292,0.002994440051224956,0.002002077829160953,0.04709482416858599
2007-01-01 08:20:00,0.05903550407360393,0.041533253178842586,0.03519654995201402,0.04698510826622208,0.03823544433853847,0.003647008346148332,0.0021859811549569497,0.008388746361511447,0.011086913000507077,0.05804219161798131,0.01375622923228299,0.012870540104431446,0.0,0.00047891056635730636,5.000099159358733,0.0021859811549569497,0.003647008346148332,0.0001,0.0001,0.00028945522491430895,0.0003258597573676525,0.00013640453245334356,0.0003930942725673958,0.001233779651443001,0.002020080277134184,0.002916493749012261,0.0019427258004043324,0.047085274318922093
2007-01-01 08:25:00,0.0590336184352909,0.04153017114872629,0.03519519747680068,0.04697824627550238,0.03823240133366225,0.0035402798790227603,0.0021418897884652975,0.008388300168275634,0.011085711422537992,0.05803953997073395,0.013753279996760293,0.012868957348924535,0.0,0.0004739707567236208,5.000099159358733,0.0021418897884652975,0.0035402798790227603,0.0001,0.0001,0.0002869853240224984,0.0003187925008205639,0.00013180717679806548,0.0003796688790771441,0.0012048319616724257,0.001977914950316517,0.0028410838631316437,0.001885397773207842,0.04707615228010022
2007-01-01 08:30:00,0.059031818541921716,0.04152722203233811,0.035193903746516486,0.04697167879634673,0.03822948920903241,0.003437126662703679,0.0020991130313027986,0.008387874401080336,0.011084561749206447,0.05803700497799516,0.013750457865964575,0.012867443935969879,0.0,0.0004692054079088739,5.000099159358733,0.0020991130313027986,0.003437126662703679,0.0001,0.0001,0.00028460265322228227,0.00031210126667247096,0.0001274986134501887,0.00036686127270968427,0.0011768386075345916,0.0019370322683016639,0.0027681189066015577,0.0018300207208312713,0.04706743370742208
2007-01-01 08:35:00,0.05903009943685615,0.041524398554329364,0.03519266552155351,0.046965389793946336,0.03822670081902062,0.003337423940132516,0.0020575997179145167,0.008387467871221159,0.011083461134413547,0.0580345801240401,0.01374775588787874,0.01286599600882488,0.0,0.0004646029659232752,5.000099159358733,0.0020575997179145167,0.003337423940132516,0.0001,0.0001,0.0002823014355170017,0.00030576216090594244,0.00012346072538894077,0.0003546412033301749,0.0011497635049408927,0.0018973826978481156,0.0026975109178692946,0.0017765242798759573,0.04705909592968454
2007-01-01 08:40:00,0.059028456509355495,0.04152169392012781,0.035191479778104655,0.04695936428628504,0.038224029489299,0.003241051169018445,0.0020173012276478684,0.008387079473409728,0.011082406919840655,0.058032259331988786,0.01374516756876841,0.01286460996966618,0.0,0.00046015280729264546,5.000099159358733,0.0020173012276478684,0.003241051169018445,0.0001,0.0001,0.00028007635923022465,0.00029975282518535096,0.00011967646595512633,0.00034297989952847274,0.0011235721127604847,0.0018589191121236581,0.002629175315746579,0.0017248406580847586,0.04705111781420418
2007-01-01 08:45:00,0.059026885466521684,0.04151910177848528,0.03519034369109799,0.046953588263633,0.03822146897963592,0.0031478919007801856,0.0019781713261090086,0.008386708179261454,0.01108139662143056,0.058030036930209486,0.013742686838901112,0.012863282459720056,0.0,0.0004558451573102581,5.000099159358733,0.0019781713261090086,0.0031478919007801856,0.0001,0.0001,0.00027792253707848433,0.0002940523421557373,0.00011612980507725296,0.0003318500025670801,0.0010982313500562668,0.001821596641434553,0.002563030758324203,0.001674904539072486,0.04704347964472679
2007-01-01 08:50:00,0.059025382307637334,0.041516616187754346,0.03518925461913923,0.046948048614960616,0.038219013451690334,0.0030578336604673143,0.0019401660180963125,0.008386353030663441,0.011080427915371092,0.05802790762018541,0.01374030801940426,0.012862010339881335,0.0,0.0004516710159398911,5.000099159358733,0.0019401660180963125,0.0030578336604673143,0.0001,0.0001,0.0002758354689956832,0.00028864114494808746,0.00011280567595240427,0.0003212255018070209,0.0010737095195736401,0.0017853725349823435,0.0024989990107542326,0.0016266529954691578,0.04703616301074215
2007-01-01 08:55:00,0.05902394330118639,0.041514231585287165,0.03518821009056629,0.04694273306057309,0.038216657438226824,0.0029707678278510317,0.0019032434113050703,0.008386013134341883,0.011079498626366455,0.05802586644783112,0.013738025793712486,0.012860790674073468,0.0,0.0004476220905833746,5.000099159358733,0.0019032434113050703,0.0029707678278510317,0.0001,0.0001,0.00027381100870916273,0.00028350093248263875,0.00010968992377347603,0.00031108167138427234,0.001049976234753558,0.001750206031374546,0.0024370048173523173,0.0015800254016085091,0.04702915070645983
2007-01-01 09:00:00,0.0590225649635958,0.041511942759278955,0.03518720779056624,0.0469376300906206,0.03821439581600575,0.0028865895201899473,0.0018673635899200333,0.00838568765691953,0.01107860671698473,0.0580239087777845,0.0137358351797059,0.012859620714831233,0.0,0.0004436907350842839,5.000099159358733,0.0018673635899200333,0.0028865895201899473,0.0001,0.0001,0.000271845333157944,0.00027861458954703266,0.00010676925638908869,0.0003013950122294773,0.0010270023583416332,0.001716058241754581,0.0023769757779064093,0.0015349633496271053,0.04702242663887959
2007-01-01 09:05:00,0.059021244040097544,0.041509744822404784,0.03518624554975529,0.04693272890900693,0.038212223780295984,0.002805197476862504,0.0018324884973307367,0.008385375819962678,0.011077750276219114,0.0580220302688884,0.013733731505826637,0.012858497888248489,0.0,0.00043986989433945645,5.000099159358733,0.0018324884973307367,0.002805197476862504,0.0001,0.0001,0.00026993491475313933,0.00027396611153562844,0.00010403119678248913,0.0002921431915865469,0.0010047599361087123,0.0016828920398666014,0.0023188422342173,0.0014914105694288082,0.04701597574321899
2007-01-01 09:10:00,0.05901997748708115,0.0415076331886604,0.03518532133321503,0.04692801938126612,0.03821013682181086,0.0027264939461644527,0.001798581827235448,0.00838507689607484,0.011076927511788265,0.05802022685290231,0.013731710388036994,0.012857419781193983,0.0,0.0004361530539806444,5.000099159358733,0.001798581827235448,0.0027264939461644527,0.0001,0.0001,0.00026807649648053487,0.0002695405347594715,0.00010146403827893664,0.00028330498992090725,0.00098322214489599,0.001650671962238448,0.0022625371576623365,0.0014493128516051001,0.04700978390771979
2007-01-01 09:15:00,0.05901876245612107,0.041505603551806845,0.035184433231047994,0.04692349198753666,0.038208130705463444,0.002650384565500458,0.0017656086289878933,0.008384790204551653,0.011076136740582096,0.05801849471411113,0.013729767709508497,0.012856384129853541,0.0,0.00043252791298830186,5.000099159358733,0.0017656086289878933,0.002650384565500458,0.0001,0.0001,0.0002662639416383172,0.000266265298061262,0.00010000135642294481,0.0002741535976534578,0.0009606949529370468,0.0016193468873098027,0.002207995891808423,0.0014086179664900556,0.04700383789999539
2007-01-01 09:20:00,0.059017596279397316,0.04150365186494637,0.03518357944935542,0.04691913777920079,0.03820620145061098,0.0025767778371334625,0.001733530421898733,0.008384515108111428,0.011075376381043132,0.0580168302709971,0.01372789960111033,0.012855388809190287,0.0,0.00042895258497730837,5.000099159358733,0.001733530421898733,0.0025767778371334625,0.0001,0.0001,0.00026447629160320505,0.00026503763285745663,0.0001005613412542516,0.0002636996298406302,0.0009351533077506247,0.0015887800984728528,0.002155153448939018,0.001369275372667289,0.04699812530656909
2007-01-01 09:25:00,0.059016476456206696,0.041501774322500455,0.035182758301732474,0.04691494833851284,0.03820434531405241,0.002505583569278295,0.0017023018141058698,0.008384251009793203,0.011074644946269223,0.05801523015987568,0.01372610242487015,0.012854431822399016,0.0,0.000425390017557531,5.000099159358733,0.0017023018141058698,0.002505583569278295,0.0001,0.0001,0.00026269500848575265,0.0002649465783406413,0.00010225156985488865,0.00025300303173025895,0.0009084515550057404,0.001558850875767348,0.002103942036001172,0.0013312353718220038,0.04699263447102601
2007-01-01 09:30:00,0.05901540064077826,0.041499967343675226,0.03518196820229617,0.04691091574191651,0.03820255877234747,0.0024367119172497265,0.0016718766027275422,0.008383997349807597,0.011073941036943261,0.05801369121863677,0.013724372756652147,0.012853511292423576,0.0,0.0004218283019025253,5.000099159358733,0.0016718766027275422,0.0024367119172497265,0.0001,0.0001,0.000260914150784447,0.00026491101073133905,0.00010399685994689207,0.00024341607900169038,0.0008830134928530242,0.0015295324568569413,0.0020542936279071,0.0012944485824846197,0.04698735444124974
2007-01-01 09:35:00,0.059014366631052695,0.04149822755646516,0.03518120765774904,0.04690703252629409,0.03820083850761384,0.002370074106361328,0.0016422146980211373,0.0083837536027725,0.011073263336179317,0.058012210473689305,0.013722707372577473,0.01285262545302938,0.0,0.00041826738357503583,5.000099159358733,0.0016422146980211373,0.002370074106361328,0.0001,0.0001,0.00025913369155550756,0.00026487544118936057,0.00010574174963385303,0.00023485667759359785,0.000858845631796612,0.0015008379398295801,0.002006143792527837,0.0012588663165615799,0.04698227492032003
2007-01-01 09:40:00,0.05901337235835721,0.04149655178358405,0.035180475262180044,0.04690329165754173,0.03819918139289391,0.0023055836981461762,0.0016132820069799216,0.008383519275327038,0.011072610602509038,0.05801078512552589,0.013721103234554019,0.012851772641686863,0.0,0.0004147072625567212,5.000099159358733,0.0016132820069799216,0.0023055836981461762,0.0001,0.0001,0.00025735363113999485,0.00026483986880521115,0.00010748623766521632,0.00022719881644661655,0.0008358464830280354,0.0014727747992537843,0.001959432263902272,0.0012244412450854725,0.046977386217680786
2007-01-01 09:45:00,0.05901241587793372,0.04149493702971963,0.035179769690263235,0.046899686501862825,0.03819758447994532,0.002243157421823019,0.0015850491273023406,0.008383293903919274,0.011071981666042867,0.05800941253799163,0.013719557478232777,0.012850951291938358,0.0,0.0004111479388456101,5.000099159358733,0.0015850491273023406,0.002243157421823019,0.0001,0.0001,0.0002555739693105352,0.0002648042930104566,0.00010923032369992142,0.00022033567756807315,0.0008139266996067818,0.0014453458048819812,0.0019141027058822147,0.0011911278345451137,0.04697267921141367
2007-01-01 09:50:00,0.05901149536028856,0.04149338046862184,0.03517908969215491,0.046896210799176566,0.03819604498675038,0.0021827156293359705,0.0015574903317475354,0.008383077052682117,0.011071375423243771,0.05800809022648035,0.013718067401050058,0.012850159927372663,0.0,0.0004075894124558724,5.000099159358733,0.0015574903317475354,0.0021827156293359705,0.0001,0.0001,0.00025379470595344176,0.0002647687127819154,0.00011097400682847364,0.0002141761777920692,0.0007930070996735594,0.0014185499936729684,0.0018701024307574698,0.0011588825805119995,0.04696814530586131
2007-01-01 09:55:00,0.05901060908310447,0.0414918794325836,0.03517843408869058,0.04689285863831882,0.03819456028672611,0.0021241824909539317,0.0015305827791859817,0.00838286831114034,0.011070790832027042,0.05800681584777341,0.01371663045191879,0.012849397155391483,0.0,0.000404031683415088,5.000099159358733,0.0015305827791859817,0.0021241824909539317,0.0001,0.0001,0.00025201584140977504,0.00026473312800590065,0.00011271728659612563,0.0002086422266529553,0.0007730170897275457,0.0013923834414981684,0.0018273821031016269,0.0011276641034783097,0.0469637763986952
2007-01-01 10:00:00,0.05900975542400727,0.04149043140187942,0.03517780176619098,0.046889624434445124,0.03819312789860038,0.002067486015797185,0.001504305901643254,0.008382667292990495,0.011070226908594842,0.05800558719105004,0.013715244221002922,0.012848661661466795,0.0,0.00040047475176250777,5.000099159358733,0.001504305901643254,0.002067486015797185,0.0001,0.0001,0.00025023737567953506,0.0002646975383413519,0.00011446016266181686,0.00020366652961456566,0.0007538933884916332,0.0013668398772779256,0.0017858954433904728,0.0010974331526085734,0.0469595648443743
2007-01-01 10:05:00,0.05900893285375012,0.0414890339947256,0.03517719167249861,0.04688650290800452,0.03819174547713608,0.0020125579581235778,0.0014786409281469634,0.008382473634252721,0.01106968272318198,0.05800440216861775,0.013713906430557163,0.01284795220425933,0.0,0.000396918617548206,5.000099159358733,0.0014786409281469634,0.0020125579581235778,0.0001,0.0001,0.0002484593085353481,0.00026466194265140075,0.00011620263411605265,0.00019919081819352868,0.0007355789928169543,0.001341911180588795,0.001745598944125959,0.0010681525475320086,0.0469555034293977
2007-01-01 10:10:00,0.05900813992986614,0.041487684958965314,0.035176602813087814,0.0468834890652759,0.038190410804294125,0.001959333652621466,0.0014535705151645362,0.008382286991631434,0.011069157396548193,0.058003258808110386,0.013712614926741308,0.012847267610709631,0.0,0.0003933632808310257,5.000099159358733,0.0014535705151645362,0.001959333652621466,0.0001,0.0001,0.0002466816400909011,0.00026462634104973404,0.00011794470095883298,0.00019516441318501165,0.0007180223220757398,0.0013175877776347988,0.0017064516000573349,0.0010397870839824463,0.04695158533732849
2007-01-01 10:15:00,0.05900737529097619,0.04148638216401557,0.035176034247343155,0.04688057818002292,0.03818912178102464,0.0019077518093975304,0.0014290784601717775,0.008382107041305757,0.011068650096650574,0.05800215524517998,0.013711367671623672,0.012846606771764104,0.0,0.0003898087416782035,5.000099159358733,0.0014290784601717775,0.0019077518093975304,0.0001,0.0001,0.0002449043705735676,0.0002645907330816044,0.00011968636250803683,0.00019154305005031347,0.0007011765151219151,0.0012938589703708203,0.0016684146656871235,0.0010123034187472513,0.04694780412822563
2007-01-01 10:20:00,0.05900663765140823,0.04148512359216702,0.03517548508474077,0.0468777657769711,0.0381878764199155,0.0018577542897563297,0.0014051494800452222,0.008381933477389997,0.01106816003630014,0.0580010897163251,0.013710162735638099,0.012845968638234525,0.0,0.0003862550001651404,5.000099159358733,0.0014051494800452222,0.0018577542897563297,0.0001,0.0001,0.00024312749986966082,0.0002645551182922645,0.0001214276184226037,0.00018828791382929921,0.0006849988395742912,0.0012707131991192,0.001631451429830122,0.0009856699442707395,0.0469441537117603
2007-01-01 10:25:00,0.059005925796350236,0.04148390733272775,0.03517495448248499,0.0468750476160993,0.03818667283850635,0.0018092858773050813,0.0013817690401107033,0.008381766011133392,0.01106768646922178,0.058000060552750594,0.013708998290892236,0.012845352216937049,0.0,0.000382702056374955,5.000099159358733,0.0013817690401107033,0.0018092858773050813,0.0001,0.0001,0.0002413510279791808,0.00026451949668171437,0.00012316846870253357,0.00018536484071773884,0.0006694501967103861,0.0012481382617579584,0.001595527017002496,0.0009598566614386073,0.04694062832643841
2007-01-01 10:30:00,0.05900523857717248,0.04148273157480865,0.03517444164178862,0.04687241967836483,0.03818550925213528,0.0017622940539142188,0.0013589232226547312,0.00838160436952317,0.011067228689071595,0.057999066174126736,0.013707872605580469,0.012844756567479049,0.0,0.00037914991039489127,5.000099159358733,0.0013589232226547312,0.0017622940539142188,0.0001,0.0001,0.00023957495501581433,0.00026448386768151977,0.00012490891266570543,0.0001827436539088012,0.0006544947015072466,0.0012261214906175155,0.0015606082093881923,0.0009348350556592777,0.0469372225168914
2007-01-01 10:35:00,0.059004574907208125,0.04148159460125117,0.03517394580566479,0.04686987815201145,0.03818438396875559,0.0017167287866005406,0.0013365986262116687,0.008381448294252945,0.011066786025650647,0.05799810508327695,0.013706784036916492,0.012844180798452948,0.0,0.00037559856231941634,5.000099159358733,0.0013365986262116687,0.0017167287866005406,0.0001,0.0001,0.0002377992808658746,0.00026444823106430704,0.00012664895019843243,0.00018039761016552802,0.0006400993260058385,0.00120464990027358,0.001526663290178476,0.0009105779802212055,0.046933931117004626
2007-01-01 10:40:00,0.0590039337579357,0.041480494783078456,0.035173466255974256,0.04686741942004082,0.038183295382858,0.0016725423287961918,0.0013147822887857067,0.00838129754108226,0.01106635784321134,0.057997175861243914,0.01370573102679552,0.012843624064887631,0.0,0.00037204801224671605,5.000099159358733,0.0013147822887857067,0.0016725423287961918,0.0001,0.0001,0.00023602400598410895,0.0002644125868300762,0.00012838858084596722,0.00017830293370479922,0.0006262335939482,0.0011837103085099443,0.0014936619044192412,0.0008870595449934626,0.04693074923049035
2007-01-01 10:45:00,0.059003314155263616,0.04147943057406455,0.03517300231151521,0.046865040048842274,0.038182241970441747,0.0016296582922499883,0.0012934616296279501,0.008381151878670721,0.011065943538346633,0.05799627716203878,0.013704712096101026,0.012843085565404621,0.0,0.0003684982602802264,5.000099159358733,0.0012934616296279501,0.0016296582922499883,0.0001,0.0001,0.00023424912991577002,0.000264376934410393,0.00013012780449462297,0.00017643842272718757,0.0006128693130449392,0.0011632894344302258,0.0014615595853229024,0.0008648288457050512,0.046927672214700275
2007-01-01 10:50:00,0.059002715176085165,0.041478400505890994,0.03517255332539022,0.04686273677708389,0.03818122228410188,0.0015878840724127198,0.0012726244051156463,0.008381011087898791,0.011065542538317402,0.05799540770865848,0.013703725840325752,0.012842564539377606,0.0,0.00036494930652832745,5.000099159358733,0.0012726244051156463,0.0015878840724127198,0.0001,0.0001,0.00023247465300191834,0.0002643412740326312,0.00013186662103071285,0.0001747851181335136,0.0005999803496479217,0.0011433739817903188,0.0014302538680794896,0.0008439417388342918,0.04692469566616709
2007-01-01 10:55:00,0.05900213594532761,0.04147740318363428,0.035172118683221114,0.04686050650552516,0.038180234948354486,0.0015471589182078703,0.0012522586760210321,0.008380874960997754,0.011065154298879096,0.05799456628870275,0.013702770924872052,0.012842060264492555,0.0,0.0003614011511013735,5.000099159358733,0.0012522586760210321,0.0015471589182078703,0.0001,0.0001,0.00023070057535624073,0.00026430560546941706,0.00013360503011317632,0.00017332601885300392,0.0005875424270698204,0.0011239507049367603,0.0013997084317907138,0.0008235791651839463,0.046921815404180764
2007-01-01 11:00:00,0.059001575632807224,0.04147643728138421,0.035171697801344985,0.04685834628791656,0.038179278656034765,0.001507472777138464,0.0012323527836029763,0.008380743300954062,0.011064778302671321,0.057993751750743366,0.013701846081302762,0.012841572054817823,0.0,0.00035785379411444753,5.000099159358733,0.0012323527836029763,0.001507472777138464,0.0001,0.0001,0.00022892689686505036,0.00026426992849337694,0.00013534303162832657,0.0001720458408271952,0.0005755329507337592,0.001105006463603786,0.001369912420386754,0.0008037360983178587,0.04691902746020541
2007-01-01 11:05:00,0.05900103345074916,0.04147550153796964,0.03517129012472275,0.046856253321836294,0.038178352163674635,0.0014688131428819205,0.001212895331778192,0.008380615920969208,0.011064414057896751,0.0579929630004008,0.01370095010322797,0.012841099258290608,0.0,0.0003543072356852397,5.000099159358733,0.001212895331778192,0.0014688131428819205,0.0001,0.0001,0.00022715361764203407,0.00026423424287713715,0.00013708062523510307,0.0001709308096451423,0.0005639308557192635,0.0010865282692975597,0.0013408538833346029,0.0007844062853462674,0.04691632806268525
2007-01-01 11:10:00,0.059000508651112275,0.041474594753844046,0.03517089512542594,0.04685422494056632,0.03817745428803298,0.0014311654782667065,0.0011938751741098048,0.008380492643571226,0.011064061096451834,0.057992198997593315,0.013700081842954997,0.012840641254946168,0.0,0.00035076147593491756,5.000099159358733,0.0011938751741098048,0.0014311654782667065,0.0001,0.0001,0.00022538073768719186,0.00026419854850701086,0.00013881781081981898,0.00016996848228245653,0.0005527164695422471,0.0010685033188337911,0.0013125199781143237,0.0007655824573601422,0.04691371362723952
2007-01-01 11:15:00,0.059000000523240906,0.04147371578719082,0.03517051230113569,0.04685225860558529,0.03817658390307231,0.001394513578754778,0.001175281404423422,0.008380373300309869,0.011063718973083017,0.05799145875289111,0.013699240207947485,0.012840197454913799,0.0,0.0003472165149858889,5.000099159358733,0.001175281404423422,0.001394513578754778,0.0001,0.0001,0.0002236082572278974,0.00026416284538299806,0.00014055458815510064,0.00016914759271458024,0.0005418713926701457,0.0010509190257153023,0.0012848971498442552,0.0007472565122396191,0.04691118074541666
2007-01-01 11:20:00,0.05899950839171211,0.0414728635504841,0.03517014117365452,0.046850351899118736,0.038175739936234666,0.0013588398847003743,0.0011571033500966399,0.008380257731016163,0.011063387263708481,0.057990741324769446,0.013698424158011608,0.012839767297005873,0.0,0.00034367235296390723,5.000099159358733,0.0011571033500966399,0.0013588398847003743,0.0001,0.0001,0.00022183617615046387,0.0002641271333914119,0.00014229095724094804,0.0001684579194716207,0.0005313783908604819,0.0010337630405956588,0.0012579712819160704,0.0007294196699502209,0.04690872617396336
2007-01-01 11:25:00,0.0589990316143013,0.041472037008155625,0.03516978128747149,0.04684850251722976,0.0381749213655822,0.0013241257498694287,0.001139330567265118,0.008380145783556595,0.011063065564232394,0.05799004581690943,0.013697632702005332,0.012839350246899868,0.0,0.00034012898999652094,5.000099159358733,0.001139330567265118,0.0013241257498694287,0.0001,0.0001,0.00022006449479595176,0.00026409141264593927,0.0001440269178499875,0.00016789016865459416,0.0005212213004597288,0.0010170232718564876,0.001231727829576812,0.0007120626073754466,0.04690634682685134
2007-01-01 11:30:00,0.05899856958001436,0.0414712351726916,0.03516943220858335,0.046846708264306876,0.038174127217506265,0.00129035167251731,0.0011219528373906634,0.008380037312982267,0.011062753489733488,0.05798937137557408,0.01369686489522857,0.012838945795229095,0.0,0.00033658642621502274,5.000099159358733,0.0011219528373906634,0.00129035167251731,0.0001,0.0001,0.00021829321282330056,0.00026405568235077226,0.0001457624695274717,0.0001674358730952008,0.0005113849406370718,0.0010006878960666654,0.0012061519324788605,0.0006951755734815379,0.046904039764749404
2007-01-01 11:35:00,0.058998121707377234,0.041470457103023224,0.03516909352339445,0.046844967046225316,0.03817335656291582,0.0012574974943634241,0.0011049601647327503,0.00837993218174457,0.011062450673143296,0.05798871718756105,0.013696119837370457,0.012838553457221718,0.0,0.0003330446617495375,5.000099159358733,0.0011049601647327503,0.0012574974943634241,0.0001,0.0001,0.00021652233068725763,0.0002640199431880319,0.00014749761250077426,0.00016708730549908068,0.0005018550381237219,0.0009847453692373165,0.0011812285134737976,0.0006787484893618967,0.04690180218746367
2007-01-01 11:40:00,0.05899768744271746,0.041469701901207516,0.03516876483736528,0.04684327686526474,0.03817260851601126,0.0012255425718845573,0.001088342774386961,0.008379830258646722,0.01106215676435131,0.057988082477468256,0.013695396669110859,0.012838172770276018,0.0,0.0003295036967340118,5.000099159358733,0.001088342774386961,0.0012255425718845573,0.0001,0.0001,0.0002147518481604493,0.00026398419470297085,0.00014923234654252155,0.00016683739954714838,0.0004926181577502575,0.0009691844350072643,0.0011569423635364728,0.0006627710332748393,0.0468996314264864
2007-01-01 11:45:00,0.05899726625857988,0.041468968710617546,0.03516844577413869,0.04684163581495676,0.03817188223147504,0.0011944659237898263,0.0010720911106723665,0.00837973141883846,0.011061871429331006,0.05798746650606377,0.013694694570634873,0.012837803293196351,0.0,0.0003259635313033384,5.000099159358733,0.0010720911106723665,0.0011944659237898263,0.0001,0.0001,0.00021298176547024922,0.0002639484371229628,0.00015096667165271355,0.00016667968293404556,0.00048366163844093535,0.0009539941269167684,0.001133278213842459,0.000647232714085294,0.04689752493770849
2007-01-01 11:50:00,0.058996857652308984,0.041468256713371524,0.03516813597465101,0.046840042075114344,0.03817117690219813,0.0011642463578550237,0.001056195835651216,0.008379635543190038,0.01106159434926618,0.05798686856780872,0.01369401275976563,0.012837444605465943,0.0,0.00032242416559407543,5.000099159358733,0.001056195835651216,0.0011642463578550237,0.0001,0.0001,0.00021121208250297058,0.0002639126697658867,0.00015270058726291608,0.00016660821609093546,0.0004749735367113317,0.0009391637717044432,0.0011102207998874292,0.0006321229360662983,0.04689548029420386
2007-01-01 11:55:00,0.05899646114471684,0.04146756512837524,0.03516783509578976,0.04683849390711098,0.038170491757224374,0.0011348625798621882,0.0010406478276552957,0.008379542518427867,0.011061325219562632,0.05798628798983233,0.013693350488725,0.01283709630498898,0.0,0.0003188855997435431,5.000099159358733,0.0010406478276552957,0.0011348625798621882,0.0001,0.0001,0.00020944279959967389,0.00026387689308648987,0.00015443409348681598,0.00016661754159486009,0.0004665425758503261,0.0009246829889661967,0.0010877549133283537,0.000617431052104439,0.046893495180364966
