,weir_N3,weir_N2,weir_N1,weir_C,orifice_S
2016-04-22 00:00:00,0.95,0.3,0.11000000000000001,0.4699999999999999,0.0
2016-04-22 00:05:00,0.95,0.3,0.11000000000000001,0.4699999999999999,0.0
2016-04-22 00:10:00,0.95,0.3,0.11,0.47,0.0
2016-04-22 00:15:00,0.95,0.3,0.11000000000000001,0.4699999999999999,0.0
2016-04-22 00:20:00,0.95,0.3,0.11000000000000001,0.4699999999999999,0.0
2016-04-22 00:25:00,0.95,0.3,0.11,0.47,0.0
2016-04-22 00:30:00,0.95,0.3,0.11000000000000001,0.4699999999999999,0.0
2016-04-22 00:35:00,0.95,0.3,0.11,0.47,0.0
2016-04-22 00:40:00,0.95,0.3,0.11000000000000001,0.4699999999999999,0.0
2016-04-22 00:45:00,0.95,0.3,0.11000000000000001,0.4699999999999999,0.0
2016-04-22 00:50:00,0.95,0.3,0.11,0.47,0.0
2016-04-22 00:55:00,0.95,0.3,0.11000000000000001,0.4699999999999999,0.0
2016-04-22 01:00:00,0.95,0.3,0.11,0.47,0.0
2016-04-22 01:05:00,0.95,0.3,0.11000000000000001,0.4699999999999999,0.0
2016-04-22 01:10:00,0.95,0.3,0.11000000000000001,0.4699999999999999,0.0
2016-04-22 01:15:00,0.95,0.3,0.11,0.47,0.0
2016-04-22 01:20:00,0.95,0.3,0.11000000000000001,0.4699999999999999,0.0
2016-04-22 01:25:00,0.95,0.3,0.11000000000000001,0.4699999999999999,0.0
2016-04-22 01:30:00,0.95,0.3,0.11,0.47,0.0
2016-04-22 01:35:00,0.95,0.3,0.11000000000000001,0.4699999999999999,0.0
2016-04-22 01:40:00,0.95,0.3,0.11,0.47,0.0
2016-04-22 01:45:00,0.95,0.3,0.11000000000000001,0.4699999999999999,0.0
2016-04-22 01:50:00,0.95,0.3,0.11000000000000001,0.4699999999999999,0.0
2016-04-22 01:55:00,0.95,0.3,0.11,0.47,0.0
2016-04-22 02:00:00,0.95,0.3,0.11000000000000001,0.4699999999999999,0.0
2016-04-22 02:05:00,0.95,0.3,0.11,0.47,0.0
2016-04-22 02:10:00,0.95,0.3,0.11000000000000001,0.4699999999999999,0.0
2016-04-22 02:15:00,0.95,0.3,0.11000000000000001,0.4699999999999999,0.0
2016-04-22 02:20:00,0.95,0.3,0.11,0.47,0.0
2016-04-22 02:25:00,0.95,0.3,0.11000000000000001,0.4699999999999999,0.0
2016-04-22 02:30:00,0.95,0.3,0.11000000000000001,0.4699999999999999,0.0
2016-04-22 02:35:00,0.95,0.3,0.11,0.47,0.0
2016-04-22 02:40:00,0.95,0.3,0.11000000000000001,0.4699999999999999,0.0
2016-04-22 02:45:00,0.95,0.3,0.11,0.47,0.0
2016-04-22 02:50:00,0.95,0.3,0.11000000000000001,0.4699999999999999,0.0
2016-04-22 02:55:00,0.95,0.3,0.11000000000000001,0.4699999999999999,0.0
2016-04-22 03:00:00,0.95,0.3,0.11,0.47,0.0
2016-04-22 03:05:00,0.95,0.3,0.11000000000000001,0.4699999999999999,0.0
2016-04-22 03:10:00,0.95,0.3,0.11,0.47,0.0
2016-04-22 03:15:00,0.95,0.3,0.11000000000000001,0.4699999999999999,0.0
2016-04-22 03:20:00,0.95,0.3,0.11000000000000001,0.4699999999999999,0.0
2016-04-22 03:25:00,0.95,0.3,0.11,0.47,0.0
2016-04-22 03:30:00,0.95,0.3,0.11000000000000001,0.4699999999999999,0.0
2016-04-22 03:35:00,0.95,0.3,0.11000000000000001,0.4699999999999999,0.0
2016-04-22 03:40:00,0.95,0.3,0.11,0.47,0.0
2016-04-22 03:45:00,0.95,0.3,0.11000000000000001,0.4699999999999999,0.0
2016-04-22 03:50:00,0.95,0.3,0.11,0.47,0.0
2016-04-22 03:55:00,0.95,0.3,0.11000000000000001,0.4699999999999999,0.0
2016-04-22 04:00:00,0.95,0.3,0.11000000000000001,0.4699999999999999,0.0
2016-04-22 04:05:00,0.95,0.3,0.11,0.47,0.0
2016-04-22 04:10:00,0.95,0.3,0.11000000000000001,0.4699999999999999,0.0
2016-04-22 04:15:00,0.95,0.3,0.11,0.47,0.0
2016-04-22 04:20:00,0.95,0.3,0.11000000000000001,0.4699999999999999,0.0
2016-04-22 04:25:00,0.95,0.3,0.11000000000000001,0.4699999999999999,0.0
2016-04-22 04:30:00,0.95,0.3,0.11,0.47,0.0
2016-04-22 04:35:00,0.95,0.3,0.11000000000000001,0.4699999999999999,0.0
2016-04-22 04:40:00,0.95,0.3,0.11000000000000001,0.4699999999999999,0.0
2016-04-22 04:45:00,0.95,0.3,0.11,0.47,0.0
2016-04-22 04:50:00,0.95,0.3,0.11000000000000001,0.4699999999999999,0.0
2016-04-22 04:55:00,0.95,0.3,0.11,0.47,0.0
2016-04-22 05:00:00,0.95,0.3,0.11000000000000001,0.4699999999999999,0.0
2016-04-22 05:05:00,0.95,0.3,0.11000000000000001,0.4699999999999999,0.0
2016-04-22 05:10:00,0.95,0.3,0.11,0.47,0.0
2016-04-22 05:15:00,0.95,0.3,0.11000000000000001,0.4699999999999999,0.0
2016-04-22 05:20:00,0.95,0.3,0.11,0.47,0.0
2016-04-22 05:25:00,0.95,0.3,0.11000000000000001,0.4699999999999999,0.0
2016-04-22 05:30:00,0.95,0.3,0.11000000000000001,0.4699999999999999,0.0
2016-04-22 05:35:00,0.95,0.3,0.11,0.47,0.0
2016-04-22 05:40:00,0.95,0.3,0.11000000000000001,0.4699999999999999,0.0
2016-04-22 05:45:00,0.95,0.3,0.11000000000000001,0.4699999999999999,0.0
2016-04-22 05:50:00,0.95,0.3,0.11,0.47,0.0
2016-04-22 05:55:00,0.95,0.3,0.11000000000000001,0.4699999999999999,0.0
2016-04-22 06:00:00,0.95,0.3,0.11,0.47,0.0
2016-04-22 06:05:00,0.95,0.3,0.11000000000000001,0.4699999999999999,0.0
2016-04-22 06:10:00,0.95,0.3,0.11000000000000001,0.4699999999999999,0.0
2016-04-22 06:15:00,0.95,0.3,0.11,0.47,0.0
2016-04-22 06:20:00,0.95,0.3,0.11000000000000001,0.4699999999999999,0.0
2016-04-22 06:25:00,0.95,0.3,0.11,0.47,0.0
2016-04-22 06:30:00,0.95,0.3,0.11000000000000001,0.4699999999999999,0.0
2016-04-22 06:35:00,0.95,0.3,0.11000000000000001,0.4699999999999999,0.0
2016-04-22 06:40:00,0.95,0.3,0.11,0.47,0.0
2016-04-22 06:45:00,0.95,0.3,0.11000000000000001,0.4699999999999999,0.0
2016-04-22 06:50:00,0.95,0.3,0.11000000000000001,0.4699999999999999,0.0
2016-04-22 06:55:00,0.95,0.3,0.11,0.47,0.0
2016-04-22 07:00:00,0.95,0.3,0.11000000000000001,0.4699999999999999,0.0
2016-04-22 07:05:00,0.95,0.3,0.11,0.47,0.0
2016-04-22 07:10:00,0.95,0.3,0.11000000000000001,0.4699999999999999,0.0
2016-04-22 07:15:00,0.95,0.3,0.11000000000000001,0.4699999999999999,0.0
2016-04-22 07:20:00,0.95,0.3,0.11,0.47,0.0
2016-04-22 07:25:00,0.95,0.3,0.11000000000000001,0.4699999999999999,0.0
2016-04-22 07:30:00,0.95,0.3,0.11,0.47,0.0
2016-04-22 07:35:00,0.95,0.3,0.11000000000000001,0.4699999999999999,0.0
2016-04-22 07:40:00,0.95,0.3,0.11000000000000001,0.4699999999999999,0.0
2016-04-22 07:45:00,0.95,0.3,0.11,0.47,0.0
2016-04-22 07:50:00,0.95,0.3,0.11000000000000001,0.4699999999999999,0.0
2016-04-22 07:55:00,0.95,0.3,0.11000000000000001,0.4699999999999999,0.0
2016-04-22 08:00:00,0.95,0.3,0.11,0.47,0.0
2016-04-22 08:05:00,0.95,0.3,0.11000000000000001,0.4699999999999999,0.0
2016-04-22 08:10:00,0.95,0.3,0.11,0.47,0.0
2016-04-22 08:15:00,0.95,0.3,0.11000000000000001,0.4699999999999999,0.0
2016-04-22 08:20:00,0.95,0.3,0.11000000000000001,0.4699999999999999,0.0
2016-04-22 08:25:00,0.95,0.3,0.11,0.47,0.0
2016-04-22 08:30:00,0.95,0.3,0.11000000000000001,0.4699999999999999,0.0
2016-04-22 08:35:00,0.95,0.3,0.11,0.47,0.0
2016-04-22 08:40:00,0.95,0.3,0.11000000000000001,0.4699999999999999,0.0
2016-04-22 08:45:00,0.95,0.3,0.11000000000000001,0.4699999999999999,0.0
2016-04-22 08:50:00,0.95,0.3,0.11,0.47,0.0
2016-04-22 08:55:00,0.95,0.3,0.11000000000000001,0.4699999999999999,0.0
2016-04-22 09:00:00,0.95,0.3,0.11000000000000001,0.4699999999999999,0.0
2016-04-22 09:05:00,0.95,0.3,0.11,0.47,0.0
2016-04-22 09:10:00,0.95,0.3,0.11000000000000001,0.4699999999999999,0.0
2016-04-22 09:15:00,0.95,0.3,0.11,0.47,0.0
2016-04-22 09:20:00,0.95,0.3,0.11000000000000001,0.4699999999999999,0.0
2016-04-22 09:25:00,0.95,0.3,0.11000000000000001,0.4699999999999999,0.0
2016-04-22 09:30:00,0.95,0.3,0.11,0.47,0.0
2016-04-22 09:35:00,0.95,0.3,0.11000000000000001,0.4699999999999999,0.0
2016-04-22 09:40:00,0.95,0.3,0.11,0.47,0.0
2016-04-22 09:45:00,0.95,0.3,0.11000000000000001,0.4699999999999999,0.0
2016-04-22 09:50:00,0.95,0.3,0.11000000000000001,0.4699999999999999,0.0
2016-04-22 09:55:00,0.95,0.3,0.11,0.47,0.0
2016-04-22 10:00:00,0.95,0.3,0.11000000000000001,0.4699999999999999,0.0
2016-04-22 10:05:00,0.95,0.3,0.11000000000000001,0.4699999999999999,0.0
2016-04-22 10:10:00,0.95,0.3,0.11,0.47,0.0
2016-04-22 10:15:00,0.95,0.3,0.11000000000000001,0.4699999999999999,0.0
2016-04-22 10:20:00,0.95,0.3,0.11,0.47,0.0
2016-04-22 10:25:00,0.95,0.3,0.11000000000000001,0.4699999999999999,0.0
2016-04-22 10:30:00,0.95,0.3,0.11000000000000001,0.4699999999999999,0.0
2016-04-22 10:35:00,0.95,0.3,0.11,0.47,0.0
2016-04-22 10:40:00,0.95,0.3,0.11000000000000001,0.4699999999999999,0.0
2016-04-22 10:45:00,0.95,0.3,0.11,0.47,0.0
2016-04-22 10:50:00,0.95,0.3,0.11000000000000001,0.4699999999999999,0.0
2016-04-22 10:55:00,0.95,0.3,0.11000000000000001,0.4699999999999999,0.0
2016-04-22 11:00:00,0.95,0.3,0.11,0.47,0.0
2016-04-22 11:05:00,0.95,0.3,0.11000000000000001,0.4699999999999999,0.0
2016-04-22 11:10:00,0.95,0.3,0.11000000000000001,0.4699999999999999,0.0
2016-04-22 11:15:00,0.95,0.3,0.11,0.47,0.0
2016-04-22 11:20:00,0.95,0.3,0.11000000000000001,0.4699999999999999,0.0
2016-04-22 11:25:00,0.95,0.3,0.11,0.47,0.0
2016-04-22 11:30:00,0.95,0.3,0.11000000000000001,0.4699999999999999,0.0
2016-04-22 11:35:00,0.95,0.3,0.11000000000000001,0.4699999999999999,0.0
2016-04-22 11:40:00,0.95,0.3,0.11,0.47,0.0
2016-04-22 11:45:00,0.95,0.3,0.11000000000000001,0.4699999999999999,0.0
2016-04-22 11:50:00,0.95,0.3,0.11,0.47,0.0
2016-04-22 11:55:00,0.95,0.3,0.11000000000000001,0.4699999999999999,0.0
2016-04-22 12:00:00,0.95,0.3,0.11000000000000001,0.4699999999999999,0.0
2016-04-22 12:05:00,0.95,0.3,0.11,0.47,0.0
2016-04-22 12:10:00,0.95,0.3,0.11000000000000001,0.4699999999999999,0.0
2016-04-22 12:15:00,0.95,0.3,0.11000000000000001,0.4699999999999999,0.0
2016-04-22 12:20:00,0.95,0.3,0.11,0.47,0.0
2016-04-22 12:25:00,0.95,0.3,0.11000000000000001,0.4699999999999999,0.0
2016-04-22 12:30:00,0.95,0.3,0.11,0.47,0.0
2016-04-22 12:35:00,0.95,0.3,0.11000000000000001,0.4699999999999999,0.0
2016-04-22 12:40:00,0.95,0.3,0.11000000000000001,0.4699999999999999,0.0
2016-04-22 12:45:00,0.95,0.3,0.11,0.47,0.0
2016-04-22 12:50:00,0.95,0.3,0.11000000000000001,0.4699999999999999,0.0
2016-04-22 12:55:00,0.95,0.3,0.11,0.47,0.0
2016-04-22 13:00:00,0.95,0.3,0.11000000000000001,0.4699999999999999,0.0
2016-04-22 13:05:00,0.95,0.3,0.11000000000000001,0.4699999999999999,0.0
2016-04-22 13:10:00,0.95,0.3,0.11,0.47,0.0
2016-04-22 13:15:00,0.95,0.3,0.11000000000000001,0.4699999999999999,0.0
2016-04-22 13:20:00,0.95,0.3,0.11000000000000001,0.4699999999999999,0.0
2016-04-22 13:25:00,0.95,0.3,0.11,0.47,0.0
2016-04-22 13:30:00,0.95,0.3,0.11000000000000001,0.4699999999999999,0.0
2016-04-22 13:35:00,0.95,0.3,0.11,0.47,0.0
2016-04-22 13:40:00,0.95,0.3,0.11000000000000001,0.4699999999999999,0.0
2016-04-22 13:45:00,0.95,0.3,0.11000000000000001,0.4699999999999999,0.0
2016-04-22 13:50:00,0.95,0.3,0.11,0.47,0.0
2016-04-22 13:55:00,0.95,0.3,0.11000000000000001,0.4699999999999999,0.0
2016-04-22 14:00:00,0.95,0.3,0.11,0.47,0.0
2016-04-22 14:05:00,0.95,0.3,0.11000000000000001,0.4699999999999999,0.0
2016-04-22 14:10:00,0.95,0.3,0.11000000000000001,0.4699999999999999,0.0
2016-04-22 14:15:00,0.95,0.3,0.11,0.47,0.0
2016-04-22 14:20:00,0.95,0.3,0.11000000000000001,0.4699999999999999,0.0
2016-04-22 14:25:00,0.95,0.3,0.11000000000000001,0.4699999999999999,0.0
2016-04-22 14:30:00,0.95,0.3,0.11,0.47,0.0
2016-04-22 14:35:00,0.95,0.3,0.11000000000000001,0.4699999999999999,0.0
2016-04-22 14:40:00,0.95,0.3,0.11,0.47,0.0
2016-04-22 14:45:00,0.95,0.3,0.11000000000000001,0.4699999999999999,0.0
2016-04-22 14:50:00,0.95,0.3,0.11000000000000001,0.4699999999999999,0.0
2016-04-22 14:55:00,0.95,0.3,0.11,0.47,0.0
2016-04-22 15:00:00,0.95,0.3,0.11000000000000001,0.4699999999999999,0.0
2016-04-22 15:05:00,0.95,0.3,0.11,0.47,0.0
2016-04-22 15:10:00,0.95,0.3,0.11000000000000001,0.4699999999999999,0.0
2016-04-22 15:15:00,0.95,0.3,0.11000000000000001,0.4699999999999999,0.0
2016-04-22 15:20:00,0.95,0.3,0.11,0.47,0.0
2016-04-22 15:25:00,0.95,0.3,0.11000000000000001,0.4699999999999999,0.0
2016-04-22 15:30:00,0.95,0.3,0.11000000000000001,0.4699999999999999,0.0
2016-04-22 15:35:00,0.95,0.3,0.11,0.47,0.0
2016-04-22 15:40:00,0.95,0.3,0.11000000000000001,0.4699999999999999,0.0
2016-04-22 15:45:00,0.95,0.3,0.11,0.47,0.0
2016-04-22 15:50:00,0.95,0.3,0.11000000000000001,0.4699999999999999,0.0
2016-04-22 15:55:00,0.95,0.3,0.11000000000000001,0.4699999999999999,0.0
2016-04-22 16:00:00,0.95,0.3,0.11,0.47,0.0
2016-04-22 16:05:00,0.95,0.3,0.11000000000000001,0.4699999999999999,0.0
2016-04-22 16:10:00,0.95,0.3,0.11,0.47,0.0
2016-04-22 16:15:00,0.95,0.3,0.11000000000000001,0.4699999999999999,0.0
2016-04-22 16:20:00,0.95,0.3,0.11000000000000001,0.4699999999999999,0.0
2016-04-22 16:25:00,0.95,0.3,0.11,0.47,0.0
2016-04-22 16:30:00,0.95,0.3,0.11000000000000001,0.4699999999999999,0.0
2016-04-22 16:35:00,0.95,0.3,0.11000000000000001,0.4699999999999999,0.0
2016-04-22 16:40:00,0.95,0.3,0.11,0.47,0.0
2016-04-22 16:45:00,0.95,0.3,0.11000000000000001,0.4699999999999999,0.0
2016-04-22 16:50:00,0.95,0.3,0.11,0.47,0.0
2016-04-22 16:55:00,0.95,0.3,0.11000000000000001,0.4699999999999999,0.0
2016-04-22 17:00:00,0.95,0.3,0.11000000000000001,0.4699999999999999,0.0
2016-04-22 17:05:00,0.95,0.3,0.11,0.47,0.0
2016-04-22 17:10:00,0.95,0.3,0.11000000000000001,0.4699999999999999,0.0
2016-04-22 17:15:00,0.95,0.3,0.11,0.47,0.0
2016-04-22 17:20:00,0.95,0.3,0.11000000000000001,0.4699999999999999,0.0
2016-04-22 17:25:00,0.95,0.3,0.11000000000000001,0.4699999999999999,0.0
2016-04-22 17:30:00,0.95,0.3,0.11,0.47,0.0
2016-04-22 17:35:00,0.95,0.3,0.11000000000000001,0.4699999999999999,0.0
2016-04-22 17:40:00,0.95,0.3,0.11000000000000001,0.4699999999999999,0.0
2016-04-22 17:45:00,0.95,0.3,0.11,0.47,0.0
2016-04-22 17:50:00,0.95,0.3,0.11000000000000001,0.4699999999999999,0.0
2016-04-22 17:55:00,0.95,0.3,0.11,0.47,0.0
2016-04-22 18:00:00,0.95,0.3,0.11000000000000001,0.4699999999999999,0.0
2016-04-22 18:05:00,0.95,0.3,0.11000000000000001,0.4699999999999999,0.0
2016-04-22 18:10:00,0.95,0.3,0.11,0.47,0.0
2016-04-22 18:15:00,0.95,0.3,0.11000000000000001,0.4699999999999999,0.0
2016-04-22 18:20:00,0.95,0.3,0.11,0.47,0.0
2016-04-22 18:25:00,0.95,0.3,0.11000000000000001,0.4699999999999999,0.0
2016-04-22 18:30:00,0.95,0.3,0.11000000000000001,0.4699999999999999,0.0
2016-04-22 18:35:00,0.95,0.3,0.11,0.47,0.0
2016-04-22 18:40:00,0.95,0.3,0.11000000000000001,0.4699999999999999,0.0
2016-04-22 18:45:00,0.95,0.3,0.11000000000000001,0.4699999999999999,0.0
2016-04-22 18:50:00,0.95,0.3,0.11,0.47,0.0
2016-04-22 18:55:00,0.95,0.3,0.11000000000000001,0.4699999999999999,0.0
2016-04-22 19:00:00,0.95,0.3,0.11,0.47,0.0
2016-04-22 19:05:00,0.95,0.3,0.11000000000000001,0.4699999999999999,0.0
2016-04-22 19:10:00,0.95,0.3,0.11000000000000001,0.4699999999999999,0.0
2016-04-22 19:15:00,0.95,0.3,0.11,0.47,0.0
2016-04-22 19:20:00,0.95,0.3,0.11000000000000001,0.4699999999999999,0.0
2016-04-22 19:25:00,0.95,0.3,0.11,0.47,0.0
2016-04-22 19:30:00,0.95,0.3,0.11000000000000001,0.4699999999999999,0.0
2016-04-22 19:35:00,0.95,0.3,0.11000000000000001,0.4699999999999999,0.0
2016-04-22 19:40:00,0.95,0.3,0.11,0.47,0.0
2016-04-22 19:45:00,0.95,0.3,0.11000000000000001,0.4699999999999999,0.0
2016-04-22 19:50:00,0.95,0.3,0.11000000000000001,0.4699999999999999,0.0
2016-04-22 19:55:00,0.95,0.3,0.11,0.47,0.0
2016-04-22 20:00:00,0.95,0.3,0.11000000000000001,0.4699999999999999,0.0
2016-04-22 20:05:00,0.95,0.3,0.11,0.47,0.0
2016-04-22 20:10:00,0.95,0.3,0.11000000000000001,0.4699999999999999,0.0
2016-04-22 20:15:00,0.95,0.3,0.11000000000000001,0.4699999999999999,0.0
2016-04-22 20:20:00,0.95,0.3,0.11,0.47,0.0
2016-04-22 20:25:00,0.95,0.3,0.11000000000000001,0.4699999999999999,0.0
2016-04-22 20:30:00,0.95,0.3,0.11,0.47,0.0
2016-04-22 20:35:00,0.95,0.3,0.11000000000000001,0.4699999999999999,0.0
2016-04-22 20:40:00,0.95,0.3,0.11000000000000001,0.4699999999999999,0.0
2016-04-22 20:45:00,0.95,0.3,0.11,0.47,0.0
2016-04-22 20:50:00,0.95,0.3,0.11000000000000001,0.4699999999999999,0.10923829950679301
2016-04-22 20:55:00,0.95,0.3,0.11000000000000001,0.4699999999999999,0.0
2016-04-22 21:00:00,0.95,0.3,0.11,0.47,0.0
2016-04-22 21:05:00,0.95,0.3,0.11000000000000001,0.4699999999999999,0.0
2016-04-22 21:10:00,0.95,0.3,0.11,0.47,0.0
2016-04-22 21:15:00,0.95,0.3,0.11000000000000001,0.4699999999999999,0.2079931748975981
2016-04-22 21:20:00,0.95,0.3,0.11000000000000001,0.4699999999999999,0.0
2016-04-22 21:25:00,0.95,0.3,0.11,0.47,0.11961250939680246
2016-04-22 21:30:00,0.95,0.3,0.11000000000000001,0.4699999999999999,0.0
2016-04-22 21:35:00,0.95,0.3,0.11,0.47,0.0
2016-04-22 21:40:00,0.95,0.3,0.11000000000000001,0.4699999999999999,0.0
2016-04-22 21:45:00,0.95,0.3,0.11000000000000001,0.4699999999999999,0.0
2016-04-22 21:50:00,0.95,0.3,0.11,0.47,0.0
2016-04-22 21:55:00,0.95,0.3,0.11000000000000001,0.4699999999999999,0.0
2016-04-22 22:00:00,0.95,0.3,0.11000000000000001,0.4699999999999999,0.0
2016-04-22 22:05:00,0.95,0.3,0.11,0.47,0.0
2016-04-22 22:10:00,0.95,0.3,0.11000000000000001,0.4699999999999999,0.0
2016-04-22 22:15:00,0.95,0.3,0.11,0.47,0.0
2016-04-22 22:20:00,0.95,0.3,0.11000000000000001,0.4699999999999999,0.0
2016-04-22 22:25:00,0.95,0.3,0.11000000000000001,0.4699999999999999,0.0
2016-04-22 22:30:00,0.95,0.3,0.11,0.47,0.0
2016-04-22 22:35:00,0.95,0.3,0.11000000000000001,0.4699999999999999,0.0
2016-04-22 22:40:00,0.95,0.3,0.11,0.47,0.0
2016-04-22 22:45:00,0.95,0.3,0.11000000000000001,0.4699999999999999,0.0
2016-04-22 22:50:00,0.95,0.3,0.11000000000000001,0.4699999999999999,0.0
2016-04-22 22:55:00,0.95,0.3,0.11,0.47,0.0
2016-04-22 23:00:00,0.95,0.3,0.11000000000000001,0.4699999999999999,0.0
2016-04-22 23:05:00,0.95,0.3,0.11000000000000001,0.4699999999999999,0.0
2016-04-22 23:10:00,0.95,0.3,0.11,0.47,0.0
2016-04-22 23:15:00,0.95,0.3,0.11000000000000001,0.4699999999999999,0.0
2016-04-22 23:20:00,0.95,0.3,0.11,0.47,0.0
2016-04-22 23:25:00,0.95,0.3,0.11000000000000001,0.4699999999999999,0.0
2016-04-22 23:30:00,0.95,0.3,0.11000000000000001,0.4699999999999999,0.0
2016-04-22 23:35:00,0.95,0.3,0.11,0.47,0.0
2016-04-22 23:40:00,0.95,0.3,0.11000000000000001,0.4699999999999999,0.0
2016-04-22 23:45:00,0.95,0.3,0.11,0.47,0.0
2016-04-22 23:50:00,0.95,0.3,0.11000000000000001,0.4699999999999999,0.0
2016-04-22 23:55:00,0.95,0.3,0.11000000000000001,0.4699999999999999,0.0
2016-04-23 00:00:00,0.95,0.3,0.11,0.47,0.0
2016-04-23 00:05:00,0.95,0.3,0.11000000000000001,0.4699999999999999,0.0
2016-04-23 00:10:00,0.95,0.3,0.11000000000000001,0.4699999999999999,0.0
2016-04-23 00:15:00,0.95,0.3,0.11,0.47,0.0
2016-04-23 00:20:00,0.95,0.3,0.11000000000000001,0.4699999999999999,0.0
2016-04-23 00:25:00,0.95,0.3,0.11,0.47,0.047095520640376656
2016-04-23 00:30:00,0.95,0.3,0.11000000000000001,0.4699999999999999,0.0
2016-04-23 00:35:00,0.95,0.3,0.11000000000000001,0.4699999999999999,0.0039545012773078946
2016-04-23 00:40:00,0.95,0.3,0.11,0.47,0.02435996341176192
2016-04-23 00:45:00,0.95,0.3,0.11000000000000001,0.4699999999999999,0.0
2016-04-23 00:50:00,0.95,0.3,0.11,0.47,0.0
2016-04-23 00:55:00,0.95,0.3,0.11000000000000001,0.4699999999999999,0.0
2016-04-23 01:00:00,0.95,0.3,0.11000000000000001,0.4699999999999999,0.0
2016-04-23 01:05:00,0.95,0.3,0.11,0.47,0.0
2016-04-23 01:10:00,0.95,0.3,0.11000000000000001,0.4699999999999999,0.0
2016-04-23 01:15:00,0.95,0.3,0.11000000000000001,0.4699999999999999,0.0
2016-04-23 01:20:00,0.95,0.3,0.11,0.47,0.0
2016-04-23 01:25:00,0.95,0.3,0.11000000000000001,0.4699999999999999,0.0
2016-04-23 01:30:00,0.95,0.3,0.11,0.47,0.0
2016-04-23 01:35:00,0.95,0.3,0.11000000000000001,0.4699999999999999,0.0
2016-04-23 01:40:00,0.95,0.3,0.11000000000000001,0.4699999999999999,0.0
2016-04-23 01:45:00,0.95,0.3,0.11,0.47,0.0
2016-04-23 01:50:00,0.95,0.3,0.11000000000000001,0.4699999999999999,0.0
2016-04-23 01:55:00,0.95,0.3,0.11,0.47,0.0
2016-04-23 02:00:00,0.95,0.3,0.11000000000000001,0.4699999999999999,0.0
2016-04-23 02:05:00,0.95,0.3,0.11000000000000001,0.4699999999999999,0.059842902282760624
2016-04-23 02:10:00,0.95,0.3,0.11,0.47,0.0
2016-04-23 02:15:00,0.95,0.3,0.11000000000000001,0.4699999999999999,0.0
2016-04-23 02:20:00,0.95,0.3,0.11000000000000001,0.4699999999999999,0.0
2016-04-23 02:25:00,0.95,0.3,0.11,0.47,0.0
2016-04-23 02:30:00,0.95,0.3,0.11000000000000001,0.4699999999999999,0.0
2016-04-23 02:35:00,0.95,0.3,0.11,0.47,0.0
2016-04-23 02:40:00,0.95,0.3,0.11000000000000001,0.4699999999999999,0.10227087877289201
2016-04-23 02:45:00,0.95,0.3,0.11000000000000001,0.4699999999999999,0.09538415618330012
2016-04-23 02:50:00,0.95,0.3,0.11,0.47,0.09583886309297843
2016-04-23 02:55:00,0.95,0.3,0.11000000000000001,0.4699999999999999,0.0
2016-04-23 03:00:00,0.95,0.3,0.11,0.47,0.0
2016-04-23 03:05:00,0.95,0.3,0.11000000000000001,0.4699999999999999,0.0
2016-04-23 03:10:00,0.95,0.3,0.11000000000000001,0.4699999999999999,0.0
2016-04-23 03:15:00,0.95,0.3,0.11,0.47,0.0
2016-04-23 03:20:00,0.95,0.3,0.11000000000000001,0.4699999999999999,0.12071359295146233
2016-04-23 03:25:00,0.95,0.3,0.11000000000000001,0.4699999999999999,0.0
2016-04-23 03:30:00,0.95,0.3,0.11,0.47,0.0
2016-04-23 03:35:00,0.95,0.3,0.11000000000000001,0.4699999999999999,0.058743598691759435
2016-04-23 03:40:00,0.95,0.3,0.11,0.47,0.0
2016-04-23 03:45:00,0.95,0.3,0.11000000000000001,0.4699999999999999,0.0
2016-04-23 03:50:00,0.95,0.3,0.11000000000000001,0.4699999999999999,0.1782645892616606
2016-04-23 03:55:00,0.95,0.3,0.11,0.47,0.0
2016-04-23 04:00:00,0.95,0.3,0.11000000000000001,0.4699999999999999,0.08055826149564453
2016-04-23 04:05:00,0.95,0.3,0.11,0.47,0.0
2016-04-23 04:10:00,0.95,0.3,0.11000000000000001,0.4699999999999999,0.2201834808783108
2016-04-23 04:15:00,0.95,0.3,0.11000000000000001,0.4699999999999999,0.425394589533021
2016-04-23 04:20:00,0.95,0.3,0.11,0.47,0.0
2016-04-23 04:25:00,0.95,0.3,0.11000000000000001,0.4699999999999999,0.36933026599597485
2016-04-23 04:30:00,0.95,0.3,0.11000000000000001,0.4699999999999999,0.0
2016-04-23 04:35:00,0.95,0.3,0.11,0.47,0.0
2016-04-23 04:40:00,0.95,0.3,0.11000000000000001,0.4699999999999999,0.0
2016-04-23 04:45:00,0.95,0.3,0.11,0.47,0.0
2016-04-23 04:50:00,0.95,0.3,0.11000000000000001,0.4699999999999999,0.0
2016-04-23 04:55:00,0.95,0.3,0.11000000000000001,0.4699999999999999,0.29042369073275703
2016-04-23 05:00:00,0.95,0.3,0.11,0.47,0.03164383005375135
2016-04-23 05:05:00,0.95,0.3,0.11000000000000001,0.4699999999999999,0.0
2016-04-23 05:10:00,0.95,0.3,0.11,0.47,0.0
2016-04-23 05:15:00,0.95,0.3,0.11000000000000001,0.4699999999999999,0.4891702004301419
2016-04-23 05:20:00,0.95,0.3,0.11000000000000001,0.4699999999999999,0.0
2016-04-23 05:25:00,0.95,0.3,0.11,0.47,0.0
2016-04-23 05:30:00,0.95,0.3,0.11000000000000001,0.4699999999999999,0.0140265108332449
2016-04-23 05:35:00,0.95,0.3,0.11000000000000001,0.4699999999999999,0.23664289949509398
2016-04-23 05:40:00,0.95,0.3,0.11,0.47,0.0
2016-04-23 05:45:00,0.95,0.3,0.11000000000000001,0.4699999999999999,0.0991480074880701
2016-04-23 05:50:00,0.95,0.3,0.11,0.47,0.0
2016-04-23 05:55:00,0.95,0.3,0.11000000000000001,0.4699999999999999,0.4294688664700238
2016-04-23 06:00:00,0.95,0.3,0.11000000000000001,0.4699999999999999,0.28788457923512006
2016-04-23 06:05:00,0.95,0.3,0.11,0.47,0.0
2016-04-23 06:10:00,0.95,0.3,0.11000000000000001,0.4699999999999999,0.0
2016-04-23 06:15:00,0.95,0.3,0.11,0.47,0.9038087390799091
2016-04-23 06:20:00,0.95,0.3,0.11000000000000001,0.4699999999999999,0.0
2016-04-23 06:25:00,0.95,0.3,0.11000000000000001,0.4699999999999999,0.0
2016-04-23 06:30:00,0.95,0.3,0.11,0.47,0.036315632526737716
2016-04-23 06:35:00,0.95,0.3,0.11000000000000001,0.4699999999999999,0.0
2016-04-23 06:40:00,0.95,0.3,0.11000000000000001,0.4699999999999999,0.0
2016-04-23 06:45:00,0.95,0.3,0.11,0.47,0.0
2016-04-23 06:50:00,0.95,0.3,0.11000000000000001,0.4699999999999999,0.12172626844367584
2016-04-23 06:55:00,0.95,0.3,0.11,0.47,0.0
2016-04-23 07:00:00,0.95,0.3,0.11000000000000001,0.4699999999999999,0.0
2016-04-23 07:05:00,0.95,0.3,0.11000000000000001,0.4699999999999999,0.0063569461493107
2016-04-23 07:10:00,0.95,0.3,0.11,0.47,0.0
2016-04-23 07:15:00,0.95,0.3,0.11000000000000001,0.4699999999999999,0.0
2016-04-23 07:20:00,0.95,0.3,0.11,0.47,0.0
2016-04-23 07:25:00,0.95,0.3,0.11000000000000001,0.4699999999999999,0.0
2016-04-23 07:30:00,0.95,0.3,0.11000000000000001,0.4699999999999999,0.0
2016-04-23 07:35:00,0.95,0.3,0.11,0.47,0.0
2016-04-23 07:40:00,0.95,0.3,0.11000000000000001,0.4699999999999999,0.0
2016-04-23 07:45:00,0.95,0.3,0.11000000000000001,0.4699999999999999,0.0
2016-04-23 07:50:00,0.95,0.3,0.11,0.47,0.0
2016-04-23 07:55:00,0.95,0.3,0.11000000000000001,0.4699999999999999,0.0
2016-04-23 08:00:00,0.95,0.3,0.11,0.47,0.0
2016-04-23 08:05:00,0.95,0.3,0.11000000000000001,0.4699999999999999,0.0
2016-04-23 08:10:00,0.95,0.3,0.11000000000000001,0.4699999999999999,0.0
2016-04-23 08:15:00,0.95,0.3,0.11,0.47,0.22007934897994444
2016-04-23 08:20:00,0.95,0.3,0.11000000000000001,0.4699999999999999,0.8423666490910524
2016-04-23 08:25:00,0.95,0.3,0.11,0.47,0.0
2016-04-23 08:30:00,0.95,0.3,0.11000000000000001,0.4699999999999999,0.0
2016-04-23 08:35:00,0.95,0.3,0.11000000000000001,0.4699999999999999,0.0
2016-04-23 08:40:00,0.95,0.3,0.11,0.47,0.0
2016-04-23 08:45:00,0.95,0.3,0.11000000000000001,0.4699999999999999,0.0
2016-04-23 08:50:00,0.95,0.3,0.11000000000000001,0.4699999999999999,0.0
2016-04-23 08:55:00,0.95,0.3,0.11,0.47,0.0885894326092739
2016-04-23 09:00:00,0.95,0.3,0.11000000000000001,0.4699999999999999,0.3943980016549472
2016-04-23 09:05:00,0.95,0.3,0.11,0.47,0.0
2016-04-23 09:10:00,0.95,0.3,0.11000000000000001,0.4699999999999999,0.08113152450002874
2016-04-23 09:15:00,0.95,0.3,0.11000000000000001,0.4699999999999999,0.0
2016-04-23 09:20:00,0.95,0.3,0.11,0.47,0.1466400002098854
2016-04-23 09:25:00,0.95,0.3,0.11000000000000001,0.4699999999999999,0.6768266762088454
2016-04-23 09:30:00,0.95,0.3,0.11,0.47,0.8641488819913282
2016-04-23 09:35:00,0.95,0.3,0.11000000000000001,0.4699999999999999,1.0
2016-04-23 09:40:00,0.95,0.3,0.11000000000000001,0.4699999999999999,0.0
2016-04-23 09:45:00,0.95,0.3,0.11,0.47,0.41854029216556526
2016-04-23 09:50:00,0.95,0.3,0.11000000000000001,0.4699999999999999,0.25588443070015043
2016-04-23 09:55:00,0.95,0.3,0.11000000000000001,0.4699999999999999,0.24150320009146387
2016-04-23 10:00:00,0.95,0.3,0.11,0.47,0.015748329076312725
2016-04-23 10:05:00,0.95,0.3,0.11000000000000001,0.4699999999999999,0.06403419787409431
2016-04-23 10:10:00,0.95,0.3,0.11,0.47,0.0
2016-04-23 10:15:00,0.95,0.3,0.11000000000000001,0.4699999999999999,0.24291405450383308
2016-04-23 10:20:00,0.95,0.3,0.11000000000000001,0.4699999999999999,0.23813460120418273
2016-04-23 10:25:00,0.95,0.3,0.11,0.47,0.3768565719219682
2016-04-23 10:30:00,0.95,0.3,0.11000000000000001,0.4699999999999999,0.1082428870691409
2016-04-23 10:35:00,0.95,0.3,0.11,0.47,0.6827190732436156
2016-04-23 10:40:00,0.95,0.3,0.11000000000000001,0.4699999999999999,0.23545955967480858
2016-04-23 10:45:00,0.95,0.3,0.11000000000000001,0.4699999999999999,0.5894554144230829
2016-04-23 10:50:00,0.95,0.3,0.11,0.47,0.05562325585952039
2016-04-23 10:55:00,0.95,0.3,0.11000000000000001,0.4699999999999999,0.0
2016-04-23 11:00:00,0.95,0.3,0.11000000000000001,0.4699999999999999,0.6480273193462732
2016-04-23 11:05:00,0.95,0.3,0.11,0.47,0.0
2016-04-23 11:10:00,0.95,0.3,0.11000000000000001,0.4699999999999999,0.7499543689941028
2016-04-23 11:15:00,0.95,0.3,0.11,0.47,0.0
2016-04-23 11:20:00,0.95,0.3,0.11000000000000001,0.4699999999999999,0.0
2016-04-23 11:25:00,0.95,0.3,0.11000000000000001,0.4699999999999999,0.0
2016-04-23 11:30:00,0.95,0.3,0.11,0.47,0.0
2016-04-23 11:35:00,0.95,0.3,0.11000000000000001,0.4699999999999999,0.0
2016-04-23 11:40:00,0.95,0.3,0.11,0.47,0.06043639100039572
2016-04-23 11:45:00,0.95,0.3,0.11000000000000001,0.4699999999999999,0.0
2016-04-23 11:50:00,0.95,0.3,0.11000000000000001,0.4699999999999999,0.250969462747874
2016-04-23 11:55:00,0.95,0.3,0.11,0.47,0.0
2016-04-23 12:00:00,0.95,0.3,0.11000000000000001,0.4699999999999999,0.908563747625845
2016-04-23 12:05:00,0.95,0.3,0.11000000000000001,0.4699999999999999,0.0
2016-04-23 12:10:00,0.95,0.3,0.11,0.47,0.0
2016-04-23 12:15:00,0.95,0.3,0.11000000000000001,0.4699999999999999,0.4429071159548267
2016-04-23 12:20:00,0.95,0.3,0.11,0.47,0.0
2016-04-23 12:25:00,0.95,0.3,0.11000000000000001,0.4699999999999999,0.10274353176114018
2016-04-23 12:30:00,0.95,0.3,0.11000000000000001,0.4699999999999999,0.18739833717975368
2016-04-23 12:35:00,0.95,0.3,0.11,0.47,0.8001777654272806
2016-04-23 12:40:00,0.95,0.3,0.11000000000000001,0.4699999999999999,0.0
2016-04-23 12:45:00,0.95,0.3,0.11,0.47,0.0
2016-04-23 12:50:00,0.95,0.3,0.11000000000000001,0.4699999999999999,0.5007992816626889
2016-04-23 12:55:00,0.95,0.3,0.11000000000000001,0.4699999999999999,0.0
2016-04-23 13:00:00,0.95,0.3,0.11,0.47,0.31766788313425137
2016-04-23 13:05:00,0.95,0.3,0.11000000000000001,0.4699999999999999,0.0
2016-04-23 13:10:00,0.95,0.3,0.11000000000000001,0.4699999999999999,0.03666902240509581
2016-04-23 13:15:00,0.95,0.3,0.11,0.47,0.13938083883872288
2016-04-23 13:20:00,0.95,0.3,0.11000000000000001,0.4699999999999999,0.0967302483831233
2016-04-23 13:25:00,0.95,0.3,0.11,0.47,0.0
2016-04-23 13:30:00,0.95,0.3,0.11000000000000001,0.4699999999999999,0.0
2016-04-23 13:35:00,0.95,0.3,0.11000000000000001,0.4699999999999999,0.0
2016-04-23 13:40:00,0.95,0.3,0.11,0.47,0.6296848114824333
2016-04-23 13:45:00,0.95,0.3,0.11000000000000001,0.4699999999999999,0.03876284863803644
2016-04-23 13:50:00,0.95,0.3,0.11,0.47,0.0
2016-04-23 13:55:00,0.95,0.3,0.11000000000000001,0.4699999999999999,0.0
2016-04-23 14:00:00,0.95,0.3,0.11000000000000001,0.4699999999999999,1.0
2016-04-23 14:05:00,0.95,0.3,0.11,0.47,0.0
2016-04-23 14:10:00,0.95,0.3,0.11000000000000001,0.4699999999999999,0.35364100778458163
2016-04-23 14:15:00,0.95,0.3,0.11000000000000001,0.4699999999999999,0.0
2016-04-23 14:20:00,0.95,0.3,0.11,0.47,0.0
2016-04-23 14:25:00,0.95,0.3,0.11000000000000001,0.4699999999999999,0.0
2016-04-23 14:30:00,0.95,0.3,0.11,0.47,0.0
2016-04-23 14:35:00,0.95,0.3,0.11000000000000001,0.4699999999999999,0.0
2016-04-23 14:40:00,0.95,0.3,0.11000000000000001,0.4699999999999999,0.0
2016-04-23 14:45:00,0.95,0.3,0.11,0.47,0.3569162202692341
2016-04-23 14:50:00,0.95,0.3,0.11000000000000001,0.4699999999999999,0.0
2016-04-23 14:55:00,0.95,0.3,0.11,0.47,0.0
2016-04-23 15:00:00,0.95,0.3,0.11000000000000001,0.4699999999999999,0.0
2016-04-23 15:05:00,0.95,0.3,0.11000000000000001,0.4699999999999999,0.0
2016-04-23 15:10:00,0.95,0.3,0.11,0.47,0.0
2016-04-23 15:15:00,0.95,0.3,0.11000000000000001,0.4699999999999999,0.0
2016-04-23 15:20:00,0.95,0.3,0.11000000000000001,0.4699999999999999,0.28719955865436936
2016-04-23 15:25:00,0.95,0.3,0.11,0.47,0.0
2016-04-23 15:30:00,0.95,0.3,0.11000000000000001,0.4699999999999999,0.0
2016-04-23 15:35:00,0.95,0.3,0.11,0.47,0.0
2016-04-23 15:40:00,0.95,0.3,0.11000000000000001,0.4699999999999999,0.0
2016-04-23 15:45:00,0.95,0.3,0.11000000000000001,0.4699999999999999,0.11698939687510448
2016-04-23 15:50:00,0.95,0.3,0.11,0.47,0.3854301702679993
2016-04-23 15:55:00,0.95,0.3,0.11000000000000001,0.4699999999999999,0.0
2016-04-23 16:00:00,0.95,0.3,0.11,0.47,0.0
2016-04-23 16:05:00,0.95,0.3,0.11000000000000001,0.4699999999999999,0.0
2016-04-23 16:10:00,0.95,0.3,0.11000000000000001,0.4699999999999999,0.0
2016-04-23 16:15:00,0.95,0.3,0.11,0.47,0.0
2016-04-23 16:20:00,0.95,0.3,0.11000000000000001,0.4699999999999999,0.0
2016-04-23 16:25:00,0.95,0.3,0.11000000000000001,0.4699999999999999,0.0
2016-04-23 16:30:00,0.95,0.3,0.11,0.47,0.08029610222484378
2016-04-23 16:35:00,0.95,0.3,0.11000000000000001,0.4699999999999999,0.3626596428404857
2016-04-23 16:40:00,0.95,0.3,0.11,0.47,0.0
2016-04-23 16:45:00,0.95,0.3,0.11000000000000001,0.4699999999999999,0.3415122655482225
2016-04-23 16:50:00,0.95,0.3,0.11000000000000001,0.4699999999999999,0.0
2016-04-23 16:55:00,0.95,0.3,0.11,0.47,0.0
2016-04-23 17:00:00,0.95,0.3,0.11000000000000001,0.4699999999999999,0.2874855441585919
2016-04-23 17:05:00,0.95,0.3,0.11,0.47,0.0
2016-04-23 17:10:00,0.95,0.3,0.11000000000000001,0.4699999999999999,0.0
2016-04-23 17:15:00,0.95,0.3,0.11000000000000001,0.4699999999999999,0.0
2016-04-23 17:20:00,0.95,0.3,0.11,0.47,0.0
2016-04-23 17:25:00,0.95,0.3,0.11000000000000001,0.4699999999999999,0.0
2016-04-23 17:30:00,0.95,0.3,0.11000000000000001,0.4699999999999999,0.1332712846482197
2016-04-23 17:35:00,0.95,0.3,0.11,0.47,0.411131319245079
2016-04-23 17:40:00,0.95,0.3,0.11000000000000001,0.4699999999999999,0.11880259405085292
2016-04-23 17:45:00,0.95,0.3,0.11,0.47,0.34965535086217436
2016-04-23 17:50:00,0.95,0.3,0.11000000000000001,0.4699999999999999,0.0
2016-04-23 17:55:00,0.95,0.3,0.11000000000000001,0.4699999999999999,0.0
2016-04-23 18:00:00,0.95,0.3,0.11,0.47,0.0
2016-04-23 18:05:00,0.95,0.3,0.11000000000000001,0.4699999999999999,0.0
2016-04-23 18:10:00,0.95,0.3,0.11,0.47,0.0
2016-04-23 18:15:00,0.95,0.3,0.11000000000000001,0.4699999999999999,0.0
2016-04-23 18:20:00,0.95,0.3,0.11000000000000001,0.4699999999999999,0.0
2016-04-23 18:25:00,0.95,0.3,0.11,0.47,0.0
2016-04-23 18:30:00,0.95,0.3,0.11000000000000001,0.4699999999999999,0.0
2016-04-23 18:35:00,0.95,0.3,0.11000000000000001,0.4699999999999999,0.0
2016-04-23 18:40:00,0.95,0.3,0.11,0.47,0.0
2016-04-23 18:45:00,0.95,0.3,0.11000000000000001,0.4699999999999999,0.0
2016-04-23 18:50:00,0.95,0.3,0.11,0.47,0.0
2016-04-23 18:55:00,0.95,0.3,0.11000000000000001,0.4699999999999999,0.0
2016-04-23 19:00:00,0.95,0.3,0.11000000000000001,0.4699999999999999,0.0
2016-04-23 19:05:00,0.95,0.3,0.11,0.47,0.34056816380091587
2016-04-23 19:10:00,0.95,0.3,0.11000000000000001,0.4699999999999999,0.0
2016-04-23 19:15:00,0.95,0.3,0.11,0.47,0.0
2016-04-23 19:20:00,0.95,0.3,0.11000000000000001,0.4699999999999999,0.0
2016-04-23 19:25:00,0.95,0.3,0.11000000000000001,0.4699999999999999,0.0
2016-04-23 19:30:00,0.95,0.3,0.11,0.47,0.0
2016-04-23 19:35:00,0.95,0.3,0.11000000000000001,0.4699999999999999,0.0
2016-04-23 19:40:00,0.95,0.3,0.11000000000000001,0.4699999999999999,0.0
2016-04-23 19:45:00,0.95,0.3,0.11,0.47,0.5110967587298272
2016-04-23 19:50:00,0.95,0.3,0.11000000000000001,0.4699999999999999,0.0
2016-04-23 19:55:00,0.95,0.3,0.11,0.47,0.2638939833978158
2016-04-23 20:00:00,0.95,0.3,0.11000000000000001,0.4699999999999999,0.0
2016-04-23 20:05:00,0.95,0.3,0.11000000000000001,0.4699999999999999,0.0
2016-04-23 20:10:00,0.95,0.3,0.11,0.47,0.23733787198027634
2016-04-23 20:15:00,0.95,0.3,0.11000000000000001,0.4699999999999999,0.162289670283675
2016-04-23 20:20:00,0.95,0.3,0.11,0.47,0.0
2016-04-23 20:25:00,0.95,0.3,0.11000000000000001,0.4699999999999999,0.0
2016-04-23 20:30:00,0.95,0.3,0.11000000000000001,0.4699999999999999,0.0
2016-04-23 20:35:00,0.95,0.3,0.11,0.47,0.0
2016-04-23 20:40:00,0.95,0.3,0.11000000000000001,0.4699999999999999,0.0
2016-04-23 20:45:00,0.95,0.3,0.11000000000000001,0.4699999999999999,0.15651741596277344
2016-04-23 20:50:00,0.95,0.3,0.11,0.47,0.0
2016-04-23 20:55:00,0.95,0.3,0.11000000000000001,0.4699999999999999,0.0
2016-04-23 21:00:00,0.95,0.3,0.11,0.47,0.0
2016-04-23 21:05:00,0.95,0.3,0.11000000000000001,0.4699999999999999,0.0
2016-04-23 21:10:00,0.95,0.3,0.11000000000000001,0.4699999999999999,0.0
2016-04-23 21:15:00,0.95,0.3,0.11,0.47,0.0
2016-04-23 21:20:00,0.95,0.3,0.11000000000000001,0.4699999999999999,0.0
2016-04-23 21:25:00,0.95,0.3,0.11,0.47,0.0
2016-04-23 21:30:00,0.95,0.3,0.11000000000000001,0.4699999999999999,0.0
2016-04-23 21:35:00,0.95,0.3,0.11000000000000001,0.4699999999999999,0.1741901149360479
2016-04-23 21:40:00,0.95,0.3,0.11,0.47,0.0
2016-04-23 21:45:00,0.95,0.3,0.11000000000000001,0.4699999999999999,0.0
2016-04-23 21:50:00,0.95,0.3,0.11000000000000001,0.4699999999999999,0.0
2016-04-23 21:55:00,0.95,0.3,0.11,0.47,0.0
2016-04-23 22:00:00,0.95,0.3,0.11000000000000001,0.4699999999999999,0.0
2016-04-23 22:05:00,0.95,0.3,0.11,0.47,0.0
2016-04-23 22:10:00,0.95,0.3,0.11000000000000001,0.4699999999999999,0.0
2016-04-23 22:15:00,0.95,0.3,0.11000000000000001,0.4699999999999999,0.0
2016-04-23 22:20:00,0.95,0.3,0.11,0.47,0.0
2016-04-23 22:25:00,0.95,0.3,0.11000000000000001,0.4699999999999999,0.4552245127056139
2016-04-23 22:30:00,0.95,0.3,0.11,0.47,0.0
2016-04-23 22:35:00,0.95,0.3,0.11000000000000001,0.4699999999999999,0.0
2016-04-23 22:40:00,0.95,0.3,0.11000000000000001,0.4699999999999999,0.0
2016-04-23 22:45:00,0.95,0.3,0.11,0.47,0.0
2016-04-23 22:50:00,0.95,0.3,0.11000000000000001,0.4699999999999999,0.0
2016-04-23 22:55:00,0.95,0.3,0.11000000000000001,0.4699999999999999,0.210198525749201
2016-04-23 23:00:00,0.95,0.3,0.11,0.47,0.0
2016-04-23 23:05:00,0.95,0.3,0.11000000000000001,0.4699999999999999,0.0
2016-04-23 23:10:00,0.95,0.3,0.11,0.47,0.0
2016-04-23 23:15:00,0.95,0.3,0.11000000000000001,0.4699999999999999,0.0
2016-04-23 23:20:00,0.95,0.3,0.11000000000000001,0.4699999999999999,0.0
2016-04-23 23:25:00,0.95,0.3,0.11,0.47,0.0
2016-04-23 23:30:00,0.95,0.3,0.11000000000000001,0.4699999999999999,0.0
2016-04-23 23:35:00,0.95,0.3,0.11,0.47,0.0
2016-04-23 23:40:00,0.95,0.3,0.11000000000000001,0.4699999999999999,0.0
2016-04-23 23:45:00,0.95,0.3,0.11000000000000001,0.4699999999999999,0.0
2016-04-23 23:50:00,0.95,0.3,0.11,0.47,0.0
2016-04-23 23:55:00,0.95,0.3,0.11000000000000001,0.4699999999999999,0.012474264688508974
2016-04-24 00:00:00,0.95,0.3,0.11000000000000001,0.4699999999999999,0.0
2016-04-24 00:05:00,0.95,0.3,0.11,0.47,0.0
2016-04-24 00:10:00,0.95,0.3,0.11000000000000001,0.4699999999999999,0.0
2016-04-24 00:15:00,0.95,0.3,0.11,0.47,0.0
2016-04-24 00:20:00,0.95,0.3,0.11000000000000001,0.4699999999999999,0.22542762384315057
2016-04-24 00:25:00,0.95,0.3,0.11000000000000001,0.4699999999999999,0.0
2016-04-24 00:30:00,0.95,0.3,0.11,0.47,0.0
2016-04-24 00:35:00,0.95,0.3,0.11000000000000001,0.4699999999999999,0.051073981101741286
2016-04-24 00:40:00,0.95,0.3,0.11,0.47,0.1542531288834724
2016-04-24 00:45:00,0.95,0.3,0.11000000000000001,0.4699999999999999,0.0
2016-04-24 00:50:00,0.95,0.3,0.11000000000000001,0.4699999999999999,0.0
2016-04-24 00:55:00,0.95,0.3,0.11,0.47,0.0
2016-04-24 01:00:00,0.95,0.3,0.11000000000000001,0.4699999999999999,0.0
2016-04-24 01:05:00,0.95,0.3,0.11000000000000001,0.4699999999999999,0.0
2016-04-24 01:10:00,0.95,0.3,0.11,0.47,0.0
2016-04-24 01:15:00,0.95,0.3,0.11000000000000001,0.4699999999999999,0.0
2016-04-24 01:20:00,0.95,0.3,0.11,0.47,0.0
2016-04-24 01:25:00,0.95,0.3,0.11000000000000001,0.4699999999999999,0.48131759052849565
2016-04-24 01:30:00,0.95,0.3,0.11000000000000001,0.4699999999999999,0.0
2016-04-24 01:35:00,0.95,0.3,0.11,0.47,0.0
2016-04-24 01:40:00,0.95,0.3,0.11000000000000001,0.4699999999999999,0.47193240583783336
2016-04-24 01:45:00,0.95,0.3,0.11,0.47,0.0
2016-04-24 01:50:00,0.95,0.3,0.11000000000000001,0.4699999999999999,0.0
2016-04-24 01:55:00,0.95,0.3,0.11000000000000001,0.4699999999999999,0.0
2016-04-24 02:00:00,0.95,0.3,0.11,0.47,0.0
2016-04-24 02:05:00,0.95,0.3,0.11000000000000001,0.4699999999999999,0.0
2016-04-24 02:10:00,0.95,0.3,0.11000000000000001,0.4699999999999999,0.0
2016-04-24 02:15:00,0.95,0.3,0.11,0.47,0.0
2016-04-24 02:20:00,0.95,0.3,0.11000000000000001,0.4699999999999999,0.0
2016-04-24 02:25:00,0.95,0.3,0.11,0.47,0.0
2016-04-24 02:30:00,0.95,0.3,0.11000000000000001,0.4699999999999999,0.0
2016-04-24 02:35:00,0.95,0.3,0.11000000000000001,0.4699999999999999,0.0
2016-04-24 02:40:00,0.95,0.3,0.11,0.47,0.0
2016-04-24 02:45:00,0.95,0.3,0.11000000000000001,0.4699999999999999,0.4862992828853403
2016-04-24 02:50:00,0.95,0.3,0.11,0.47,0.0
2016-04-24 02:55:00,0.95,0.3,0.11000000000000001,0.4699999999999999,0.24237077090669001
2016-04-24 03:00:00,0.95,0.3,0.11000000000000001,0.4699999999999999,0.0
2016-04-24 03:05:00,0.95,0.3,0.11,0.47,0.0
2016-04-24 03:10:00,0.95,0.3,0.11000000000000001,0.4699999999999999,0.0
2016-04-24 03:15:00,0.95,0.3,0.11000000000000001,0.4699999999999999,0.0
2016-04-24 03:20:00,0.95,0.3,0.11,0.47,0.0
2016-04-24 03:25:00,0.95,0.3,0.11000000000000001,0.4699999999999999,0.0
2016-04-24 03:30:00,0.95,0.3,0.11,0.47,0.03273840687797899
2016-04-24 03:35:00,0.95,0.3,0.11000000000000001,0.4699999999999999,0.0
2016-04-24 03:40:00,0.95,0.3,0.11000000000000001,0.4699999999999999,0.0
2016-04-24 03:45:00,0.95,0.3,0.11,0.47,0.0
2016-04-24 03:50:00,0.95,0.3,0.11000000000000001,0.4699999999999999,0.0
2016-04-24 03:55:00,0.95,0.3,0.11,0.47,0.0
2016-04-24 04:00:00,0.95,0.3,0.11000000000000001,0.4699999999999999,0.0
2016-04-24 04:05:00,0.95,0.3,0.11000000000000001,0.4699999999999999,0.0
2016-04-24 04:10:00,0.95,0.3,0.11,0.47,0.0
2016-04-24 04:15:00,0.95,0.3,0.11000000000000001,0.4699999999999999,0.0
2016-04-24 04:20:00,0.95,0.3,0.11000000000000001,0.4699999999999999,0.0
2016-04-24 04:25:00,0.95,0.3,0.11,0.47,0.0
2016-04-24 04:30:00,0.95,0.3,0.11000000000000001,0.4699999999999999,0.0
2016-04-24 04:35:00,0.95,0.3,0.11,0.47,0.0
2016-04-24 04:40:00,0.95,0.3,0.11000000000000001,0.4699999999999999,0.0
2016-04-24 04:45:00,0.95,0.3,0.11000000000000001,0.4699999999999999,0.0
2016-04-24 04:50:00,0.95,0.3,0.11,0.47,0.0
2016-04-24 04:55:00,0.95,0.3,0.11000000000000001,0.4699999999999999,0.0
2016-04-24 05:00:00,0.95,0.3,0.11,0.47,0.36741676060027173
2016-04-24 05:05:00,0.95,0.3,0.11000000000000001,0.4699999999999999,0.0
2016-04-24 05:10:00,0.95,0.3,0.11000000000000001,0.4699999999999999,0.0
2016-04-24 05:15:00,0.95,0.3,0.11,0.47,0.0
2016-04-24 05:20:00,0.95,0.3,0.11000000000000001,0.4699999999999999,0.0
2016-04-24 05:25:00,0.95,0.3,0.11000000000000001,0.4699999999999999,0.0
2016-04-24 05:30:00,0.95,0.3,0.11,0.47,0.0
2016-04-24 05:35:00,0.95,0.3,0.11000000000000001,0.4699999999999999,0.0
2016-04-24 05:40:00,0.95,0.3,0.11,0.47,0.0
2016-04-24 05:45:00,0.95,0.3,0.11000000000000001,0.4699999999999999,0.0
2016-04-24 05:50:00,0.95,0.3,0.11000000000000001,0.4699999999999999,0.0
2016-04-24 05:55:00,0.95,0.3,0.11,0.47,0.0
2016-04-24 06:00:00,0.95,0.3,0.11000000000000001,0.4699999999999999,0.0
2016-04-24 06:05:00,0.95,0.3,0.11,0.47,0.0
2016-04-24 06:10:00,0.95,0.3,0.11000000000000001,0.4699999999999999,0.0
2016-04-24 06:15:00,0.95,0.3,0.11000000000000001,0.4699999999999999,0.9789341366327801
2016-04-24 06:20:00,0.95,0.3,0.11,0.47,0.25235137793948126
2016-04-24 06:25:00,0.95,0.3,0.11000000000000001,0.4699999999999999,0.0
2016-04-24 06:30:00,0.95,0.3,0.11000000000000001,0.4699999999999999,0.0
2016-04-24 06:35:00,0.95,0.3,0.11,0.47,0.0
2016-04-24 06:40:00,0.95,0.3,0.11000000000000001,0.4699999999999999,0.0
2016-04-24 06:45:00,0.95,0.3,0.11,0.47,0.0
2016-04-24 06:50:00,0.95,0.3,0.11000000000000001,0.4699999999999999,0.0
2016-04-24 06:55:00,0.95,0.3,0.11000000000000001,0.4699999999999999,0.0
2016-04-24 07:00:00,0.95,0.3,0.11,0.47,0.0
2016-04-24 07:05:00,0.95,0.3,0.11000000000000001,0.4699999999999999,0.0
2016-04-24 07:10:00,0.95,0.3,0.11,0.47,0.03028567436408111
2016-04-24 07:15:00,0.95,0.3,0.11000000000000001,0.4699999999999999,0.0
2016-04-24 07:20:00,0.95,0.3,0.11000000000000001,0.4699999999999999,0.0
2016-04-24 07:25:00,0.95,0.3,0.11,0.47,0.0
2016-04-24 07:30:00,0.95,0.3,0.11000000000000001,0.4699999999999999,0.0
2016-04-24 07:35:00,0.95,0.3,0.11000000000000001,0.4699999999999999,0.0
2016-04-24 07:40:00,0.95,0.3,0.11,0.47,0.0
2016-04-24 07:45:00,0.95,0.3,0.11000000000000001,0.4699999999999999,0.0
2016-04-24 07:50:00,0.95,0.3,0.11,0.47,0.0
2016-04-24 07:55:00,0.95,0.3,0.11000000000000001,0.4699999999999999,0.0
2016-04-24 08:00:00,0.95,0.3,0.11000000000000001,0.4699999999999999,0.0
2016-04-24 08:05:00,0.95,0.3,0.11,0.47,0.0
2016-04-24 08:10:00,0.95,0.3,0.11000000000000001,0.4699999999999999,0.0
2016-04-24 08:15:00,0.95,0.3,0.11,0.47,0.1784644877298856
2016-04-24 08:20:00,0.95,0.3,0.11000000000000001,0.4699999999999999,0.0
2016-04-24 08:25:00,0.95,0.3,0.11000000000000001,0.4699999999999999,0.0
2016-04-24 08:30:00,0.95,0.3,0.11,0.47,0.04049719271899784
2016-04-24 08:35:00,0.95,0.3,0.11000000000000001,0.4699999999999999,0.0
2016-04-24 08:40:00,0.95,0.3,0.11000000000000001,0.4699999999999999,0.0
2016-04-24 08:45:00,0.95,0.3,0.11,0.47,0.0
2016-04-24 08:50:00,0.95,0.3,0.11000000000000001,0.4699999999999999,0.9417301502721145
2016-04-24 08:55:00,0.95,0.3,0.11,0.47,0.0
2016-04-24 09:00:00,0.95,0.3,0.11000000000000001,0.4699999999999999,0.0
2016-04-24 09:05:00,0.95,0.3,0.11000000000000001,0.4699999999999999,0.861015895199974
2016-04-24 09:10:00,0.95,0.3,0.11,0.47,0.6713590858223578
2016-04-24 09:15:00,0.95,0.3,0.11000000000000001,0.4699999999999999,0.4366584193241426
2016-04-24 09:20:00,0.95,0.3,0.11,0.47,0.5603044604412117
2016-04-24 09:25:00,0.95,0.3,0.11000000000000001,0.4699999999999999,0.0
2016-04-24 09:30:00,0.95,0.3,0.11000000000000001,0.4699999999999999,0.2977728528110177
2016-04-24 09:35:00,0.95,0.3,0.11,0.47,0.0
2016-04-24 09:40:00,0.95,0.3,0.11000000000000001,0.4699999999999999,0.6839847560594164
2016-04-24 09:45:00,0.95,0.3,0.11000000000000001,0.4699999999999999,0.0
2016-04-24 09:50:00,0.95,0.3,0.11,0.47,0.006934748100135829
2016-04-24 09:55:00,0.95,0.3,0.11000000000000001,0.4699999999999999,0.1039587103771499
2016-04-24 10:00:00,0.95,0.3,0.11,0.47,0.0
2016-04-24 10:05:00,0.95,0.3,0.11000000000000001,0.4699999999999999,0.05861783225552747
2016-04-24 10:10:00,0.95,0.3,0.11000000000000001,0.4699999999999999,0.47845844362034606
2016-04-24 10:15:00,0.95,0.3,0.11,0.47,0.08758274674830693
2016-04-24 10:20:00,0.95,0.3,0.11000000000000001,0.4699999999999999,0.6223628276915932
2016-04-24 10:25:00,0.95,0.3,0.11,0.47,0.0
2016-04-24 10:30:00,0.95,0.3,0.11000000000000001,0.4699999999999999,0.8745441330315243
2016-04-24 10:35:00,0.95,0.3,0.11000000000000001,0.4699999999999999,0.0
2016-04-24 10:40:00,0.95,0.3,0.11,0.47,0.0010497909676576702
2016-04-24 10:45:00,0.95,0.3,0.11000000000000001,0.4699999999999999,0.46658638201071156
2016-04-24 10:50:00,0.95,0.3,0.11000000000000001,0.4699999999999999,0.897871979413544
2016-04-24 10:55:00,0.95,0.3,0.11,0.47,0.4805948441182357
2016-04-24 11:00:00,0.95,0.3,0.11000000000000001,0.4699999999999999,0.7583929173711128
2016-04-24 11:05:00,0.95,0.3,0.11,0.47,0.525555444656642
2016-04-24 11:10:00,0.95,0.3,0.11000000000000001,0.4699999999999999,0.38657166383290165
2016-04-24 11:15:00,0.95,0.3,0.11000000000000001,0.4699999999999999,0.8350066732713339
2016-04-24 11:20:00,0.95,0.3,0.11,0.47,0.9121701669320351
2016-04-24 11:25:00,0.95,0.3,0.11000000000000001,0.4699999999999999,0.0
2016-04-24 11:30:00,0.95,0.3,0.11,0.47,0.5924762148684287
2016-04-24 11:35:00,0.95,0.3,0.11000000000000001,0.4699999999999999,0.5621005070773162
2016-04-24 11:40:00,0.95,0.3,0.11000000000000001,0.4699999999999999,0.17580052898450865
2016-04-24 11:45:00,0.95,0.3,0.11,0.47,0.8235030854405126
2016-04-24 11:50:00,0.95,0.3,0.11000000000000001,0.4699999999999999,0.8451627534054899
2016-04-24 11:55:00,0.95,0.3,0.11000000000000001,0.4699999999999999,0.0
2016-04-24 12:00:00,0.95,0.3,0.11,0.47,1.0
2016-04-24 12:05:00,0.95,0.3,0.11000000000000001,0.4699999999999999,0.8259754807354073
2016-04-24 12:10:00,0.95,0.3,0.11,0.47,0.0
2016-04-24 12:15:00,0.95,0.3,0.11000000000000001,0.4699999999999999,0.13515183703386657
2016-04-24 12:20:00,0.95,0.3,0.11000000000000001,0.4699999999999999,0.06585803372083138
2016-04-24 12:25:00,0.95,0.3,0.11,0.47,0.36365711210931206
2016-04-24 12:30:00,0.95,0.3,0.11000000000000001,0.4699999999999999,0.43847001240779415
2016-04-24 12:35:00,0.95,0.3,0.11,0.47,1.0
2016-04-24 12:40:00,0.95,0.3,0.11000000000000001,0.4699999999999999,0.27166669397853593
2016-04-24 12:45:00,0.95,0.3,0.11000000000000001,0.4699999999999999,0.409136916133059
2016-04-24 12:50:00,0.95,0.3,0.11,0.47,0.7909883003597555
2016-04-24 12:55:00,0.95,0.3,0.11000000000000001,0.4699999999999999,0.11235163585227684
2016-04-24 13:00:00,0.95,0.3,0.11000000000000001,0.4699999999999999,0.7880813334409302
2016-04-24 13:05:00,0.95,0.3,0.11,0.47,0.0
2016-04-24 13:10:00,0.95,0.3,0.11000000000000001,0.4699999999999999,0.4690259929093905
2016-04-24 13:15:00,0.95,0.3,0.11,0.47,0.0
2016-04-24 13:20:00,0.95,0.3,0.11000000000000001,0.4699999999999999,1.0
2016-04-24 13:25:00,0.95,0.3,0.11000000000000001,0.4699999999999999,0.0
2016-04-24 13:30:00,0.95,0.3,0.11,0.47,0.705644018101325
2016-04-24 13:35:00,0.95,0.3,0.11000000000000001,0.4699999999999999,0.42763544859547997
2016-04-24 13:40:00,0.95,0.3,0.11,0.47,0.0
2016-04-24 13:45:00,0.95,0.3,0.11000000000000001,0.4699999999999999,0.4427868367252238
2016-04-24 13:50:00,0.95,0.3,0.11000000000000001,0.4699999999999999,0.7180176390935527
2016-04-24 13:55:00,0.95,0.3,0.11,0.47,0.5467255073094375
2016-04-24 14:00:00,0.95,0.3,0.11000000000000001,0.4699999999999999,0.4731241581828378
2016-04-24 14:05:00,0.95,0.3,0.11000000000000001,0.4699999999999999,0.6147188216908578
2016-04-24 14:10:00,0.95,0.3,0.11,0.47,0.18552291370875534
2016-04-24 14:15:00,0.95,0.3,0.11000000000000001,0.4699999999999999,0.27960567110246726
2016-04-24 14:20:00,0.95,0.3,0.11,0.47,0.6284169823290425
2016-04-24 14:25:00,0.95,0.3,0.11000000000000001,0.4699999999999999,0.7786295253861468
2016-04-24 14:30:00,0.95,0.3,0.11000000000000001,0.4699999999999999,0.16948850709108884
2016-04-24 14:35:00,0.95,0.3,0.11,0.47,0.11491865601549235
2016-04-24 14:40:00,0.95,0.3,0.11000000000000001,0.4699999999999999,0.9920046508188353
2016-04-24 14:45:00,0.95,0.3,0.11,0.47,0.5214378037379004
2016-04-24 14:50:00,0.95,0.3,0.11000000000000001,0.4699999999999999,0.7227718382036501
2016-04-24 14:55:00,0.95,0.3,0.11000000000000001,0.4699999999999999,0.0036943496104924166
2016-04-24 15:00:00,0.95,0.3,0.11,0.47,0.0
2016-04-24 15:05:00,0.95,0.3,0.11000000000000001,0.4699999999999999,0.34634543885351
2016-04-24 15:10:00,0.95,0.3,0.11000000000000001,0.4699999999999999,0.6204177842194752
2016-04-24 15:15:00,0.95,0.3,0.11,0.47,1.0
2016-04-24 15:20:00,0.95,0.3,0.11000000000000001,0.4699999999999999,0.16258811066785603
2016-04-24 15:25:00,0.95,0.3,0.11,0.47,0.040013693489977485
2016-04-24 15:30:00,0.95,0.3,0.11000000000000001,0.4699999999999999,0.20889477045696642
2016-04-24 15:35:00,0.95,0.3,0.11000000000000001,0.4699999999999999,0.21192669796366675
2016-04-24 15:40:00,0.95,0.3,0.11,0.47,0.22766729585558013
2016-04-24 15:45:00,0.95,0.3,0.11000000000000001,0.4699999999999999,0.21750355519856585
2016-04-24 15:50:00,0.95,0.3,0.11,0.47,0.9178382625024454
2016-04-24 15:55:00,0.95,0.3,0.11000000000000001,0.4699999999999999,0.567654135924886
2016-04-24 16:00:00,0.95,0.3,0.11000000000000001,0.4699999999999999,0.7861164301031291
2016-04-24 16:05:00,0.95,0.3,0.11,0.47,0.6215943753621261
2016-04-24 16:10:00,0.95,0.3,0.11000000000000001,0.4699999999999999,0.24672859647853795
2016-04-24 16:15:00,0.95,0.3,0.11000000000000001,0.4699999999999999,0.6114062034122897
2016-04-24 16:20:00,0.95,0.3,0.11,0.47,0.26609544201582325
2016-04-24 16:25:00,0.95,0.3,0.11000000000000001,0.4699999999999999,0.2668644393990325
2016-04-24 16:30:00,0.95,0.3,0.11,0.47,0.6828000727879896
2016-04-24 16:35:00,0.95,0.3,0.11000000000000001,0.4699999999999999,0.0
2016-04-24 16:40:00,0.95,0.3,0.11000000000000001,0.4699999999999999,0.3569093770179973
2016-04-24 16:45:00,0.95,0.3,0.11,0.47,0.6223135235339033
2016-04-24 16:50:00,0.95,0.3,0.11000000000000001,0.4699999999999999,0.3153495736067666
2016-04-24 16:55:00,0.95,0.3,0.11,0.47,0.10066052467623923
2016-04-24 17:00:00,0.95,0.3,0.11000000000000001,0.4699999999999999,0.6423167445794248
2016-04-24 17:05:00,0.95,0.3,0.11000000000000001,0.4699999999999999,0.8835976205975886
2016-04-24 17:10:00,0.95,0.3,0.11,0.47,0.06780440658531445
2016-04-24 17:15:00,0.95,0.3,0.11000000000000001,0.4699999999999999,0.0
2016-04-24 17:20:00,0.95,0.3,0.11000000000000001,0.4699999999999999,0.13443991708375724
2016-04-24 17:25:00,0.95,0.3,0.11,0.47,0.24338020581235553
2016-04-24 17:30:00,0.95,0.3,0.11000000000000001,0.4699999999999999,0.44101623877893925
2016-04-24 17:35:00,0.95,0.3,0.11,0.47,0.8806124311982636
2016-04-24 17:40:00,0.95,0.3,0.11000000000000001,0.4699999999999999,0.0
2016-04-24 17:45:00,0.95,0.3,0.11000000000000001,0.4699999999999999,0.3645882592843416
2016-04-24 17:50:00,0.95,0.3,0.11,0.47,0.4154513220137331
2016-04-24 17:55:00,0.95,0.3,0.11000000000000001,0.4699999999999999,0.7375297330783452
2016-04-24 18:00:00,0.95,0.3,0.11,0.47,0.5299817764869648
2016-04-24 18:05:00,0.95,0.3,0.11000000000000001,0.4699999999999999,0.0
2016-04-24 18:10:00,0.95,0.3,0.11000000000000001,0.4699999999999999,0.4128692971483924
2016-04-24 18:15:00,0.95,0.3,0.11,0.47,0.0
2016-04-24 18:20:00,0.95,0.3,0.11000000000000001,0.4699999999999999,0.0
2016-04-24 18:25:00,0.95,0.3,0.11000000000000001,0.4699999999999999,0.0
2016-04-24 18:30:00,0.95,0.3,0.11,0.47,0.0
2016-04-24 18:35:00,0.95,0.3,0.11000000000000001,0.4699999999999999,0.1280993971098109
2016-04-24 18:40:00,0.95,0.3,0.11,0.47,0.5906015394883662
2016-04-24 18:45:00,0.95,0.3,0.11000000000000001,0.4699999999999999,0.13862211277261272
2016-04-24 18:50:00,0.95,0.3,0.11000000000000001,0.4699999999999999,0.3657005195685833
2016-04-24 18:55:00,0.95,0.3,0.11,0.47,0.0
2016-04-24 19:00:00,0.95,0.3,0.11000000000000001,0.4699999999999999,0.2678964468421394
2016-04-24 19:05:00,0.95,0.3,0.11,0.47,0.16912797585208791
2016-04-24 19:10:00,0.95,0.3,0.11000000000000001,0.4699999999999999,0.05885673773419636
2016-04-24 19:15:00,0.95,0.3,0.11000000000000001,0.4699999999999999,0.04171185478742064
2016-04-24 19:20:00,0.95,0.3,0.11,0.47,0.859341082736124
2016-04-24 19:25:00,0.95,0.3,0.11000000000000001,0.4699999999999999,0.8322586412528802
2016-04-24 19:30:00,0.95,0.3,0.11000000000000001,0.4699999999999999,0.0
2016-04-24 19:35:00,0.95,0.3,0.11,0.47,0.0
2016-04-24 19:40:00,0.95,0.3,0.11000000000000001,0.4699999999999999,0.0
2016-04-24 19:45:00,0.95,0.3,0.11,0.47,0.18048969921260466
2016-04-24 19:50:00,0.95,0.3,0.11000000000000001,0.4699999999999999,0.1915407598837347
2016-04-24 19:55:00,0.95,0.3,0.11000000000000001,0.4699999999999999,0.6190640748980142
2016-04-24 20:00:00,0.95,0.3,0.11,0.47,0.42753663393931346
2016-04-24 20:05:00,0.95,0.3,0.11000000000000001,0.4699999999999999,0.42958369573488275
2016-04-24 20:10:00,0.95,0.3,0.11,0.47,0.2991329337538115
2016-04-24 20:15:00,0.95,0.3,0.11000000000000001,0.4699999999999999,0.5935580677386348
2016-04-24 20:20:00,0.95,0.3,0.11000000000000001,0.4699999999999999,0.0
2016-04-24 20:25:00,0.95,0.3,0.11,0.47,0.0
2016-04-24 20:30:00,0.95,0.3,0.11000000000000001,0.4699999999999999,0.8033876859414362
2016-04-24 20:35:00,0.95,0.3,0.11000000000000001,0.4699999999999999,0.0
2016-04-24 20:40:00,0.95,0.3,0.11,0.47,0.0
2016-04-24 20:45:00,0.95,0.3,0.11000000000000001,0.4699999999999999,0.3494529368789575
2016-04-24 20:50:00,0.95,0.3,0.11,0.47,0.07648700702618909
2016-04-24 20:55:00,0.95,0.3,0.11000000000000001,0.4699999999999999,0.5515556108807402
2016-04-24 21:00:00,0.95,0.3,0.11000000000000001,0.4699999999999999,0.0
2016-04-24 21:05:00,0.95,0.3,0.11,0.47,0.20169098914312605
2016-04-24 21:10:00,0.95,0.3,0.11000000000000001,0.4699999999999999,0.5859327957504784
2016-04-24 21:15:00,0.95,0.3,0.11,0.47,0.4467825737387728
2016-04-24 21:20:00,0.95,0.3,0.11000000000000001,0.4699999999999999,0.3835689927252225
2016-04-24 21:25:00,0.95,0.3,0.11000000000000001,0.4699999999999999,0.08984645112871217
2016-04-24 21:30:00,0.95,0.3,0.11,0.47,0.37141008621506677
2016-04-24 21:35:00,0.95,0.3,0.11000000000000001,0.4699999999999999,0.6652736177271795
2016-04-24 21:40:00,0.95,0.3,0.11000000000000001,0.4699999999999999,1.0
2016-04-24 21:45:00,0.95,0.3,0.11,0.47,0.9207794130593908
2016-04-24 21:50:00,0.95,0.3,0.11000000000000001,0.4699999999999999,0.49437679408296864
2016-04-24 21:55:00,0.95,0.3,0.11,0.47,0.4697107851905775
2016-04-24 22:00:00,0.95,0.3,0.11000000000000001,0.4699999999999999,0.49897058472977607
2016-04-24 22:05:00,0.95,0.3,0.11000000000000001,0.4699999999999999,0.11574564653297417
2016-04-24 22:10:00,0.95,0.3,0.11,0.47,0.0
2016-04-24 22:15:00,0.95,0.3,0.11000000000000001,0.4699999999999999,0.0
2016-04-24 22:20:00,0.95,0.3,0.11,0.47,0.0
2016-04-24 22:25:00,0.95,0.3,0.11000000000000001,0.4699999999999999,0.17876946723847525
2016-04-24 22:30:00,0.95,0.3,0.11000000000000001,0.4699999999999999,0.0
2016-04-24 22:35:00,0.95,0.3,0.11,0.47,0.12070572504297761
2016-04-24 22:40:00,0.95,0.3,0.11000000000000001,0.4699999999999999,0.017936796453519293
2016-04-24 22:45:00,0.95,0.3,0.11000000000000001,0.4699999999999999,0.21563607673634727
2016-04-24 22:50:00,0.95,0.3,0.11,0.47,0.34812709921242047
2016-04-24 22:55:00,0.95,0.3,0.11000000000000001,0.4699999999999999,0.9819312297601481
2016-04-24 23:00:00,0.95,0.3,0.11,0.47,0.9168085752192648
2016-04-24 23:05:00,0.95,0.3,0.11000000000000001,0.4699999999999999,0.0
2016-04-24 23:10:00,0.95,0.3,0.11000000000000001,0.4699999999999999,0.07918185652789005
2016-04-24 23:15:00,0.95,0.3,0.11,0.47,0.20375993813081175
2016-04-24 23:20:00,0.95,0.3,0.11000000000000001,0.4699999999999999,0.3049358029674118
2016-04-24 23:25:00,0.95,0.3,0.11,0.47,0.2946515771034905
2016-04-24 23:30:00,0.95,0.3,0.11000000000000001,0.4699999999999999,0.4047607150138851
2016-04-24 23:35:00,0.95,0.3,0.11000000000000001,0.4699999999999999,0.2296453678002573
2016-04-24 23:40:00,0.95,0.3,0.11,0.47,0.3906466192775412
2016-04-24 23:45:00,0.95,0.3,0.11000000000000001,0.4699999999999999,0.25776923513465255
2016-04-24 23:50:00,0.95,0.3,0.11000000000000001,0.4699999999999999,0.0
2016-04-24 23:55:00,0.95,0.3,0.11,0.47,0.2883736837678261
2016-04-25 00:00:00,0.95,0.3,0.11000000000000001,0.4699999999999999,0.303080335108121
2016-04-25 00:05:00,0.95,0.3,0.11,0.47,0.5768152915830255
2016-04-25 00:10:00,0.95,0.3,0.11000000000000001,0.4699999999999999,0.7904728543799171
2016-04-25 00:15:00,0.95,0.3,0.11000000000000001,0.4699999999999999,0.0
2016-04-25 00:20:00,0.95,0.3,0.11,0.47,0.0
2016-04-25 00:25:00,0.95,0.3,0.11000000000000001,0.4699999999999999,0.7028724436804217
2016-04-25 00:30:00,0.95,0.3,0.11,0.47,1.0
2016-04-25 00:35:00,0.95,0.3,0.11000000000000001,0.4699999999999999,0.5468619374033064
2016-04-25 00:40:00,0.95,0.3,0.11000000000000001,0.4699999999999999,0.29150674099343216
2016-04-25 00:45:00,0.95,0.3,0.11,0.47,0.18864815153434505
2016-04-25 00:50:00,0.95,0.3,0.11000000000000001,0.4699999999999999,0.624550827513452
2016-04-25 00:55:00,0.95,0.3,0.11000000000000001,0.4699999999999999,0.40624052618269924
2016-04-25 01:00:00,0.95,0.3,0.11,0.47,0.2465099281822123
2016-04-25 01:05:00,0.95,0.3,0.11000000000000001,0.4699999999999999,0.7112585691896205
2016-04-25 01:10:00,0.95,0.3,0.11,0.47,0.715818130569154
2016-04-25 01:15:00,0.95,0.3,0.11000000000000001,0.4699999999999999,0.0
2016-04-25 01:20:00,0.95,0.3,0.11000000000000001,0.4699999999999999,0.4161459796402852
2016-04-25 01:25:00,0.95,0.3,0.11,0.47,0.0
2016-04-25 01:30:00,0.95,0.3,0.11000000000000001,0.4699999999999999,0.02980689053098559
2016-04-25 01:35:00,0.95,0.3,0.11,0.47,0.9851627218500649
2016-04-25 01:40:00,0.95,0.3,0.11000000000000001,0.4699999999999999,0.0
2016-04-25 01:45:00,0.95,0.3,0.11000000000000001,0.4699999999999999,0.007868496338399027
2016-04-25 01:50:00,0.95,0.3,0.11,0.47,0.0
2016-04-25 01:55:00,0.95,0.3,0.11000000000000001,0.4699999999999999,0.06515903695074371
2016-04-25 02:00:00,0.95,0.3,0.11000000000000001,0.4699999999999999,0.31386874645965096
2016-04-25 02:05:00,0.95,0.3,0.11,0.47,0.0
2016-04-25 02:10:00,0.95,0.3,0.11000000000000001,0.4699999999999999,0.7273409203748586
2016-04-25 02:15:00,0.95,0.3,0.11,0.47,0.48116341433338716
2016-04-25 02:20:00,0.95,0.3,0.11000000000000001,0.4699999999999999,0.0
2016-04-25 02:25:00,0.95,0.3,0.11000000000000001,0.4699999999999999,0.0
2016-04-25 02:30:00,0.95,0.3,0.11,0.47,0.8871959614775885
2016-04-25 02:35:00,0.95,0.3,0.11000000000000001,0.4699999999999999,0.0
2016-04-25 02:40:00,0.95,0.3,0.11,0.47,0.5350064116820259
2016-04-25 02:45:00,0.95,0.3,0.11000000000000001,0.4699999999999999,0.0
2016-04-25 02:50:00,0.95,0.3,0.11000000000000001,0.4699999999999999,0.10431571491576133
2016-04-25 02:55:00,0.95,0.3,0.11,0.47,0.23684683666106188
2016-04-25 03:00:00,0.95,0.3,0.11000000000000001,0.4699999999999999,0.0
2016-04-25 03:05:00,0.95,0.3,0.11000000000000001,0.4699999999999999,0.9211239781463713
2016-04-25 03:10:00,0.95,0.3,0.11,0.47,0.4577631402514189
2016-04-25 03:15:00,0.95,0.3,0.11000000000000001,0.4699999999999999,0.0
2016-04-25 03:20:00,0.95,0.3,0.11,0.47,0.9536769499930466
2016-04-25 03:25:00,0.95,0.3,0.11000000000000001,0.4699999999999999,0.17700875802395083
2016-04-25 03:30:00,0.95,0.3,0.11000000000000001,0.4699999999999999,0.07001886927250117
2016-04-25 03:35:00,0.95,0.3,0.11,0.47,0.7256594027265211
2016-04-25 03:40:00,0.95,0.3,0.11000000000000001,0.4699999999999999,0.0
2016-04-25 03:45:00,0.95,0.3,0.11,0.47,0.0
2016-04-25 03:50:00,0.95,0.3,0.11000000000000001,0.4699999999999999,0.15354523503626746
2016-04-25 03:55:00,0.95,0.3,0.11000000000000001,0.4699999999999999,0.19912866250517897
2016-04-25 04:00:00,0.95,0.3,0.11,0.47,0.0
2016-04-25 04:05:00,0.95,0.3,0.11000000000000001,0.4699999999999999,0.0
2016-04-25 04:10:00,0.95,0.3,0.11000000000000001,0.4699999999999999,0.0
2016-04-25 04:15:00,0.95,0.3,0.11,0.47,0.0
2016-04-25 04:20:00,0.95,0.3,0.11000000000000001,0.4699999999999999,0.33842610589528616
2016-04-25 04:25:00,0.95,0.3,0.11,0.47,0.1733755912941713
2016-04-25 04:30:00,0.95,0.3,0.11000000000000001,0.4699999999999999,0.4217028190519697
2016-04-25 04:35:00,0.95,0.3,0.11000000000000001,0.4699999999999999,0.6667909467381156
2016-04-25 04:40:00,0.95,0.3,0.11,0.47,0.13685191722226475
2016-04-25 04:45:00,0.95,0.3,0.11000000000000001,0.4699999999999999,0.0
2016-04-25 04:50:00,0.95,0.3,0.11,0.47,0.0
2016-04-25 04:55:00,0.95,0.3,0.11000000000000001,0.4699999999999999,0.0
2016-04-25 05:00:00,0.95,0.3,0.11000000000000001,0.4699999999999999,0.16338720774118562
2016-04-25 05:05:00,0.95,0.3,0.11,0.47,0.0
2016-04-25 05:10:00,0.95,0.3,0.11000000000000001,0.4699999999999999,0.0
2016-04-25 05:15:00,0.95,0.3,0.11000000000000001,0.4699999999999999,0.0
2016-04-25 05:20:00,0.95,0.3,0.11,0.47,0.0
2016-04-25 05:25:00,0.95,0.3,0.11000000000000001,0.4699999999999999,0.0
2016-04-25 05:30:00,0.95,0.3,0.11,0.47,0.0
2016-04-25 05:35:00,0.95,0.3,0.11000000000000001,0.4699999999999999,0.0
2016-04-25 05:40:00,0.95,0.3,0.11000000000000001,0.4699999999999999,0.0
2016-04-25 05:45:00,0.95,0.3,0.11,0.47,0.0
2016-04-25 05:50:00,0.95,0.3,0.11000000000000001,0.4699999999999999,0.2811795268500925
2016-04-25 05:55:00,0.95,0.3,0.11,0.47,0.0
2016-04-25 06:00:00,0.95,0.3,0.11000000000000001,0.4699999999999999,0.0
2016-04-25 06:05:00,0.95,0.3,0.11000000000000001,0.4699999999999999,0.0
2016-04-25 06:10:00,0.95,0.3,0.11,0.47,0.24680938762795512
2016-04-25 06:15:00,0.95,0.3,0.11000000000000001,0.4699999999999999,0.0
2016-04-25 06:20:00,0.95,0.3,0.11000000000000001,0.4699999999999999,0.0
2016-04-25 06:25:00,0.95,0.3,0.11,0.47,0.0
2016-04-25 06:30:00,0.95,0.3,0.11000000000000001,0.4699999999999999,0.0
2016-04-25 06:35:00,0.95,0.3,0.11,0.47,0.06437071915047493
2016-04-25 06:40:00,0.95,0.3,0.11000000000000001,0.4699999999999999,0.0
2016-04-25 06:45:00,0.95,0.3,0.11000000000000001,0.4699999999999999,0.0
2016-04-25 06:50:00,0.95,0.3,0.11,0.47,0.0
2016-04-25 06:55:00,0.95,0.3,0.11000000000000001,0.4699999999999999,0.10469694129485055
2016-04-25 07:00:00,0.95,0.3,0.11,0.47,0.0
2016-04-25 07:05:00,0.95,0.3,0.11000000000000001,0.4699999999999999,0.0
2016-04-25 07:10:00,0.95,0.3,0.11000000000000001,0.4699999999999999,0.0
2016-04-25 07:15:00,0.95,0.3,0.11,0.47,0.6738967672039514
2016-04-25 07:20:00,0.95,0.3,0.11000000000000001,0.4699999999999999,0.0
2016-04-25 07:25:00,0.95,0.3,0.11000000000000001,0.4699999999999999,0.0
2016-04-25 07:30:00,0.95,0.3,0.11,0.47,0.0
2016-04-25 07:35:00,0.95,0.3,0.11000000000000001,0.4699999999999999,0.0
2016-04-25 07:40:00,0.95,0.3,0.11,0.47,0.0
2016-04-25 07:45:00,0.95,0.3,0.11000000000000001,0.4699999999999999,0.0
2016-04-25 07:50:00,0.95,0.3,0.11000000000000001,0.4699999999999999,0.0
2016-04-25 07:55:00,0.95,0.3,0.11,0.47,0.0
2016-04-25 08:00:00,0.95,0.3,0.11000000000000001,0.4699999999999999,0.08217389639999288
2016-04-25 08:05:00,0.95,0.3,0.11,0.47,0.0
2016-04-25 08:10:00,0.95,0.3,0.11000000000000001,0.4699999999999999,0.0
2016-04-25 08:15:00,0.95,0.3,0.11000000000000001,0.4699999999999999,0.0
2016-04-25 08:20:00,0.95,0.3,0.11,0.47,0.0
2016-04-25 08:25:00,0.95,0.3,0.11000000000000001,0.4699999999999999,0.0
2016-04-25 08:30:00,0.95,0.3,0.11000000000000001,0.4699999999999999,0.6712336758763521
2016-04-25 08:35:00,0.95,0.3,0.11,0.47,0.0
2016-04-25 08:40:00,0.95,0.3,0.11000000000000001,0.4699999999999999,0.0
2016-04-25 08:45:00,0.95,0.3,0.11,0.47,0.0
2016-04-25 08:50:00,0.95,0.3,0.11000000000000001,0.4699999999999999,0.0
2016-04-25 08:55:00,0.95,0.3,0.11000000000000001,0.4699999999999999,0.0
2016-04-25 09:00:00,0.95,0.3,0.11,0.47,0.36287904659990844
2016-04-25 09:05:00,0.95,0.3,0.11000000000000001,0.4699999999999999,0.0
2016-04-25 09:10:00,0.95,0.3,0.11,0.47,0.0
2016-04-25 09:15:00,0.95,0.3,0.11000000000000001,0.4699999999999999,0.0
2016-04-25 09:20:00,0.95,0.3,0.11000000000000001,0.4699999999999999,0.0
2016-04-25 09:25:00,0.95,0.3,0.11,0.47,0.0
2016-04-25 09:30:00,0.95,0.3,0.11000000000000001,0.4699999999999999,0.0
2016-04-25 09:35:00,0.95,0.3,0.11000000000000001,0.4699999999999999,0.49664236315120025
2016-04-25 09:40:00,0.95,0.3,0.11,0.47,0.0
2016-04-25 09:45:00,0.95,0.3,0.11000000000000001,0.4699999999999999,0.0
2016-04-25 09:50:00,0.95,0.3,0.11,0.47,0.0
2016-04-25 09:55:00,0.95,0.3,0.11000000000000001,0.4699999999999999,0.0
2016-04-25 10:00:00,0.95,0.3,0.11000000000000001,0.4699999999999999,0.0
2016-04-25 10:05:00,0.95,0.3,0.11,0.47,0.0
2016-04-25 10:10:00,0.95,0.3,0.11000000000000001,0.4699999999999999,0.0
2016-04-25 10:15:00,0.95,0.3,0.11,0.47,0.0
2016-04-25 10:20:00,0.95,0.3,0.11000000000000001,0.4699999999999999,0.0
2016-04-25 10:25:00,0.95,0.3,0.11000000000000001,0.4699999999999999,0.0
2016-04-25 10:30:00,0.95,0.3,0.11,0.47,0.0
2016-04-25 10:35:00,0.95,0.3,0.11000000000000001,0.4699999999999999,0.0
2016-04-25 10:40:00,0.95,0.3,0.11000000000000001,0.4699999999999999,0.0
2016-04-25 10:45:00,0.95,0.3,0.11,0.47,0.0
2016-04-25 10:50:00,0.95,0.3,0.11000000000000001,0.4699999999999999,0.06702235940237994
2016-04-25 10:55:00,0.95,0.3,0.11,0.47,0.0
2016-04-25 11:00:00,0.95,0.3,0.11000000000000001,0.4699999999999999,0.0
2016-04-25 11:05:00,0.95,0.3,0.11000000000000001,0.4699999999999999,0.0
2016-04-25 11:10:00,0.95,0.3,0.11,0.47,0.0
2016-04-25 11:15:00,0.95,0.3,0.11000000000000001,0.4699999999999999,0.0
2016-04-25 11:20:00,0.95,0.3,0.11,0.47,0.0
2016-04-25 11:25:00,0.95,0.3,0.11000000000000001,0.4699999999999999,0.05832428784969364
2016-04-25 11:30:00,0.95,0.3,0.11000000000000001,0.4699999999999999,0.04557662635655153
2016-04-25 11:35:00,0.95,0.3,0.11,0.47,0.0
2016-04-25 11:40:00,0.95,0.3,0.11000000000000001,0.4699999999999999,0.32572968014107334
2016-04-25 11:45:00,0.95,0.3,0.11000000000000001,0.4699999999999999,0.0
2016-04-25 11:50:00,0.95,0.3,0.11,0.47,0.0
2016-04-25 11:55:00,0.95,0.3,0.11000000000000001,0.4699999999999999,0.0
2016-04-25 12:00:00,0.95,0.3,0.11,0.47,0.0
2016-04-25 12:05:00,0.95,0.3,0.11000000000000001,0.4699999999999999,0.0
2016-04-25 12:10:00,0.95,0.3,0.11000000000000001,0.4699999999999999,0.0
2016-04-25 12:15:00,0.95,0.3,0.11,0.47,0.0
2016-04-25 12:20:00,0.95,0.3,0.11000000000000001,0.4699999999999999,0.0
2016-04-25 12:25:00,0.95,0.3,0.11,0.47,0.0
2016-04-25 12:30:00,0.95,0.3,0.11000000000000001,0.4699999999999999,0.0
2016-04-25 12:35:00,0.95,0.3,0.11000000000000001,0.4699999999999999,0.0
2016-04-25 12:40:00,0.95,0.3,0.11,0.47,0.0
2016-04-25 12:45:00,0.95,0.3,0.11000000000000001,0.4699999999999999,0.0
2016-04-25 12:50:00,0.95,0.3,0.11000000000000001,0.4699999999999999,0.009310096776893309
2016-04-25 12:55:00,0.95,0.3,0.11,0.47,0.0
2016-04-25 13:00:00,0.95,0.3,0.11000000000000001,0.4699999999999999,0.0
2016-04-25 13:05:00,0.95,0.3,0.11,0.47,0.0
2016-04-25 13:10:00,0.95,0.3,0.11000000000000001,0.4699999999999999,0.0
2016-04-25 13:15:00,0.95,0.3,0.11000000000000001,0.4699999999999999,0.0
2016-04-25 13:20:00,0.95,0.3,0.11,0.47,0.0
2016-04-25 13:25:00,0.95,0.3,0.11000000000000001,0.4699999999999999,0.33776791938281175
2016-04-25 13:30:00,0.95,0.3,0.11,0.47,0.0
2016-04-25 13:35:00,0.95,0.3,0.11000000000000001,0.4699999999999999,0.0
2016-04-25 13:40:00,0.95,0.3,0.11000000000000001,0.4699999999999999,0.0
2016-04-25 13:45:00,0.95,0.3,0.11,0.47,0.0
2016-04-25 13:50:00,0.95,0.3,0.11000000000000001,0.4699999999999999,0.0
2016-04-25 13:55:00,0.95,0.3,0.11000000000000001,0.4699999999999999,0.0
2016-04-25 14:00:00,0.95,0.3,0.11,0.47,0.0
2016-04-25 14:05:00,0.95,0.3,0.11000000000000001,0.4699999999999999,0.0
2016-04-25 14:10:00,0.95,0.3,0.11,0.47,0.0
2016-04-25 14:15:00,0.95,0.3,0.11000000000000001,0.4699999999999999,0.0
2016-04-25 14:20:00,0.95,0.3,0.11000000000000001,0.4699999999999999,0.0
2016-04-25 14:25:00,0.95,0.3,0.11,0.47,0.0
2016-04-25 14:30:00,0.95,0.3,0.11000000000000001,0.4699999999999999,0.07248048612535689
2016-04-25 14:35:00,0.95,0.3,0.11,0.47,0.4040812164655435
2016-04-25 14:40:00,0.95,0.3,0.11000000000000001,0.4699999999999999,0.0
2016-04-25 14:45:00,0.95,0.3,0.11000000000000001,0.4699999999999999,0.0
2016-04-25 14:50:00,0.95,0.3,0.11,0.47,0.0
2016-04-25 14:55:00,0.95,0.3,0.11000000000000001,0.4699999999999999,0.0
2016-04-25 15:00:00,0.95,0.3,0.11000000000000001,0.4699999999999999,0.0
2016-04-25 15:05:00,0.95,0.3,0.11,0.47,0.0
2016-04-25 15:10:00,0.95,0.3,0.11000000000000001,0.4699999999999999,0.26804810567561765
2016-04-25 15:15:00,0.95,0.3,0.11,0.47,0.0
2016-04-25 15:20:00,0.95,0.3,0.11000000000000001,0.4699999999999999,0.0
2016-04-25 15:25:00,0.95,0.3,0.11000000000000001,0.4699999999999999,0.0
2016-04-25 15:30:00,0.95,0.3,0.11,0.47,0.0
2016-04-25 15:35:00,0.95,0.3,0.11000000000000001,0.4699999999999999,0.2708536494225975
2016-04-25 15:40:00,0.95,0.3,0.11,0.47,0.0
2016-04-25 15:45:00,0.95,0.3,0.11000000000000001,0.4699999999999999,0.3778464535641365
2016-04-25 15:50:00,0.95,0.3,0.11000000000000001,0.4699999999999999,0.0
2016-04-25 15:55:00,0.95,0.3,0.11,0.47,0.0
2016-04-25 16:00:00,0.95,0.3,0.11000000000000001,0.4699999999999999,0.0
2016-04-25 16:05:00,0.95,0.3,0.11000000000000001,0.4699999999999999,0.11824171916478432
2016-04-25 16:10:00,0.95,0.3,0.11,0.47,0.0
2016-04-25 16:15:00,0.95,0.3,0.11000000000000001,0.4699999999999999,0.0
2016-04-25 16:20:00,0.95,0.3,0.11,0.47,0.013804388964244728
2016-04-25 16:25:00,0.95,0.3,0.11000000000000001,0.4699999999999999,0.0
2016-04-25 16:30:00,0.95,0.3,0.11000000000000001,0.4699999999999999,0.029544167660884274
2016-04-25 16:35:00,0.95,0.3,0.11,0.47,0.0
2016-04-25 16:40:00,0.95,0.3,0.11000000000000001,0.4699999999999999,0.0
2016-04-25 16:45:00,0.95,0.3,0.11,0.47,0.495603591306943
2016-04-25 16:50:00,0.95,0.3,0.11000000000000001,0.4699999999999999,0.0
2016-04-25 16:55:00,0.95,0.3,0.11000000000000001,0.4699999999999999,0.0
2016-04-25 17:00:00,0.95,0.3,0.11,0.47,0.01992662018537759
2016-04-25 17:05:00,0.95,0.3,0.11000000000000001,0.4699999999999999,0.0
2016-04-25 17:10:00,0.95,0.3,0.11000000000000001,0.4699999999999999,0.0
2016-04-25 17:15:00,0.95,0.3,0.11,0.47,0.0
2016-04-25 17:20:00,0.95,0.3,0.11000000000000001,0.4699999999999999,0.0
2016-04-25 17:25:00,0.95,0.3,0.11,0.47,0.41883571827752114
2016-04-25 17:30:00,0.95,0.3,0.11000000000000001,0.4699999999999999,0.0
2016-04-25 17:35:00,0.95,0.3,0.11000000000000001,0.4699999999999999,0.0
2016-04-25 17:40:00,0.95,0.3,0.11,0.47,0.0
2016-04-25 17:45:00,0.95,0.3,0.11000000000000001,0.4699999999999999,0.0
2016-04-25 17:50:00,0.95,0.3,0.11,0.47,0.0
2016-04-25 17:55:00,0.95,0.3,0.11000000000000001,0.4699999999999999,0.0
2016-04-25 18:00:00,0.95,0.3,0.11000000000000001,0.4699999999999999,0.07936484555047134
2016-04-25 18:05:00,0.95,0.3,0.11,0.47,0.2760926572869169
2016-04-25 18:10:00,0.95,0.3,0.11000000000000001,0.4699999999999999,0.0
2016-04-25 18:15:00,0.95,0.3,0.11000000000000001,0.4699999999999999,0.0
2016-04-25 18:20:00,0.95,0.3,0.11,0.47,0.0
2016-04-25 18:25:00,0.95,0.3,0.11000000000000001,0.4699999999999999,0.0
2016-04-25 18:30:00,0.95,0.3,0.11,0.47,0.0
2016-04-25 18:35:00,0.95,0.3,0.11000000000000001,0.4699999999999999,0.11451345901047008
2016-04-25 18:40:00,0.95,0.3,0.11000000000000001,0.4699999999999999,0.0
2016-04-25 18:45:00,0.95,0.3,0.11,0.47,0.0
2016-04-25 18:50:00,0.95,0.3,0.11000000000000001,0.4699999999999999,0.0
2016-04-25 18:55:00,0.95,0.3,0.11,0.47,0.0
2016-04-25 19:00:00,0.95,0.3,0.11000000000000001,0.4699999999999999,0.31954846032353074
2016-04-25 19:05:00,0.95,0.3,0.11000000000000001,0.4699999999999999,0.0
2016-04-25 19:10:00,0.95,0.3,0.11,0.47,0.0
2016-04-25 19:15:00,0.95,0.3,0.11000000000000001,0.4699999999999999,0.0
2016-04-25 19:20:00,0.95,0.3,0.11000000000000001,0.4699999999999999,0.0
2016-04-25 19:25:00,0.95,0.3,0.11,0.47,0.0
2016-04-25 19:30:00,0.95,0.3,0.11000000000000001,0.4699999999999999,0.0
2016-04-25 19:35:00,0.95,0.3,0.11,0.47,0.20003994205850956
2016-04-25 19:40:00,0.95,0.3,0.11000000000000001,0.4699999999999999,0.0
2016-04-25 19:45:00,0.95,0.3,0.11000000000000001,0.4699999999999999,0.0
2016-04-25 19:50:00,0.95,0.3,0.11,0.47,0.0
2016-04-25 19:55:00,0.95,0.3,0.11000000000000001,0.4699999999999999,0.08593287987211255
2016-04-25 20:00:00,0.95,0.3,0.11,0.47,0.0
2016-04-25 20:05:00,0.95,0.3,0.11000000000000001,0.4699999999999999,0.0
2016-04-25 20:10:00,0.95,0.3,0.11000000000000001,0.4699999999999999,0.0
2016-04-25 20:15:00,0.95,0.3,0.11,0.47,0.0
2016-04-25 20:20:00,0.95,0.3,0.11000000000000001,0.4699999999999999,0.0
2016-04-25 20:25:00,0.95,0.3,0.11000000000000001,0.4699999999999999,0.0
2016-04-25 20:30:00,0.95,0.3,0.11,0.47,0.0
2016-04-25 20:35:00,0.95,0.3,0.11000000000000001,0.4699999999999999,0.0
2016-04-25 20:40:00,0.95,0.3,0.11,0.47,0.0
2016-04-25 20:45:00,0.95,0.3,0.11000000000000001,0.4699999999999999,0.25723491837954504
2016-04-25 20:50:00,0.95,0.3,0.11000000000000001,0.4699999999999999,0.0
2016-04-25 20:55:00,0.95,0.3,0.11,0.47,0.0
2016-04-25 21:00:00,0.95,0.3,0.11000000000000001,0.4699999999999999,0.0
2016-04-25 21:05:00,0.95,0.3,0.11,0.47,0.0
2016-04-25 21:10:00,0.95,0.3,0.11000000000000001,0.4699999999999999,0.0
2016-04-25 21:15:00,0.95,0.3,0.11000000000000001,0.4699999999999999,0.17871667344948589
2016-04-25 21:20:00,0.95,0.3,0.11,0.47,0.038566613154573624
2016-04-25 21:25:00,0.95,0.3,0.11000000000000001,0.4699999999999999,0.0
2016-04-25 21:30:00,0.95,0.3,0.11000000000000001,0.4699999999999999,0.0
2016-04-25 21:35:00,0.95,0.3,0.11,0.47,0.0
2016-04-25 21:40:00,0.95,0.3,0.11000000000000001,0.4699999999999999,0.0
2016-04-25 21:45:00,0.95,0.3,0.11,0.47,0.0
2016-04-25 21:50:00,0.95,0.3,0.11000000000000001,0.4699999999999999,0.0
2016-04-25 21:55:00,0.95,0.3,0.11000000000000001,0.4699999999999999,0.0
2016-04-25 22:00:00,0.95,0.3,0.11,0.47,0.0
2016-04-25 22:05:00,0.95,0.3,0.11000000000000001,0.4699999999999999,0.0
2016-04-25 22:10:00,0.95,0.3,0.11,0.47,0.0
2016-04-25 22:15:00,0.95,0.3,0.11000000000000001,0.4699999999999999,0.0
2016-04-25 22:20:00,0.95,0.3,0.11000000000000001,0.4699999999999999,0.0
2016-04-25 22:25:00,0.95,0.3,0.11,0.47,0.026498873461047154
2016-04-25 22:30:00,0.95,0.3,0.11000000000000001,0.4699999999999999,0.0
2016-04-25 22:35:00,0.95,0.3,0.11000000000000001,0.4699999999999999,0.0
2016-04-25 22:40:00,0.95,0.3,0.11,0.47,0.0
2016-04-25 22:45:00,0.95,0.3,0.11000000000000001,0.4699999999999999,0.0
2016-04-25 22:50:00,0.95,0.3,0.11,0.47,0.0
2016-04-25 22:55:00,0.95,0.3,0.11000000000000001,0.4699999999999999,0.0
2016-04-25 23:00:00,0.95,0.3,0.11000000000000001,0.4699999999999999,0.0
2016-04-25 23:05:00,0.95,0.3,0.11,0.47,0.0
2016-04-25 23:10:00,0.95,0.3,0.11000000000000001,0.4699999999999999,0.6240967557535776
2016-04-25 23:15:00,0.95,0.3,0.11,0.47,0.45458479100952204
2016-04-25 23:20:00,0.95,0.3,0.11000000000000001,0.4699999999999999,0.0
2016-04-25 23:25:00,0.95,0.3,0.11000000000000001,0.4699999999999999,0.0
2016-04-25 23:30:00,0.95,0.3,0.11,0.47,0.0
2016-04-25 23:35:00,0.95,0.3,0.11000000000000001,0.4699999999999999,0.0
2016-04-25 23:40:00,0.95,0.3,0.11000000000000001,0.4699999999999999,0.0
2016-04-25 23:45:00,0.95,0.3,0.11,0.47,0.0
2016-04-25 23:50:00,0.95,0.3,0.11000000000000001,0.4699999999999999,0.0
2016-04-25 23:55:00,0.95,0.3,0.11,0.47,0.0
2016-04-26 00:00:00,0.95,0.3,0.11000000000000001,0.4699999999999999,0.01667593420036083
2016-04-26 00:05:00,0.95,0.3,0.11000000000000001,0.4699999999999999,0.0
2016-04-26 00:10:00,0.95,0.3,0.11,0.47,0.0
2016-04-26 00:15:00,0.95,0.3,0.11000000000000001,0.4699999999999999,0.0
2016-04-26 00:20:00,0.95,0.3,0.11,0.47,0.0
2016-04-26 00:25:00,0.95,0.3,0.11000000000000001,0.4699999999999999,0.0
2016-04-26 00:30:00,0.95,0.3,0.11000000000000001,0.4699999999999999,0.0
2016-04-26 00:35:00,0.95,0.3,0.11,0.47,0.0
2016-04-26 00:40:00,0.95,0.3,0.11000000000000001,0.4699999999999999,0.0
2016-04-26 00:45:00,0.95,0.3,0.11000000000000001,0.4699999999999999,0.0
2016-04-26 00:50:00,0.95,0.3,0.11,0.47,0.0
2016-04-26 00:55:00,0.95,0.3,0.11000000000000001,0.4699999999999999,0.0
2016-04-26 01:00:00,0.95,0.3,0.11,0.47,0.0
2016-04-26 01:05:00,0.95,0.3,0.11000000000000001,0.4699999999999999,0.0
2016-04-26 01:10:00,0.95,0.3,0.11000000000000001,0.4699999999999999,0.0
2016-04-26 01:15:00,0.95,0.3,0.11,0.47,0.0
2016-04-26 01:20:00,0.95,0.3,0.11000000000000001,0.4699999999999999,0.0
2016-04-26 01:25:00,0.95,0.3,0.11,0.47,0.0
2016-04-26 01:30:00,0.95,0.3,0.11000000000000001,0.4699999999999999,0.0
2016-04-26 01:35:00,0.95,0.3,0.11000000000000001,0.4699999999999999,0.0
2016-04-26 01:40:00,0.95,0.3,0.11,0.47,0.0
2016-04-26 01:45:00,0.95,0.3,0.11000000000000001,0.4699999999999999,0.0
2016-04-26 01:50:00,0.95,0.3,0.11000000000000001,0.4699999999999999,0.0
2016-04-26 01:55:00,0.95,0.3,0.11,0.47,0.0
2016-04-26 02:00:00,0.95,0.3,0.11000000000000001,0.4699999999999999,0.0
2016-04-26 02:05:00,0.95,0.3,0.11,0.47,0.0
2016-04-26 02:10:00,0.95,0.3,0.11000000000000001,0.4699999999999999,0.0
2016-04-26 02:15:00,0.95,0.3,0.11000000000000001,0.4699999999999999,0.0
2016-04-26 02:20:00,0.95,0.3,0.11,0.47,0.0
2016-04-26 02:25:00,0.95,0.3,0.11000000000000001,0.4699999999999999,0.0
2016-04-26 02:30:00,0.95,0.3,0.11,0.47,0.0
2016-04-26 02:35:00,0.95,0.3,0.11000000000000001,0.4699999999999999,0.0
2016-04-26 02:40:00,0.95,0.3,0.11000000000000001,0.4699999999999999,0.0
2016-04-26 02:45:00,0.95,0.3,0.11,0.47,0.0
2016-04-26 02:50:00,0.95,0.3,0.11000000000000001,0.4699999999999999,0.3810322466239865
2016-04-26 02:55:00,0.95,0.3,0.11000000000000001,0.4699999999999999,0.0
2016-04-26 03:00:00,0.95,0.3,0.11,0.47,0.0
2016-04-26 03:05:00,0.95,0.3,0.11000000000000001,0.4699999999999999,0.0
2016-04-26 03:10:00,0.95,0.3,0.11,0.47,0.22324995832570174
2016-04-26 03:15:00,0.95,0.3,0.11000000000000001,0.4699999999999999,0.0
2016-04-26 03:20:00,0.95,0.3,0.11000000000000001,0.4699999999999999,0.07233637705103428
2016-04-26 03:25:00,0.95,0.3,0.11,0.47,0.0
2016-04-26 03:30:00,0.95,0.3,0.11000000000000001,0.4699999999999999,0.0
2016-04-26 03:35:00,0.95,0.3,0.11,0.47,0.0
2016-04-26 03:40:00,0.95,0.3,0.11000000000000001,0.4699999999999999,0.0
2016-04-26 03:45:00,0.95,0.3,0.11000000000000001,0.4699999999999999,0.0
2016-04-26 03:50:00,0.95,0.3,0.11,0.47,0.0
2016-04-26 03:55:00,0.95,0.3,0.11000000000000001,0.4699999999999999,0.0
2016-04-26 04:00:00,0.95,0.3,0.11000000000000001,0.4699999999999999,0.0
2016-04-26 04:05:00,0.95,0.3,0.11,0.47,0.0
2016-04-26 04:10:00,0.95,0.3,0.11000000000000001,0.4699999999999999,0.0
2016-04-26 04:15:00,0.95,0.3,0.11,0.47,0.0
2016-04-26 04:20:00,0.95,0.3,0.11000000000000001,0.4699999999999999,0.0
2016-04-26 04:25:00,0.95,0.3,0.11000000000000001,0.4699999999999999,0.0
2016-04-26 04:30:00,0.95,0.3,0.11,0.47,0.0
2016-04-26 04:35:00,0.95,0.3,0.11000000000000001,0.4699999999999999,0.0
2016-04-26 04:40:00,0.95,0.3,0.11,0.47,0.0
2016-04-26 04:45:00,0.95,0.3,0.11000000000000001,0.4699999999999999,0.16738711249239854
2016-04-26 04:50:00,0.95,0.3,0.11000000000000001,0.4699999999999999,0.0
2016-04-26 04:55:00,0.95,0.3,0.11,0.47,0.0
2016-04-26 05:00:00,0.95,0.3,0.11000000000000001,0.4699999999999999,0.0
2016-04-26 05:05:00,0.95,0.3,0.11000000000000001,0.4699999999999999,0.0
2016-04-26 05:10:00,0.95,0.3,0.11,0.47,0.0
2016-04-26 05:15:00,0.95,0.3,0.11000000000000001,0.4699999999999999,0.0
2016-04-26 05:20:00,0.95,0.3,0.11,0.47,0.0
2016-04-26 05:25:00,0.95,0.3,0.11000000000000001,0.4699999999999999,0.0
2016-04-26 05:30:00,0.95,0.3,0.11000000000000001,0.4699999999999999,0.0
2016-04-26 05:35:00,0.95,0.3,0.11,0.47,0.0
2016-04-26 05:40:00,0.95,0.3,0.11000000000000001,0.4699999999999999,0.09642683094261298
2016-04-26 05:45:00,0.95,0.3,0.11,0.47,0.0
2016-04-26 05:50:00,0.95,0.3,0.11000000000000001,0.4699999999999999,0.0
2016-04-26 05:55:00,0.95,0.3,0.11000000000000001,0.4699999999999999,0.0
2016-04-26 06:00:00,0.95,0.3,0.11,0.47,0.0
2016-04-26 06:05:00,0.95,0.3,0.11000000000000001,0.4699999999999999,0.0
2016-04-26 06:10:00,0.95,0.3,0.11000000000000001,0.4699999999999999,0.0
2016-04-26 06:15:00,0.95,0.3,0.11,0.47,0.0
2016-04-26 06:20:00,0.95,0.3,0.11000000000000001,0.4699999999999999,0.0
2016-04-26 06:25:00,0.95,0.3,0.11,0.47,0.0
2016-04-26 06:30:00,0.95,0.3,0.11000000000000001,0.4699999999999999,0.0
2016-04-26 06:35:00,0.95,0.3,0.11000000000000001,0.4699999999999999,0.0
2016-04-26 06:40:00,0.95,0.3,0.11,0.47,0.0
2016-04-26 06:45:00,0.95,0.3,0.11000000000000001,0.4699999999999999,0.15936097905050448
2016-04-26 06:50:00,0.95,0.3,0.11,0.47,0.0
2016-04-26 06:55:00,0.95,0.3,0.11000000000000001,0.4699999999999999,0.0
2016-04-26 07:00:00,0.95,0.3,0.11000000000000001,0.4699999999999999,0.0
2016-04-26 07:05:00,0.95,0.3,0.11,0.47,0.0
2016-04-26 07:10:00,0.95,0.3,0.11000000000000001,0.4699999999999999,0.0
2016-04-26 07:15:00,0.95,0.3,0.11000000000000001,0.4699999999999999,0.0
2016-04-26 07:20:00,0.95,0.3,0.11,0.47,0.0
2016-04-26 07:25:00,0.95,0.3,0.11000000000000001,0.4699999999999999,0.0
2016-04-26 07:30:00,0.95,0.3,0.11,0.47,0.0
2016-04-26 07:35:00,0.95,0.3,0.11000000000000001,0.4699999999999999,0.0
2016-04-26 07:40:00,0.95,0.3,0.11000000000000001,0.4699999999999999,0.0
2016-04-26 07:45:00,0.95,0.3,0.11,0.47,0.0
2016-04-26 07:50:00,0.95,0.3,0.11000000000000001,0.4699999999999999,0.0
2016-04-26 07:55:00,0.95,0.3,0.11,0.47,0.0
2016-04-26 08:00:00,0.95,0.3,0.11000000000000001,0.4699999999999999,0.0
2016-04-26 08:05:00,0.95,0.3,0.11000000000000001,0.4699999999999999,0.0
2016-04-26 08:10:00,0.95,0.3,0.11,0.47,0.0
2016-04-26 08:15:00,0.95,0.3,0.11000000000000001,0.4699999999999999,0.0
2016-04-26 08:20:00,0.95,0.3,0.11000000000000001,0.4699999999999999,0.0
2016-04-26 08:25:00,0.95,0.3,0.11,0.47,0.0
2016-04-26 08:30:00,0.95,0.3,0.11000000000000001,0.4699999999999999,0.37809966225784
2016-04-26 08:35:00,0.95,0.3,0.11,0.47,0.0
2016-04-26 08:40:00,0.95,0.3,0.11000000000000001,0.4699999999999999,0.0
2016-04-26 08:45:00,0.95,0.3,0.11000000000000001,0.4699999999999999,0.0
2016-04-26 08:50:00,0.95,0.3,0.11,0.47,0.0
2016-04-26 08:55:00,0.95,0.3,0.11000000000000001,0.4699999999999999,0.0
2016-04-26 09:00:00,0.95,0.3,0.11,0.47,0.0
2016-04-26 09:05:00,0.95,0.3,0.11000000000000001,0.4699999999999999,0.2504416545856023
2016-04-26 09:10:00,0.95,0.3,0.11000000000000001,0.4699999999999999,0.0
2016-04-26 09:15:00,0.95,0.3,0.11,0.47,0.0
2016-04-26 09:20:00,0.95,0.3,0.11000000000000001,0.4699999999999999,0.0
2016-04-26 09:25:00,0.95,0.3,0.11000000000000001,0.4699999999999999,0.0
2016-04-26 09:30:00,0.95,0.3,0.11,0.47,0.0
2016-04-26 09:35:00,0.95,0.3,0.11000000000000001,0.4699999999999999,0.0
2016-04-26 09:40:00,0.95,0.3,0.11,0.47,0.0
2016-04-26 09:45:00,0.95,0.3,0.11000000000000001,0.4699999999999999,0.0
2016-04-26 09:50:00,0.95,0.3,0.11000000000000001,0.4699999999999999,0.0
2016-04-26 09:55:00,0.95,0.3,0.11,0.47,0.0
2016-04-26 10:00:00,0.95,0.3,0.11000000000000001,0.4699999999999999,0.0
2016-04-26 10:05:00,0.95,0.3,0.11,0.47,0.0
2016-04-26 10:10:00,0.95,0.3,0.11000000000000001,0.4699999999999999,0.02269671611560884
2016-04-26 10:15:00,0.95,0.3,0.11000000000000001,0.4699999999999999,0.0
2016-04-26 10:20:00,0.95,0.3,0.11,0.47,0.0
2016-04-26 10:25:00,0.95,0.3,0.11000000000000001,0.4699999999999999,0.0
2016-04-26 10:30:00,0.95,0.3,0.11000000000000001,0.4699999999999999,1.0
2016-04-26 10:35:00,0.95,0.3,0.11,0.47,0.0
2016-04-26 10:40:00,0.95,0.3,0.11000000000000001,0.4699999999999999,0.0
2016-04-26 10:45:00,0.95,0.3,0.11,0.47,0.0
2016-04-26 10:50:00,0.95,0.3,0.11000000000000001,0.4699999999999999,0.0
2016-04-26 10:55:00,0.95,0.3,0.11000000000000001,0.4699999999999999,0.0
2016-04-26 11:00:00,0.95,0.3,0.11,0.47,0.0
2016-04-26 11:05:00,0.95,0.3,0.11000000000000001,0.4699999999999999,0.0
2016-04-26 11:10:00,0.95,0.3,0.11,0.47,0.0
2016-04-26 11:15:00,0.95,0.3,0.11000000000000001,0.4699999999999999,0.0
2016-04-26 11:20:00,0.95,0.3,0.11000000000000001,0.4699999999999999,0.11511334805727405
2016-04-26 11:25:00,0.95,0.3,0.11,0.47,0.0
2016-04-26 11:30:00,0.95,0.3,0.11000000000000001,0.4699999999999999,0.0
2016-04-26 11:35:00,0.95,0.3,0.11000000000000001,0.4699999999999999,0.0
2016-04-26 11:40:00,0.95,0.3,0.11,0.47,0.0
2016-04-26 11:45:00,0.95,0.3,0.11000000000000001,0.4699999999999999,0.0
2016-04-26 11:50:00,0.95,0.3,0.11,0.47,0.0
2016-04-26 11:55:00,0.95,0.3,0.11000000000000001,0.4699999999999999,0.0
2016-04-26 12:00:00,0.95,0.3,0.11000000000000001,0.4699999999999999,0.0
2016-04-26 12:05:00,0.95,0.3,0.11,0.47,0.0
2016-04-26 12:10:00,0.95,0.3,0.11000000000000001,0.4699999999999999,0.06322115684488144
2016-04-26 12:15:00,0.95,0.3,0.11,0.47,0.0
2016-04-26 12:20:00,0.95,0.3,0.11000000000000001,0.4699999999999999,0.0
2016-04-26 12:25:00,0.95,0.3,0.11000000000000001,0.4699999999999999,0.0921339974998058
2016-04-26 12:30:00,0.95,0.3,0.11,0.47,0.0
2016-04-26 12:35:00,0.95,0.3,0.11000000000000001,0.4699999999999999,0.0
2016-04-26 12:40:00,0.95,0.3,0.11000000000000001,0.4699999999999999,0.0
2016-04-26 12:45:00,0.95,0.3,0.11,0.47,0.0
2016-04-26 12:50:00,0.95,0.3,0.11000000000000001,0.4699999999999999,0.0
2016-04-26 12:55:00,0.95,0.3,0.11,0.47,0.0
2016-04-26 13:00:00,0.95,0.3,0.11000000000000001,0.4699999999999999,0.0
2016-04-26 13:05:00,0.95,0.3,0.11000000000000001,0.4699999999999999,0.0
2016-04-26 13:10:00,0.95,0.3,0.11,0.47,0.0
2016-04-26 13:15:00,0.95,0.3,0.11000000000000001,0.4699999999999999,0.0
2016-04-26 13:20:00,0.95,0.3,0.11,0.47,0.0
2016-04-26 13:25:00,0.95,0.3,0.11000000000000001,0.4699999999999999,0.0
2016-04-26 13:30:00,0.95,0.3,0.11000000000000001,0.4699999999999999,0.0
2016-04-26 13:35:00,0.95,0.3,0.11,0.47,0.0
2016-04-26 13:40:00,0.95,0.3,0.11000000000000001,0.4699999999999999,0.0
2016-04-26 13:45:00,0.95,0.3,0.11000000000000001,0.4699999999999999,0.0
2016-04-26 13:50:00,0.95,0.3,0.11,0.47,0.059932634389057104
2016-04-26 13:55:00,0.95,0.3,0.11000000000000001,0.4699999999999999,0.0
2016-04-26 14:00:00,0.95,0.3,0.11,0.47,0.0
2016-04-26 14:05:00,0.95,0.3,0.11000000000000001,0.4699999999999999,0.0
2016-04-26 14:10:00,0.95,0.3,0.11000000000000001,0.4699999999999999,0.0
2016-04-26 14:15:00,0.95,0.3,0.11,0.47,0.0
2016-04-26 14:20:00,0.95,0.3,0.11000000000000001,0.4699999999999999,0.0
2016-04-26 14:25:00,0.95,0.3,0.11,0.47,0.0
2016-04-26 14:30:00,0.95,0.3,0.11000000000000001,0.4699999999999999,0.0
2016-04-26 14:35:00,0.95,0.3,0.11000000000000001,0.4699999999999999,0.0
2016-04-26 14:40:00,0.95,0.3,0.11,0.47,0.0
2016-04-26 14:45:00,0.95,0.3,0.11000000000000001,0.4699999999999999,0.0
2016-04-26 14:50:00,0.95,0.3,0.11000000000000001,0.4699999999999999,0.0
2016-04-26 14:55:00,0.95,0.3,0.11,0.47,0.0
2016-04-26 15:00:00,0.95,0.3,0.11000000000000001,0.4699999999999999,0.0
2016-04-26 15:05:00,0.95,0.3,0.11,0.47,0.0
2016-04-26 15:10:00,0.95,0.3,0.11000000000000001,0.4699999999999999,0.13564167148850437
2016-04-26 15:15:00,0.95,0.3,0.11000000000000001,0.4699999999999999,0.0
2016-04-26 15:20:00,0.95,0.3,0.11,0.47,0.1345041772428267
2016-04-26 15:25:00,0.95,0.3,0.11000000000000001,0.4699999999999999,0.0
2016-04-26 15:30:00,0.95,0.3,0.11,0.47,0.0
2016-04-26 15:35:00,0.95,0.3,0.11000000000000001,0.4699999999999999,0.0
2016-04-26 15:40:00,0.95,0.3,0.11000000000000001,0.4699999999999999,0.0
2016-04-26 15:45:00,0.95,0.3,0.11,0.47,0.0
2016-04-26 15:50:00,0.95,0.3,0.11000000000000001,0.4699999999999999,0.0
2016-04-26 15:55:00,0.95,0.3,0.11000000000000001,0.4699999999999999,0.0
2016-04-26 16:00:00,0.95,0.3,0.11,0.47,0.17527213219043586
2016-04-26 16:05:00,0.95,0.3,0.11000000000000001,0.4699999999999999,0.0
2016-04-26 16:10:00,0.95,0.3,0.11,0.47,0.0
2016-04-26 16:15:00,0.95,0.3,0.11000000000000001,0.4699999999999999,0.0
2016-04-26 16:20:00,0.95,0.3,0.11000000000000001,0.4699999999999999,0.0
2016-04-26 16:25:00,0.95,0.3,0.11,0.47,0.0
2016-04-26 16:30:00,0.95,0.3,0.11000000000000001,0.4699999999999999,0.0
2016-04-26 16:35:00,0.95,0.3,0.11,0.47,0.0
2016-04-26 16:40:00,0.95,0.3,0.11000000000000001,0.4699999999999999,0.0
2016-04-26 16:45:00,0.95,0.3,0.11000000000000001,0.4699999999999999,0.0
2016-04-26 16:50:00,0.95,0.3,0.11,0.47,0.0
2016-04-26 16:55:00,0.95,0.3,0.11000000000000001,0.4699999999999999,0.0
2016-04-26 17:00:00,0.95,0.3,0.11000000000000001,0.4699999999999999,0.14117869699669092
2016-04-26 17:05:00,0.95,0.3,0.11,0.47,0.0
2016-04-26 17:10:00,0.95,0.3,0.11000000000000001,0.4699999999999999,0.0
2016-04-26 17:15:00,0.95,0.3,0.11,0.47,0.0
2016-04-26 17:20:00,0.95,0.3,0.11000000000000001,0.4699999999999999,0.0
2016-04-26 17:25:00,0.95,0.3,0.11000000000000001,0.4699999999999999,0.0
2016-04-26 17:30:00,0.95,0.3,0.11,0.47,0.03182168591449483
2016-04-26 17:35:00,0.95,0.3,0.11000000000000001,0.4699999999999999,0.0
2016-04-26 17:40:00,0.95,0.3,0.11,0.47,0.0
2016-04-26 17:45:00,0.95,0.3,0.11000000000000001,0.4699999999999999,0.0
2016-04-26 17:50:00,0.95,0.3,0.11000000000000001,0.4699999999999999,0.0
2016-04-26 17:55:00,0.95,0.3,0.11,0.47,0.0
2016-04-26 18:00:00,0.95,0.3,0.11000000000000001,0.4699999999999999,0.0
2016-04-26 18:05:00,0.95,0.3,0.11000000000000001,0.4699999999999999,0.0
2016-04-26 18:10:00,0.95,0.3,0.11,0.47,0.0
2016-04-26 18:15:00,0.95,0.3,0.11000000000000001,0.4699999999999999,0.18265743129559625
2016-04-26 18:20:00,0.95,0.3,0.11,0.47,0.0
2016-04-26 18:25:00,0.95,0.3,0.11000000000000001,0.4699999999999999,0.0
2016-04-26 18:30:00,0.95,0.3,0.11000000000000001,0.4699999999999999,0.0
2016-04-26 18:35:00,0.95,0.3,0.11,0.47,0.0
2016-04-26 18:40:00,0.95,0.3,0.11000000000000001,0.4699999999999999,0.0
2016-04-26 18:45:00,0.95,0.3,0.11,0.47,0.0
2016-04-26 18:50:00,0.95,0.3,0.11000000000000001,0.4699999999999999,0.0
2016-04-26 18:55:00,0.95,0.3,0.11000000000000001,0.4699999999999999,0.2054621325474269
2016-04-26 19:00:00,0.95,0.3,0.11,0.47,0.0
2016-04-26 19:05:00,0.95,0.3,0.11000000000000001,0.4699999999999999,0.0
2016-04-26 19:10:00,0.95,0.3,0.11000000000000001,0.4699999999999999,0.0
2016-04-26 19:15:00,0.95,0.3,0.11,0.47,0.0
2016-04-26 19:20:00,0.95,0.3,0.11000000000000001,0.4699999999999999,0.0
2016-04-26 19:25:00,0.95,0.3,0.11,0.47,0.37025230038590007
2016-04-26 19:30:00,0.95,0.3,0.11000000000000001,0.4699999999999999,0.0
2016-04-26 19:35:00,0.95,0.3,0.11000000000000001,0.4699999999999999,0.44750084238090315
2016-04-26 19:40:00,0.95,0.3,0.11,0.47,0.0
2016-04-26 19:45:00,0.95,0.3,0.11000000000000001,0.4699999999999999,0.0
2016-04-26 19:50:00,0.95,0.3,0.11,0.47,0.0
2016-04-26 19:55:00,0.95,0.3,0.11000000000000001,0.4699999999999999,0.0
2016-04-26 20:00:00,0.95,0.3,0.11000000000000001,0.4699999999999999,0.0
2016-04-26 20:05:00,0.95,0.3,0.11,0.47,0.0
2016-04-26 20:10:00,0.95,0.3,0.11000000000000001,0.4699999999999999,0.0
2016-04-26 20:15:00,0.95,0.3,0.11000000000000001,0.4699999999999999,0.0
2016-04-26 20:20:00,0.95,0.3,0.11,0.47,0.0
2016-04-26 20:25:00,0.95,0.3,0.11000000000000001,0.4699999999999999,0.0
2016-04-26 20:30:00,0.95,0.3,0.11,0.47,0.0
2016-04-26 20:35:00,0.95,0.3,0.11000000000000001,0.4699999999999999,0.0
2016-04-26 20:40:00,0.95,0.3,0.11000000000000001,0.4699999999999999,0.0
2016-04-26 20:45:00,0.95,0.3,0.11,0.47,0.0
2016-04-26 20:50:00,0.95,0.3,0.11000000000000001,0.4699999999999999,0.0
2016-04-26 20:55:00,0.95,0.3,0.11,0.47,0.0
2016-04-26 21:00:00,0.95,0.3,0.11000000000000001,0.4699999999999999,0.0
2016-04-26 21:05:00,0.95,0.3,0.11000000000000001,0.4699999999999999,0.0
2016-04-26 21:10:00,0.95,0.3,0.11,0.47,0.7682315147067047
2016-04-26 21:15:00,0.95,0.3,0.11000000000000001,0.4699999999999999,0.0
2016-04-26 21:20:00,0.95,0.3,0.11000000000000001,0.4699999999999999,0.0
2016-04-26 21:25:00,0.95,0.3,0.11,0.47,0.0
2016-04-26 21:30:00,0.95,0.3,0.11000000000000001,0.4699999999999999,0.0
2016-04-26 21:35:00,0.95,0.3,0.11,0.47,0.0
2016-04-26 21:40:00,0.95,0.3,0.11000000000000001,0.4699999999999999,0.0
2016-04-26 21:45:00,0.95,0.3,0.11000000000000001,0.4699999999999999,0.0
2016-04-26 21:50:00,0.95,0.3,0.11,0.47,0.0
2016-04-26 21:55:00,0.95,0.3,0.11000000000000001,0.4699999999999999,0.0
2016-04-26 22:00:00,0.95,0.3,0.11,0.47,0.0
2016-04-26 22:05:00,0.95,0.3,0.11000000000000001,0.4699999999999999,0.0
2016-04-26 22:10:00,0.95,0.3,0.11000000000000001,0.4699999999999999,0.0
2016-04-26 22:15:00,0.95,0.3,0.11,0.47,0.0
2016-04-26 22:20:00,0.95,0.3,0.11000000000000001,0.4699999999999999,0.0
2016-04-26 22:25:00,0.95,0.3,0.11000000000000001,0.4699999999999999,0.0
2016-04-26 22:30:00,0.95,0.3,0.11,0.47,0.0
2016-04-26 22:35:00,0.95,0.3,0.11000000000000001,0.4699999999999999,0.0
2016-04-26 22:40:00,0.95,0.3,0.11,0.47,0.0
2016-04-26 22:45:00,0.95,0.3,0.11000000000000001,0.4699999999999999,0.0
2016-04-26 22:50:00,0.95,0.3,0.11000000000000001,0.4699999999999999,0.0
2016-04-26 22:55:00,0.95,0.3,0.11,0.47,0.0
2016-04-26 23:00:00,0.95,0.3,0.11000000000000001,0.4699999999999999,0.0
2016-04-26 23:05:00,0.95,0.3,0.11,0.47,0.0
2016-04-26 23:10:00,0.95,0.3,0.11000000000000001,0.4699999999999999,0.46236501824669063
2016-04-26 23:15:00,0.95,0.3,0.11000000000000001,0.4699999999999999,0.0
2016-04-26 23:20:00,0.95,0.3,0.11,0.47,0.0
2016-04-26 23:25:00,0.95,0.3,0.11000000000000001,0.4699999999999999,0.0
2016-04-26 23:30:00,0.95,0.3,0.11000000000000001,0.4699999999999999,0.0
2016-04-26 23:35:00,0.95,0.3,0.11,0.47,0.0
2016-04-26 23:40:00,0.95,0.3,0.11000000000000001,0.4699999999999999,0.21546804616099796
2016-04-26 23:45:00,0.95,0.3,0.11,0.47,0.0
2016-04-26 23:50:00,0.95,0.3,0.11000000000000001,0.4699999999999999,0.0
2016-04-26 23:55:00,0.95,0.3,0.11000000000000001,0.4699999999999999,0.0
