,R2,P0,W0
2016-10-08 00:00:00,1.0,0.0,1.0
2016-10-08 00:01:01,1.0,0.0,1.0
2016-10-08 00:02:11,1.0,0.0,1.0
2016-10-08 00:03:21,1.0,0.0,1.0
2016-10-08 00:04:31,1.0,0.0,1.0
2016-10-08 00:05:41,1.0,0.0,1.0
2016-10-08 00:06:51,1.0,0.0,1.0
2016-10-08 00:08:01,1.0,0.0,1.0
2016-10-08 00:09:11,1.0,0.0,1.0
2016-10-08 00:10:21,1.0,0.0,1.0
2016-10-08 00:11:31,1.0,0.0,1.0
2016-10-08 00:12:32,1.0,0.0,1.0
2016-10-08 00:13:34,1.0,0.0,1.0
2016-10-08 00:14:36,1.0,0.0,1.0
2016-10-08 00:15:38,1.0,0.0,1.0
2016-10-08 00:16:39,1.0,0.0,1.0
2016-10-08 00:17:40,1.0,0.0,1.0
2016-10-08 00:18:42,1.0,0.0,1.0
2016-10-08 00:19:44,1.0,0.0,1.0
2016-10-08 00:20:46,1.0,0.0,1.0
2016-10-08 00:21:47,1.0,0.0,1.0
2016-10-08 00:22:48,1.0,0.0,1.0
2016-10-08 00:23:49,1.0,0.0,1.0
2016-10-08 00:24:51,1.0,0.0,1.0
2016-10-08 00:25:54,1.0,0.0,1.0
2016-10-08 00:26:56,1.0,0.0,1.0
2016-10-08 00:27:58,1.0,0.0,1.0
2016-10-08 00:29:00,1.0,0.0,1.0
2016-10-08 00:30:03,1.0,0.0,1.0
2016-10-08 00:31:04,1.0,0.0,1.0
2016-10-08 00:32:05,1.0,0.0,1.0
2016-10-08 00:33:08,1.0,0.0,1.0
2016-10-08 00:34:10,1.0,0.0,1.0
2016-10-08 00:35:13,1.0,0.0,1.0
2016-10-08 00:36:14,1.0,0.0,1.0
2016-10-08 00:37:16,1.0,0.0,1.0
2016-10-08 00:38:17,1.0,0.0,1.0
2016-10-08 00:39:19,1.0,0.0,1.0
2016-10-08 00:40:20,1.0,0.0,1.0
2016-10-08 00:41:23,1.0,0.0,1.0
2016-10-08 00:42:25,1.0,0.0,1.0
2016-10-08 00:43:26,1.0,0.0,1.0
2016-10-08 00:44:27,1.0,0.0,1.0
2016-10-08 00:45:29,1.0,0.0,1.0
2016-10-08 00:46:30,1.0,0.0,1.0
2016-10-08 00:47:31,1.0,0.0,1.0
2016-10-08 00:48:33,1.0,0.0,1.0
2016-10-08 00:49:36,1.0,0.0,1.0
2016-10-08 00:50:38,1.0,0.0,1.0
2016-10-08 00:51:39,1.0,0.0,1.0
2016-10-08 00:52:41,1.0,0.0,1.0
2016-10-08 00:53:43,1.0,0.0,1.0
2016-10-08 00:54:45,1.0,0.0,1.0
2016-10-08 00:55:48,1.0,0.0,1.0
2016-10-08 00:56:49,1.0,0.0,1.0
2016-10-08 00:57:52,1.0,0.0,1.0
2016-10-08 00:58:55,1.0,0.0,1.0
2016-10-08 00:59:58,1.0,0.0,1.0
2016-10-08 01:01:00,1.0,0.0,1.0
2016-10-08 01:02:01,1.0,0.0,1.0
2016-10-08 01:03:03,1.0,0.0,1.0
2016-10-08 01:04:06,1.0,0.0,1.0
2016-10-08 01:05:08,1.0,0.0,1.0
2016-10-08 01:06:10,1.0,0.0,1.0
2016-10-08 01:07:11,1.0,0.0,1.0
2016-10-08 01:08:14,1.0,0.0,1.0
2016-10-08 01:09:16,1.0,0.0,1.0
2016-10-08 01:10:17,1.0,0.0,1.0
2016-10-08 01:11:19,1.0,0.0,1.0
2016-10-08 01:12:21,1.0,0.0,1.0
2016-10-08 01:13:22,1.0,0.0,1.0
2016-10-08 01:14:24,1.0,0.0,1.0
2016-10-08 01:15:25,1.0,0.0,1.0
2016-10-08 01:16:27,1.0,0.0,1.0
2016-10-08 01:17:28,1.0,0.0,1.0
2016-10-08 01:18:31,1.0,0.0,1.0
2016-10-08 01:19:32,1.0,0.0,1.0
2016-10-08 01:20:34,1.0,0.0,1.0
2016-10-08 01:21:35,1.0,0.0,1.0
2016-10-08 01:22:37,1.0,0.0,1.0
2016-10-08 01:23:38,1.0,0.0,1.0
2016-10-08 01:24:40,1.0,0.0,1.0
2016-10-08 01:25:42,1.0,0.0,1.0
2016-10-08 01:26:44,1.0,0.0,1.0
2016-10-08 01:27:46,1.0,0.0,1.0
2016-10-08 01:28:48,1.0,0.0,1.0
2016-10-08 01:29:49,1.0,0.0,1.0
2016-10-08 01:30:51,1.0,0.0,1.0
2016-10-08 01:31:52,1.0,0.0,1.0
2016-10-08 01:32:53,1.0,0.0,1.0
2016-10-08 01:33:54,1.0,0.0,1.0
2016-10-08 01:34:55,1.0,0.0,1.0
2016-10-08 01:35:57,1.0,0.0,1.0
2016-10-08 01:36:58,1.0,0.0,1.0
2016-10-08 01:37:59,1.0,0.0,1.0
2016-10-08 01:39:00,1.0,0.0,1.0
2016-10-08 01:40:02,1.0,0.0,1.0
2016-10-08 01:41:04,1.0,0.0,1.0
2016-10-08 01:42:05,1.0,0.0,1.0
2016-10-08 01:43:07,1.0,0.0,1.0
2016-10-08 01:44:08,1.0,0.0,1.0
2016-10-08 01:45:10,1.0,0.0,1.0
2016-10-08 01:46:11,1.0,0.0,1.0
2016-10-08 01:47:12,1.0,0.0,1.0
2016-10-08 01:48:14,1.0,0.0,1.0
2016-10-08 01:49:15,1.0,0.0,1.0
2016-10-08 01:50:17,1.0,0.0,1.0
2016-10-08 01:51:18,1.0,0.0,1.0
2016-10-08 01:52:19,1.0,0.0,1.0
2016-10-08 01:53:20,1.0,0.0,1.0
2016-10-08 01:54:21,1.0,0.0,1.0
2016-10-08 01:55:22,1.0,0.0,1.0
2016-10-08 01:56:23,1.0,0.0,1.0
2016-10-08 01:57:25,1.0,0.0,1.0
2016-10-08 01:58:26,1.0,0.0,1.0
2016-10-08 01:59:27,1.0,0.0,1.0
2016-10-08 02:00:29,1.0,0.0,1.0
2016-10-08 02:01:32,1.0,0.0,1.0
2016-10-08 02:02:34,1.0,0.0,1.0
2016-10-08 02:03:37,1.0,0.0,1.0
2016-10-08 02:04:38,1.0,0.0,1.0
2016-10-08 02:05:40,1.0,0.0,1.0
2016-10-08 02:06:42,1.0,0.0,1.0
2016-10-08 02:07:45,1.0,0.0,1.0
2016-10-08 02:08:46,1.0,0.0,1.0
2016-10-08 02:09:48,1.0,0.0,1.0
2016-10-08 02:10:51,1.0,0.0,1.0
2016-10-08 02:11:54,1.0,0.0,1.0
2016-10-08 02:12:57,1.0,0.0,1.0
2016-10-08 02:13:59,1.0,0.0,1.0
2016-10-08 02:15:02,1.0,0.0,1.0
2016-10-08 02:16:03,1.0,0.0,1.0
2016-10-08 02:17:06,1.0,0.0,1.0
2016-10-08 02:18:08,1.0,0.0,1.0
2016-10-08 02:19:11,1.0,0.0,1.0
2016-10-08 02:20:14,1.0,0.0,1.0
2016-10-08 02:21:16,1.0,0.0,1.0
2016-10-08 02:22:18,1.0,0.0,1.0
2016-10-08 02:23:20,1.0,0.0,1.0
2016-10-08 02:24:21,1.0,0.0,1.0
2016-10-08 02:25:22,1.0,0.0,1.0
2016-10-08 02:26:23,1.0,0.0,1.0
2016-10-08 02:27:24,1.0,0.0,1.0
2016-10-08 02:28:25,1.0,0.0,1.0
2016-10-08 02:29:26,1.0,0.0,1.0
2016-10-08 02:30:29,1.0,0.0,1.0
2016-10-08 02:31:32,1.0,0.0,1.0
2016-10-08 02:32:34,1.0,0.0,1.0
2016-10-08 02:33:36,1.0,0.0,1.0
2016-10-08 02:34:38,1.0,0.0,1.0
2016-10-08 02:35:40,1.0,0.0,1.0
2016-10-08 02:36:41,1.0,0.0,1.0
2016-10-08 02:37:42,1.0,0.0,1.0
2016-10-08 02:38:43,1.0,0.0,1.0
2016-10-08 02:39:44,1.0,0.0,1.0
2016-10-08 02:40:47,1.0,0.0,1.0
2016-10-08 02:41:50,1.0,0.0,1.0
2016-10-08 02:42:52,1.0,0.0,1.0
2016-10-08 02:43:54,1.0,0.0,1.0
2016-10-08 02:44:56,1.0,0.0,1.0
2016-10-08 02:45:58,1.0,0.0,1.0
2016-10-08 02:47:00,1.0,0.0,1.0
2016-10-08 02:48:01,1.0,0.0,1.0
2016-10-08 02:49:02,1.0,0.0,1.0
2016-10-08 02:50:03,1.0,0.0,1.0
2016-10-08 02:51:06,1.0,0.0,1.0
2016-10-08 02:52:09,1.0,0.0,1.0
2016-10-08 02:53:11,1.0,0.0,1.0
2016-10-08 02:54:14,1.0,0.0,1.0
2016-10-08 02:55:17,1.0,0.0,1.0
2016-10-08 02:56:19,1.0,0.0,1.0
2016-10-08 02:57:21,1.0,0.0,1.0
2016-10-08 02:58:22,1.0,0.0,1.0
2016-10-08 02:59:23,1.0,0.0,1.0
2016-10-08 03:00:24,1.0,0.0,1.0
2016-10-08 03:01:25,1.0,0.0,1.0
2016-10-08 03:02:26,1.0,0.0,1.0
2016-10-08 03:03:27,1.0,0.0,1.0
2016-10-08 03:04:30,1.0,0.0,1.0
2016-10-08 03:05:33,1.0,0.0,1.0
2016-10-08 03:06:35,1.0,0.0,1.0
2016-10-08 03:07:37,1.0,0.0,1.0
2016-10-08 03:08:38,1.0,0.0,1.0
2016-10-08 03:09:39,1.0,0.0,1.0
2016-10-08 03:10:41,1.0,0.0,1.0
2016-10-08 03:11:43,1.0,0.0,1.0
2016-10-08 03:12:46,1.0,0.0,1.0
2016-10-08 03:13:47,1.0,0.0,1.0
2016-10-08 03:14:48,1.0,0.0,1.0
2016-10-08 03:15:50,1.0,0.0,1.0
2016-10-08 03:16:52,1.0,0.0,1.0
2016-10-08 03:17:54,1.0,0.0,1.0
2016-10-08 03:18:57,1.0,0.0,1.0
2016-10-08 03:19:58,1.0,0.0,1.0
2016-10-08 03:21:01,1.0,0.0,1.0
2016-10-08 03:22:03,1.0,0.0,1.0
2016-10-08 03:23:04,1.0,0.0,1.0
2016-10-08 03:24:05,1.0,0.0,1.0
2016-10-08 03:25:06,1.0,0.0,1.0
2016-10-08 03:26:07,1.0,0.0,1.0
2016-10-08 03:27:09,1.0,0.0,1.0
2016-10-08 03:28:11,1.0,0.0,1.0
2016-10-08 03:29:12,1.0,0.0,1.0
2016-10-08 03:30:13,1.0,0.0,1.0
2016-10-08 03:31:14,1.0,0.0,1.0
2016-10-08 03:32:16,1.0,0.0,1.0
2016-10-08 03:33:18,1.0,0.0,1.0
2016-10-08 03:34:19,1.0,0.0,1.0
2016-10-08 03:35:20,1.0,0.0,1.0
2016-10-08 03:36:22,1.0,0.0,1.0
2016-10-08 03:37:24,1.0,0.0,1.0
2016-10-08 03:38:27,1.0,0.0,1.0
2016-10-08 03:39:28,1.0,0.0,1.0
2016-10-08 03:40:29,1.0,0.0,1.0
2016-10-08 03:41:31,1.0,0.0,1.0
2016-10-08 03:42:33,1.0,0.0,1.0
2016-10-08 03:43:34,1.0,0.0,1.0
2016-10-08 03:44:35,1.0,0.0,1.0
2016-10-08 03:45:37,1.0,0.0,1.0
2016-10-08 03:46:39,1.0,0.0,1.0
2016-10-08 03:47:41,1.0,0.0,1.0
2016-10-08 03:48:42,1.0,0.0,1.0
2016-10-08 03:49:44,1.0,0.0,1.0
2016-10-08 03:50:45,1.0,0.0,1.0
2016-10-08 03:51:46,1.0,0.0,1.0
2016-10-08 03:52:47,1.0,0.0,1.0
2016-10-08 03:53:48,1.0,0.0,1.0
2016-10-08 03:54:49,1.0,0.0,1.0
2016-10-08 03:55:50,1.0,0.0,1.0
2016-10-08 03:56:51,1.0,0.0,1.0
2016-10-08 03:57:52,1.0,0.0,1.0
2016-10-08 03:58:53,1.0,0.0,1.0
2016-10-08 03:59:54,1.0,0.0,1.0
2016-10-08 04:00:56,1.0,0.0,1.0
2016-10-08 04:01:58,1.0,0.0,1.0
2016-10-08 04:03:00,1.0,0.0,1.0
2016-10-08 04:04:02,1.0,0.0,1.0
2016-10-08 04:05:04,1.0,0.0,1.0
2016-10-08 04:06:06,1.0,0.0,1.0
2016-10-08 04:07:07,1.0,0.0,1.0
2016-10-08 04:08:09,1.0,0.0,1.0
2016-10-08 04:09:10,1.0,0.0,1.0
2016-10-08 04:10:12,1.0,0.0,1.0
2016-10-08 04:11:13,1.0,0.0,1.0
2016-10-08 04:12:15,1.0,0.0,1.0
2016-10-08 04:13:16,1.0,0.0,1.0
2016-10-08 04:14:17,1.0,0.0,1.0
2016-10-08 04:15:18,1.0,0.0,1.0
2016-10-08 04:16:19,1.0,0.0,1.0
2016-10-08 04:17:20,1.0,0.0,1.0
2016-10-08 04:18:21,1.0,0.0,1.0
2016-10-08 04:19:23,1.0,0.0,1.0
2016-10-08 04:20:25,1.0,0.0,1.0
2016-10-08 04:21:26,1.0,0.0,1.0
2016-10-08 04:22:27,1.0,0.0,1.0
2016-10-08 04:23:28,1.0,0.0,1.0
2016-10-08 04:24:29,1.0,0.0,1.0
2016-10-08 04:25:31,1.0,0.0,1.0
2016-10-08 04:26:32,1.0,0.0,1.0
2016-10-08 04:27:33,1.0,0.0,1.0
2016-10-08 04:28:34,1.0,0.0,1.0
2016-10-08 04:29:35,1.0,0.0,1.0
2016-10-08 04:30:37,1.0,0.0,1.0
2016-10-08 04:31:39,1.0,0.0,1.0
2016-10-08 04:32:41,1.0,0.0,1.0
2016-10-08 04:33:42,1.0,0.0,1.0
2016-10-08 04:34:43,1.0,0.0,1.0
2016-10-08 04:35:45,1.0,0.0,1.0
2016-10-08 04:36:47,1.0,0.0,1.0
2016-10-08 04:37:48,1.0,0.0,1.0
2016-10-08 04:38:49,1.0,0.0,1.0
2016-10-08 04:39:50,1.0,0.0,1.0
2016-10-08 04:40:52,1.0,0.0,1.0
2016-10-08 04:41:53,1.0,0.0,1.0
2016-10-08 04:42:54,1.0,0.0,1.0
2016-10-08 04:43:56,1.0,0.0,1.0
2016-10-08 04:44:57,1.0,0.0,1.0
2016-10-08 04:45:58,1.0,0.0,1.0
2016-10-08 04:47:00,1.0,0.0,1.0
2016-10-08 04:48:01,1.0,0.0,1.0
2016-10-08 04:49:02,1.0,0.0,1.0
2016-10-08 04:50:03,1.0,0.0,1.0
2016-10-08 04:51:04,1.0,0.0,1.0
2016-10-08 04:52:05,1.0,0.0,1.0
2016-10-08 04:53:06,1.0,0.0,1.0
2016-10-08 04:54:07,1.0,0.0,1.0
2016-10-08 04:55:08,1.0,0.0,1.0
2016-10-08 04:56:09,1.0,0.0,1.0
2016-10-08 04:57:10,1.0,0.0,1.0
2016-10-08 04:58:11,1.0,0.0,1.0
2016-10-08 04:59:13,1.0,0.0,1.0
2016-10-08 05:00:14,1.0,0.0,1.0
2016-10-08 05:01:15,1.0,0.0,1.0
2016-10-08 05:02:17,1.0,0.0,1.0
2016-10-08 05:03:18,1.0,0.0,1.0
2016-10-08 05:04:19,1.0,0.0,1.0
2016-10-08 05:05:21,1.0,0.0,1.0
2016-10-08 05:06:22,1.0,0.0,1.0
2016-10-08 05:07:23,1.0,0.0,1.0
2016-10-08 05:08:24,1.0,0.0,1.0
2016-10-08 05:09:25,1.0,0.0,1.0
2016-10-08 05:10:27,1.0,0.0,1.0
2016-10-08 05:11:28,1.0,0.0,1.0
2016-10-08 05:12:29,1.0,0.0,1.0
2016-10-08 05:13:30,1.0,0.0,1.0
2016-10-08 05:14:31,1.0,0.0,1.0
2016-10-08 05:15:32,1.0,0.0,1.0
2016-10-08 05:16:34,1.0,0.0,1.0
2016-10-08 05:17:36,1.0,0.0,1.0
2016-10-08 05:18:37,1.0,0.0,1.0
2016-10-08 05:19:38,1.0,0.0,1.0
2016-10-08 05:20:39,1.0,0.0,1.0
2016-10-08 05:21:40,1.0,0.0,1.0
2016-10-08 05:22:41,1.0,0.0,1.0
2016-10-08 05:23:42,1.0,0.0,1.0
2016-10-08 05:24:43,1.0,0.0,1.0
2016-10-08 05:25:44,1.0,0.0,1.0
2016-10-08 05:26:46,1.0,0.0,1.0
2016-10-08 05:27:47,1.0,0.0,1.0
2016-10-08 05:28:48,1.0,0.0,1.0
2016-10-08 05:29:50,1.0,0.0,1.0
2016-10-08 05:30:51,1.0,0.0,1.0
2016-10-08 05:31:52,1.0,0.0,1.0
2016-10-08 05:32:53,1.0,0.0,1.0
2016-10-08 05:33:54,1.0,0.0,1.0
2016-10-08 05:34:55,1.0,0.0,1.0
2016-10-08 05:35:56,1.0,0.0,1.0
2016-10-08 05:36:58,1.0,0.0,1.0
2016-10-08 05:37:59,1.0,0.0,1.0
2016-10-08 05:39:01,1.0,0.0,1.0
2016-10-08 05:40:03,1.0,0.0,1.0
2016-10-08 05:41:04,1.0,0.0,1.0
2016-10-08 05:42:05,1.0,0.0,1.0
2016-10-08 05:43:06,1.0,0.0,1.0
2016-10-08 05:44:07,1.0,0.0,1.0
2016-10-08 05:45:08,1.0,0.0,1.0
2016-10-08 05:46:09,1.0,0.0,1.0
2016-10-08 05:47:10,1.0,0.0,1.0
2016-10-08 05:48:11,1.0,0.0,1.0
2016-10-08 05:49:12,1.0,0.0,1.0
2016-10-08 05:50:13,1.0,0.0,1.0
2016-10-08 05:51:14,1.0,0.0,1.0
2016-10-08 05:52:15,1.0,0.0,1.0
2016-10-08 05:53:16,1.0,0.0,1.0
2016-10-08 05:54:17,1.0,0.0,1.0
2016-10-08 05:55:18,1.0,0.0,1.0
2016-10-08 05:56:19,1.0,0.0,1.0
2016-10-08 05:57:20,1.0,0.0,1.0
2016-10-08 05:58:21,1.0,0.0,1.0
2016-10-08 05:59:22,1.0,0.0,1.0
2016-10-08 06:00:23,1.0,0.0,1.0
2016-10-08 06:01:24,1.0,0.0,1.0
2016-10-08 06:02:25,1.0,0.0,1.0
2016-10-08 06:03:26,1.0,0.0,1.0
2016-10-08 06:04:27,1.0,0.0,1.0
2016-10-08 06:05:28,1.0,0.0,1.0
2016-10-08 06:06:29,1.0,0.0,1.0
2016-10-08 06:07:30,1.0,0.0,1.0
2016-10-08 06:08:31,1.0,0.0,1.0
2016-10-08 06:09:32,1.0,0.0,1.0
2016-10-08 06:10:33,1.0,0.0,1.0
2016-10-08 06:11:34,1.0,0.0,1.0
2016-10-08 06:12:35,1.0,0.0,1.0
2016-10-08 06:13:36,1.0,0.0,1.0
2016-10-08 06:14:37,1.0,0.0,1.0
2016-10-08 06:15:38,1.0,0.0,1.0
2016-10-08 06:16:39,1.0,0.0,1.0
2016-10-08 06:17:40,1.0,0.0,1.0
2016-10-08 06:18:41,1.0,0.0,1.0
2016-10-08 06:19:42,1.0,0.0,1.0
2016-10-08 06:20:43,1.0,0.0,1.0
2016-10-08 06:21:44,1.0,0.0,1.0
2016-10-08 06:22:45,1.0,0.0,1.0
2016-10-08 06:23:46,1.0,0.0,1.0
2016-10-08 06:24:47,1.0,0.0,1.0
2016-10-08 06:25:48,1.0,0.0,1.0
2016-10-08 06:26:49,1.0,0.0,1.0
2016-10-08 06:27:50,1.0,0.0,1.0
2016-10-08 06:28:51,1.0,0.0,1.0
2016-10-08 06:29:52,1.0,0.0,1.0
2016-10-08 06:30:53,1.0,0.0,1.0
2016-10-08 06:31:54,1.0,0.0,1.0
2016-10-08 06:32:55,1.0,0.0,1.0
2016-10-08 06:33:56,1.0,0.0,1.0
2016-10-08 06:34:57,1.0,0.0,1.0
2016-10-08 06:35:58,1.0,0.0,1.0
2016-10-08 06:36:59,1.0,0.0,1.0
2016-10-08 06:38:00,1.0,0.0,1.0
2016-10-08 06:39:01,1.0,0.0,1.0
2016-10-08 06:40:02,1.0,0.0,1.0
2016-10-08 06:41:03,1.0,0.0,1.0
2016-10-08 06:42:04,1.0,0.0,1.0
2016-10-08 06:43:05,1.0,0.0,1.0
2016-10-08 06:44:06,1.0,0.0,1.0
2016-10-08 06:45:07,1.0,0.0,1.0
2016-10-08 06:46:08,1.0,0.0,1.0
2016-10-08 06:47:09,1.0,0.0,1.0
2016-10-08 06:48:10,1.0,0.0,1.0
2016-10-08 06:49:11,1.0,0.0,1.0
2016-10-08 06:50:12,1.0,0.0,1.0
2016-10-08 06:51:13,1.0,0.0,1.0
2016-10-08 06:52:14,1.0,0.0,1.0
2016-10-08 06:53:15,1.0,0.0,1.0
2016-10-08 06:54:16,1.0,0.0,1.0
2016-10-08 06:55:17,1.0,0.0,1.0
2016-10-08 06:56:18,1.0,0.0,1.0
2016-10-08 06:57:19,1.0,0.0,1.0
2016-10-08 06:58:20,1.0,0.0,1.0
2016-10-08 06:59:21,1.0,0.0,1.0
2016-10-08 07:00:22,1.0,0.0,1.0
2016-10-08 07:01:23,1.0,0.0,1.0
2016-10-08 07:02:24,1.0,0.0,1.0
2016-10-08 07:03:25,1.0,0.0,1.0
2016-10-08 07:04:26,1.0,0.0,1.0
2016-10-08 07:05:27,1.0,0.0,1.0
2016-10-08 07:06:28,1.0,0.0,1.0
2016-10-08 07:07:29,1.0,0.0,1.0
2016-10-08 07:08:30,1.0,0.0,1.0
2016-10-08 07:09:31,1.0,0.0,1.0
2016-10-08 07:10:32,1.0,0.0,1.0
2016-10-08 07:11:33,1.0,0.0,1.0
2016-10-08 07:12:34,1.0,0.0,1.0
2016-10-08 07:13:35,1.0,0.0,1.0
2016-10-08 07:14:36,1.0,0.0,1.0
2016-10-08 07:15:37,1.0,0.0,1.0
2016-10-08 07:16:38,1.0,0.0,1.0
2016-10-08 07:17:39,1.0,0.0,1.0
2016-10-08 07:18:40,1.0,0.0,1.0
2016-10-08 07:19:41,1.0,0.0,1.0
2016-10-08 07:20:42,1.0,0.0,1.0
2016-10-08 07:21:43,1.0,0.0,1.0
2016-10-08 07:22:44,1.0,0.0,1.0
2016-10-08 07:23:45,1.0,0.0,1.0
2016-10-08 07:24:46,1.0,0.0,1.0
2016-10-08 07:25:47,1.0,0.0,1.0
2016-10-08 07:26:48,1.0,0.0,1.0
2016-10-08 07:27:49,1.0,0.0,1.0
2016-10-08 07:28:50,1.0,0.0,1.0
2016-10-08 07:29:51,1.0,0.0,1.0
2016-10-08 07:30:52,1.0,0.0,1.0
2016-10-08 07:31:53,1.0,0.0,1.0
2016-10-08 07:32:54,1.0,0.0,1.0
2016-10-08 07:33:55,1.0,0.0,1.0
2016-10-08 07:34:56,1.0,0.0,1.0
2016-10-08 07:35:57,1.0,0.0,1.0
2016-10-08 07:36:58,1.0,0.0,1.0
2016-10-08 07:37:59,1.0,0.0,1.0
2016-10-08 07:39:00,1.0,0.0,1.0
2016-10-08 07:40:01,1.0,0.0,1.0
2016-10-08 07:41:03,1.0,0.0,1.0
2016-10-08 07:42:04,1.0,0.0,1.0
2016-10-08 07:43:05,1.0,0.0,1.0
2016-10-08 07:44:06,1.0,0.0,1.0
2016-10-08 07:45:07,1.0,0.0,1.0
2016-10-08 07:46:08,1.0,0.0,1.0
2016-10-08 07:47:09,1.0,0.0,1.0
2016-10-08 07:48:10,1.0,0.0,1.0
2016-10-08 07:49:11,1.0,0.0,1.0
2016-10-08 07:50:12,1.0,0.0,1.0
2016-10-08 07:51:13,1.0,0.0,1.0
2016-10-08 07:52:14,1.0,0.0,1.0
2016-10-08 07:53:15,1.0,0.0,1.0
2016-10-08 07:54:16,1.0,0.0,1.0
2016-10-08 07:55:17,1.0,0.0,1.0
2016-10-08 07:56:18,1.0,0.0,1.0
2016-10-08 07:57:19,1.0,0.0,1.0
2016-10-08 07:58:20,1.0,0.0,1.0
2016-10-08 07:59:21,1.0,0.0,1.0
2016-10-08 08:00:22,1.0,0.0,1.0
2016-10-08 08:01:23,1.0,0.0,1.0
2016-10-08 08:02:24,1.0,0.0,1.0
2016-10-08 08:03:25,1.0,0.0,1.0
2016-10-08 08:04:26,1.0,0.0,1.0
2016-10-08 08:05:27,1.0,0.0,1.0
2016-10-08 08:06:28,1.0,0.0,1.0
2016-10-08 08:07:29,1.0,0.0,1.0
2016-10-08 08:08:31,1.0,0.0,1.0
2016-10-08 08:09:32,1.0,0.0,1.0
2016-10-08 08:10:33,1.0,0.0,1.0
2016-10-08 08:11:34,1.0,0.0,1.0
2016-10-08 08:12:35,1.0,0.0,1.0
2016-10-08 08:13:36,1.0,0.0,1.0
2016-10-08 08:14:37,1.0,0.0,1.0
2016-10-08 08:15:38,1.0,0.0,1.0
2016-10-08 08:16:39,1.0,0.0,1.0
2016-10-08 08:17:40,1.0,0.0,1.0
2016-10-08 08:18:41,1.0,0.0,1.0
2016-10-08 08:19:43,1.0,0.0,1.0
2016-10-08 08:20:44,1.0,0.0,1.0
2016-10-08 08:21:45,1.0,0.0,1.0
2016-10-08 08:22:46,1.0,0.0,1.0
2016-10-08 08:23:47,1.0,0.0,1.0
2016-10-08 08:24:48,1.0,0.0,1.0
2016-10-08 08:25:49,1.0,0.0,1.0
2016-10-08 08:26:50,1.0,0.0,1.0
2016-10-08 08:27:51,1.0,0.0,1.0
2016-10-08 08:28:52,1.0,0.0,1.0
2016-10-08 08:29:53,1.0,0.0,1.0
2016-10-08 08:30:54,1.0,0.0,1.0
2016-10-08 08:31:55,1.0,0.0,1.0
2016-10-08 08:32:56,1.0,0.0,1.0
2016-10-08 08:33:57,1.0,0.0,1.0
2016-10-08 08:34:58,1.0,0.0,1.0
2016-10-08 08:35:59,1.0,0.0,1.0
2016-10-08 08:37:00,1.0,0.0,1.0
2016-10-08 08:38:01,1.0,0.0,1.0
2016-10-08 08:39:02,1.0,0.0,1.0
2016-10-08 08:40:03,1.0,0.0,1.0
2016-10-08 08:41:04,1.0,0.0,1.0
2016-10-08 08:42:06,1.0,0.0,1.0
2016-10-08 08:43:07,1.0,0.0,1.0
2016-10-08 08:44:08,1.0,0.0,1.0
2016-10-08 08:45:10,1.0,0.0,1.0
2016-10-08 08:46:11,1.0,0.0,1.0
2016-10-08 08:47:12,1.0,0.0,1.0
2016-10-08 08:48:13,1.0,0.0,1.0
2016-10-08 08:49:14,1.0,0.0,1.0
2016-10-08 08:50:15,1.0,0.0,1.0
2016-10-08 08:51:16,1.0,0.0,1.0
2016-10-08 08:52:17,1.0,0.0,1.0
2016-10-08 08:53:18,1.0,0.0,1.0
2016-10-08 08:54:19,1.0,0.0,1.0
2016-10-08 08:55:20,1.0,0.0,1.0
2016-10-08 08:56:21,1.0,0.0,1.0
2016-10-08 08:57:22,1.0,0.0,1.0
2016-10-08 08:58:23,1.0,0.0,1.0
2016-10-08 08:59:24,1.0,0.0,1.0
2016-10-08 09:00:25,1.0,0.0,1.0
2016-10-08 09:01:26,1.0,0.0,1.0
2016-10-08 09:02:27,1.0,0.0,1.0
2016-10-08 09:03:29,1.0,0.0,1.0
2016-10-08 09:04:30,1.0,0.0,1.0
2016-10-08 09:05:31,1.0,0.0,1.0
2016-10-08 09:06:32,1.0,0.0,1.0
2016-10-08 09:07:33,1.0,0.0,1.0
2016-10-08 09:08:34,1.0,0.0,1.0
2016-10-08 09:09:35,1.0,0.0,1.0
2016-10-08 09:10:36,1.0,0.0,1.0
2016-10-08 09:11:37,1.0,0.0,1.0
2016-10-08 09:12:38,1.0,0.0,1.0
2016-10-08 09:13:39,1.0,0.0,1.0
2016-10-08 09:14:40,1.0,0.0,1.0
2016-10-08 09:15:41,1.0,0.0,1.0
2016-10-08 09:16:42,1.0,0.0,1.0
2016-10-08 09:17:43,1.0,0.0,1.0
2016-10-08 09:18:44,1.0,0.0,1.0
2016-10-08 09:19:46,1.0,0.0,1.0
2016-10-08 09:20:47,1.0,0.0,1.0
2016-10-08 09:21:48,1.0,0.0,1.0
2016-10-08 09:22:49,1.0,0.0,1.0
2016-10-08 09:23:50,1.0,0.0,1.0
2016-10-08 09:24:51,1.0,0.0,1.0
2016-10-08 09:25:52,1.0,0.0,1.0
2016-10-08 09:26:53,1.0,0.0,1.0
2016-10-08 09:27:54,1.0,0.0,1.0
2016-10-08 09:28:55,1.0,0.0,1.0
2016-10-08 09:29:56,1.0,0.0,1.0
2016-10-08 09:30:57,1.0,0.0,1.0
2016-10-08 09:31:58,1.0,0.0,1.0
2016-10-08 09:32:59,1.0,0.0,1.0
2016-10-08 09:34:00,1.0,0.0,1.0
2016-10-08 09:35:01,1.0,0.0,1.0
2016-10-08 09:36:02,1.0,0.0,1.0
2016-10-08 09:37:03,1.0,0.0,1.0
2016-10-08 09:38:04,1.0,0.0,1.0
2016-10-08 09:39:05,1.0,0.0,1.0
2016-10-08 09:40:06,1.0,0.0,1.0
2016-10-08 09:41:07,1.0,0.0,1.0
2016-10-08 09:42:08,1.0,0.0,1.0
2016-10-08 09:43:09,1.0,0.0,1.0
2016-10-08 09:44:10,1.0,0.0,1.0
2016-10-08 09:45:11,1.0,0.0,1.0
2016-10-08 09:46:12,1.0,0.0,1.0
2016-10-08 09:47:13,1.0,0.0,1.0
2016-10-08 09:48:14,1.0,0.0,1.0
2016-10-08 09:49:15,1.0,0.0,1.0
2016-10-08 09:50:16,1.0,0.0,1.0
2016-10-08 09:51:17,1.0,0.0,1.0
2016-10-08 09:52:18,1.0,0.0,1.0
2016-10-08 09:53:19,1.0,0.0,1.0
2016-10-08 09:54:20,1.0,0.0,1.0
2016-10-08 09:55:21,1.0,0.0,1.0
2016-10-08 09:56:22,1.0,0.0,1.0
2016-10-08 09:57:23,1.0,0.0,1.0
2016-10-08 09:58:24,1.0,0.0,1.0
2016-10-08 09:59:25,1.0,0.0,1.0
2016-10-08 10:00:26,1.0,0.0,1.0
2016-10-08 10:01:27,1.0,0.0,1.0
2016-10-08 10:02:28,1.0,0.0,1.0
2016-10-08 10:03:30,1.0,0.0,1.0
2016-10-08 10:04:31,1.0,0.0,1.0
2016-10-08 10:05:32,1.0,0.0,1.0
2016-10-08 10:06:33,1.0,0.0,1.0
2016-10-08 10:07:34,1.0,0.0,1.0
2016-10-08 10:08:35,1.0,0.0,1.0
2016-10-08 10:09:36,1.0,0.0,1.0
2016-10-08 10:10:37,1.0,0.0,1.0
2016-10-08 10:11:38,1.0,0.0,1.0
2016-10-08 10:12:39,1.0,0.0,1.0
2016-10-08 10:13:40,1.0,0.0,1.0
2016-10-08 10:14:41,1.0,0.0,1.0
2016-10-08 10:15:42,1.0,0.0,1.0
2016-10-08 10:16:43,1.0,0.0,1.0
2016-10-08 10:17:44,1.0,0.0,1.0
2016-10-08 10:18:45,1.0,0.0,1.0
2016-10-08 10:19:46,1.0,0.0,1.0
2016-10-08 10:20:47,1.0,0.0,1.0
2016-10-08 10:21:48,1.0,0.0,1.0
2016-10-08 10:22:49,1.0,0.0,1.0
2016-10-08 10:23:50,1.0,0.0,1.0
2016-10-08 10:24:51,1.0,0.0,1.0
2016-10-08 10:25:52,1.0,0.0,1.0
2016-10-08 10:26:53,1.0,0.0,1.0
2016-10-08 10:27:54,1.0,0.0,1.0
2016-10-08 10:28:55,1.0,0.0,1.0
2016-10-08 10:29:56,1.0,0.0,1.0
2016-10-08 10:30:57,1.0,0.0,1.0
2016-10-08 10:31:58,1.0,0.0,1.0
2016-10-08 10:32:59,1.0,0.0,1.0
2016-10-08 10:34:00,1.0,0.0,1.0
2016-10-08 10:35:01,1.0,0.0,1.0
2016-10-08 10:36:02,1.0,0.0,1.0
2016-10-08 10:37:03,1.0,0.0,1.0
2016-10-08 10:38:05,1.0,0.0,1.0
2016-10-08 10:39:06,1.0,0.0,1.0
2016-10-08 10:40:07,1.0,0.0,1.0
2016-10-08 10:41:08,1.0,0.0,1.0
2016-10-08 10:42:09,1.0,0.0,1.0
2016-10-08 10:43:10,1.0,0.0,1.0
2016-10-08 10:44:11,1.0,0.0,1.0
2016-10-08 10:45:12,1.0,0.0,1.0
2016-10-08 10:46:13,1.0,0.0,1.0
2016-10-08 10:47:14,1.0,0.0,1.0
2016-10-08 10:48:15,1.0,0.0,1.0
2016-10-08 10:49:16,1.0,0.0,1.0
2016-10-08 10:50:17,1.0,0.0,1.0
2016-10-08 10:51:18,1.0,0.0,1.0
2016-10-08 10:52:19,1.0,0.0,1.0
2016-10-08 10:53:20,1.0,0.0,1.0
2016-10-08 10:54:21,1.0,0.0,1.0
2016-10-08 10:55:22,1.0,0.0,1.0
2016-10-08 10:56:23,1.0,0.0,1.0
2016-10-08 10:57:24,1.0,0.0,1.0
2016-10-08 10:58:25,1.0,0.0,1.0
2016-10-08 10:59:26,1.0,0.0,1.0
2016-10-08 11:00:27,1.0,0.0,1.0
2016-10-08 11:01:28,1.0,0.0,1.0
2016-10-08 11:02:29,1.0,0.0,1.0
2016-10-08 11:03:30,1.0,0.0,1.0
2016-10-08 11:04:31,1.0,0.0,1.0
2016-10-08 11:05:32,1.0,0.0,1.0
2016-10-08 11:06:33,1.0,0.0,1.0
2016-10-08 11:07:34,1.0,0.0,1.0
2016-10-08 11:08:35,1.0,0.0,1.0
2016-10-08 11:09:36,1.0,0.0,1.0
2016-10-08 11:10:37,1.0,0.0,1.0
2016-10-08 11:11:38,1.0,0.0,1.0
2016-10-08 11:12:39,1.0,0.0,1.0
2016-10-08 11:13:40,1.0,0.0,1.0
2016-10-08 11:14:41,1.0,0.0,1.0
2016-10-08 11:15:42,1.0,0.0,1.0
2016-10-08 11:16:43,1.0,0.0,1.0
2016-10-08 11:17:44,1.0,0.0,1.0
2016-10-08 11:18:45,1.0,0.0,1.0
2016-10-08 11:19:46,1.0,0.0,1.0
2016-10-08 11:20:47,1.0,0.0,1.0
2016-10-08 11:21:48,1.0,0.0,1.0
2016-10-08 11:22:49,1.0,0.0,1.0
2016-10-08 11:23:50,1.0,0.0,1.0
2016-10-08 11:24:51,1.0,0.0,1.0
2016-10-08 11:25:52,1.0,0.0,1.0
2016-10-08 11:26:53,1.0,0.0,1.0
2016-10-08 11:27:54,1.0,0.0,1.0
2016-10-08 11:28:55,1.0,0.0,1.0
2016-10-08 11:29:56,1.0,0.0,1.0
2016-10-08 11:30:57,1.0,0.0,1.0
2016-10-08 11:31:58,1.0,0.0,1.0
2016-10-08 11:32:59,1.0,0.0,1.0
2016-10-08 11:34:00,1.0,0.0,1.0
2016-10-08 11:35:01,1.0,0.0,1.0
2016-10-08 11:36:02,1.0,0.0,1.0
2016-10-08 11:37:03,1.0,0.0,1.0
2016-10-08 11:38:04,1.0,0.0,1.0
2016-10-08 11:39:05,1.0,0.0,1.0
2016-10-08 11:40:06,1.0,0.0,1.0
2016-10-08 11:41:07,1.0,0.0,1.0
2016-10-08 11:42:08,1.0,0.0,1.0
2016-10-08 11:43:09,1.0,0.0,1.0
2016-10-08 11:44:10,1.0,0.0,1.0
2016-10-08 11:45:11,1.0,0.0,1.0
2016-10-08 11:46:12,1.0,0.0,1.0
2016-10-08 11:47:13,1.0,0.0,1.0
2016-10-08 11:48:14,1.0,0.0,1.0
2016-10-08 11:49:15,1.0,0.0,1.0
2016-10-08 11:50:16,1.0,0.0,1.0
2016-10-08 11:51:17,1.0,0.0,1.0
2016-10-08 11:52:18,1.0,0.0,1.0
2016-10-08 11:53:19,1.0,0.0,1.0
2016-10-08 11:54:20,1.0,0.0,1.0
2016-10-08 11:55:21,1.0,0.0,1.0
2016-10-08 11:56:22,1.0,0.0,1.0
2016-10-08 11:57:23,1.0,0.0,1.0
2016-10-08 11:58:24,1.0,0.0,1.0
2016-10-08 11:59:25,1.0,0.0,1.0
2016-10-08 12:00:26,1.0,0.0,1.0
2016-10-08 12:01:27,1.0,0.0,1.0
2016-10-08 12:02:28,1.0,0.0,1.0
2016-10-08 12:03:29,1.0,0.0,1.0
2016-10-08 12:04:30,1.0,0.0,1.0
2016-10-08 12:05:31,1.0,0.0,1.0
2016-10-08 12:06:32,1.0,0.0,1.0
2016-10-08 12:07:33,1.0,0.0,1.0
2016-10-08 12:08:34,1.0,0.0,1.0
2016-10-08 12:09:35,1.0,0.0,1.0
2016-10-08 12:10:36,1.0,0.0,1.0
2016-10-08 12:11:37,1.0,0.0,1.0
2016-10-08 12:12:38,1.0,0.0,1.0
2016-10-08 12:13:39,1.0,0.0,1.0
2016-10-08 12:14:40,1.0,0.0,1.0
2016-10-08 12:15:41,1.0,0.0,1.0
2016-10-08 12:16:42,1.0,0.0,1.0
2016-10-08 12:17:43,1.0,0.0,1.0
2016-10-08 12:18:44,1.0,0.0,1.0
2016-10-08 12:19:45,1.0,0.0,1.0
2016-10-08 12:20:46,1.0,0.0,1.0
2016-10-08 12:21:47,1.0,0.0,1.0
2016-10-08 12:22:48,1.0,0.0,1.0
2016-10-08 12:23:49,1.0,0.0,1.0
2016-10-08 12:24:50,1.0,0.0,1.0
2016-10-08 12:25:51,1.0,0.0,1.0
2016-10-08 12:26:52,1.0,0.0,1.0
2016-10-08 12:27:53,1.0,0.0,1.0
2016-10-08 12:28:54,1.0,0.0,1.0
2016-10-08 12:29:55,1.0,0.0,1.0
2016-10-08 12:30:56,1.0,0.0,1.0
2016-10-08 12:31:57,1.0,0.0,1.0
2016-10-08 12:32:58,1.0,0.0,1.0
2016-10-08 12:33:59,1.0,0.0,1.0
2016-10-08 12:35:00,1.0,0.0,1.0
2016-10-08 12:36:01,1.0,0.0,1.0
2016-10-08 12:37:02,1.0,0.0,1.0
2016-10-08 12:38:03,1.0,0.0,1.0
2016-10-08 12:39:04,1.0,0.0,1.0
2016-10-08 12:40:05,1.0,0.0,1.0
2016-10-08 12:41:06,1.0,0.0,1.0
2016-10-08 12:42:07,1.0,0.0,1.0
2016-10-08 12:43:08,1.0,0.0,1.0
2016-10-08 12:44:09,1.0,0.0,1.0
2016-10-08 12:45:10,1.0,0.0,1.0
2016-10-08 12:46:11,1.0,0.0,1.0
2016-10-08 12:47:12,1.0,0.0,1.0
2016-10-08 12:48:13,1.0,0.0,1.0
2016-10-08 12:49:14,1.0,0.0,1.0
2016-10-08 12:50:15,1.0,0.0,1.0
2016-10-08 12:51:16,1.0,0.0,1.0
2016-10-08 12:52:17,1.0,0.0,1.0
2016-10-08 12:53:18,1.0,0.0,1.0
2016-10-08 12:54:19,1.0,0.0,1.0
2016-10-08 12:55:20,1.0,0.0,1.0
2016-10-08 12:56:21,1.0,0.0,1.0
2016-10-08 12:57:22,1.0,0.0,1.0
2016-10-08 12:58:23,1.0,0.0,1.0
2016-10-08 12:59:24,1.0,0.0,1.0
2016-10-08 13:00:25,1.0,0.0,1.0
2016-10-08 13:01:26,1.0,0.0,1.0
2016-10-08 13:02:27,1.0,0.0,1.0
2016-10-08 13:03:28,1.0,0.0,1.0
2016-10-08 13:04:29,1.0,0.0,1.0
2016-10-08 13:05:30,1.0,0.0,1.0
2016-10-08 13:06:31,1.0,0.0,1.0
2016-10-08 13:07:32,1.0,0.0,1.0
2016-10-08 13:08:33,1.0,0.0,1.0
2016-10-08 13:09:34,1.0,0.0,1.0
2016-10-08 13:10:35,1.0,0.0,1.0
2016-10-08 13:11:36,1.0,0.0,1.0
2016-10-08 13:12:37,1.0,0.0,1.0
2016-10-08 13:13:38,1.0,0.0,1.0
2016-10-08 13:14:39,1.0,0.0,1.0
2016-10-08 13:15:40,1.0,0.0,1.0
2016-10-08 13:16:41,1.0,0.0,1.0
2016-10-08 13:17:42,1.0,0.0,1.0
2016-10-08 13:18:43,1.0,0.0,1.0
2016-10-08 13:19:44,1.0,0.0,1.0
2016-10-08 13:20:45,1.0,0.0,1.0
2016-10-08 13:21:46,1.0,0.0,1.0
2016-10-08 13:22:47,1.0,0.0,1.0
2016-10-08 13:23:48,1.0,0.0,1.0
2016-10-08 13:24:49,1.0,0.0,1.0
2016-10-08 13:25:50,1.0,0.0,1.0
2016-10-08 13:26:51,1.0,0.0,1.0
2016-10-08 13:27:52,1.0,0.0,1.0
2016-10-08 13:28:53,1.0,0.0,1.0
2016-10-08 13:29:54,1.0,0.0,1.0
2016-10-08 13:30:55,1.0,0.0,1.0
2016-10-08 13:31:56,1.0,0.0,1.0
2016-10-08 13:32:57,1.0,0.0,1.0
2016-10-08 13:33:58,1.0,0.0,1.0
2016-10-08 13:34:59,1.0,0.0,1.0
2016-10-08 13:36:00,1.0,0.0,1.0
2016-10-08 13:37:01,1.0,0.0,1.0
2016-10-08 13:38:02,1.0,0.0,1.0
2016-10-08 13:39:03,1.0,0.0,1.0
2016-10-08 13:40:04,1.0,0.0,1.0
2016-10-08 13:41:05,1.0,0.0,1.0
2016-10-08 13:42:06,1.0,0.0,1.0
2016-10-08 13:43:07,1.0,0.0,1.0
2016-10-08 13:44:08,1.0,0.0,1.0
2016-10-08 13:45:09,1.0,0.0,1.0
2016-10-08 13:46:10,1.0,0.0,1.0
2016-10-08 13:47:11,1.0,0.0,1.0
2016-10-08 13:48:12,1.0,0.0,1.0
2016-10-08 13:49:13,1.0,0.0,1.0
2016-10-08 13:50:15,1.0,0.0,1.0
2016-10-08 13:51:16,1.0,0.0,1.0
2016-10-08 13:52:17,1.0,0.0,1.0
2016-10-08 13:53:18,1.0,0.0,1.0
2016-10-08 13:54:19,1.0,0.0,1.0
2016-10-08 13:55:20,1.0,0.0,1.0
2016-10-08 13:56:21,1.0,0.0,1.0
2016-10-08 13:57:22,1.0,0.0,1.0
2016-10-08 13:58:23,1.0,0.0,1.0
2016-10-08 13:59:24,1.0,0.0,1.0
2016-10-08 14:00:25,1.0,0.0,1.0
2016-10-08 14:01:26,1.0,0.0,1.0
2016-10-08 14:02:27,1.0,0.0,1.0
2016-10-08 14:03:28,1.0,0.0,1.0
2016-10-08 14:04:29,1.0,0.0,1.0
2016-10-08 14:05:30,1.0,0.0,1.0
2016-10-08 14:06:31,1.0,0.0,1.0
2016-10-08 14:07:32,1.0,0.0,1.0
2016-10-08 14:08:33,1.0,0.0,1.0
2016-10-08 14:09:34,1.0,0.0,1.0
2016-10-08 14:10:35,1.0,0.0,1.0
2016-10-08 14:11:36,1.0,0.0,1.0
2016-10-08 14:12:37,1.0,0.0,1.0
2016-10-08 14:13:38,1.0,0.0,1.0
2016-10-08 14:14:39,1.0,0.0,1.0
2016-10-08 14:15:40,1.0,0.0,1.0
2016-10-08 14:16:41,1.0,0.0,1.0
2016-10-08 14:17:43,1.0,0.0,1.0
2016-10-08 14:18:44,1.0,0.0,1.0
2016-10-08 14:19:45,1.0,0.0,1.0
2016-10-08 14:20:46,1.0,0.0,1.0
2016-10-08 14:21:47,1.0,0.0,1.0
2016-10-08 14:22:48,1.0,0.0,1.0
2016-10-08 14:23:49,1.0,0.0,1.0
2016-10-08 14:24:50,1.0,0.0,1.0
2016-10-08 14:25:51,1.0,0.0,1.0
2016-10-08 14:26:52,1.0,0.0,1.0
2016-10-08 14:27:53,1.0,0.0,1.0
2016-10-08 14:28:54,1.0,0.0,1.0
2016-10-08 14:29:55,1.0,0.0,1.0
2016-10-08 14:30:56,1.0,0.0,1.0
2016-10-08 14:31:57,1.0,0.0,1.0
2016-10-08 14:32:58,1.0,0.0,1.0
2016-10-08 14:34:00,1.0,0.0,1.0
2016-10-08 14:35:01,1.0,0.0,1.0
2016-10-08 14:36:02,1.0,0.0,1.0
2016-10-08 14:37:03,1.0,0.0,1.0
2016-10-08 14:38:04,1.0,0.0,1.0
2016-10-08 14:39:05,1.0,0.0,1.0
2016-10-08 14:40:06,1.0,0.0,1.0
2016-10-08 14:41:08,1.0,0.0,1.0
2016-10-08 14:42:09,1.0,0.0,1.0
2016-10-08 14:43:10,1.0,0.0,1.0
2016-10-08 14:44:11,1.0,0.0,1.0
2016-10-08 14:45:12,1.0,0.0,1.0
2016-10-08 14:46:13,1.0,0.0,1.0
2016-10-08 14:47:15,1.0,0.0,1.0
2016-10-08 14:48:16,1.0,0.0,1.0
2016-10-08 14:49:17,1.0,0.0,1.0
2016-10-08 14:50:18,1.0,0.0,1.0
2016-10-08 14:51:19,1.0,0.0,1.0
2016-10-08 14:52:20,1.0,0.0,1.0
2016-10-08 14:53:21,1.0,0.0,1.0
2016-10-08 14:54:22,1.0,0.0,1.0
2016-10-08 14:55:23,1.0,0.0,1.0
2016-10-08 14:56:24,1.0,0.0,1.0
2016-10-08 14:57:26,1.0,0.0,1.0
2016-10-08 14:58:27,1.0,0.0,1.0
2016-10-08 14:59:28,1.0,0.0,1.0
2016-10-08 15:00:30,1.0,0.0,1.0
2016-10-08 15:01:31,1.0,0.0,1.0
2016-10-08 15:02:33,1.0,0.0,1.0
2016-10-08 15:03:34,1.0,0.0,1.0
2016-10-08 15:04:35,1.0,0.0,1.0
2016-10-08 15:05:36,1.0,0.0,1.0
2016-10-08 15:06:38,1.0,0.0,1.0
2016-10-08 15:07:39,1.0,0.0,1.0
2016-10-08 15:08:40,1.0,0.0,1.0
2016-10-08 15:09:41,1.0,0.0,1.0
2016-10-08 15:10:43,1.0,0.0,1.0
2016-10-08 15:11:44,1.0,0.0,1.0
2016-10-08 15:12:45,1.0,0.0,1.0
2016-10-08 15:13:47,1.0,0.0,1.0
2016-10-08 15:14:48,1.0,0.0,1.0
2016-10-08 15:15:50,1.0,0.0,1.0
2016-10-08 15:16:51,1.0,0.0,1.0
2016-10-08 15:17:53,1.0,0.0,1.0
2016-10-08 15:18:54,1.0,0.0,1.0
2016-10-08 15:19:56,1.0,0.0,1.0
2016-10-08 15:20:58,1.0,0.0,1.0
2016-10-08 15:21:59,1.0,0.0,1.0
2016-10-08 15:23:01,1.0,0.0,1.0
2016-10-08 15:24:03,1.0,0.0,1.0
2016-10-08 15:25:06,1.0,0.0,1.0
2016-10-08 15:26:08,1.0,0.0,1.0
2016-10-08 15:27:10,1.0,0.0,1.0
2016-10-08 15:28:17,1.0,0.0,1.0
2016-10-08 15:29:18,1.0,0.0,1.0
2016-10-08 15:30:19,1.0,0.0,1.0
2016-10-08 15:31:20,1.0,0.0,1.0
2016-10-08 15:32:21,1.0,0.0,1.0
2016-10-08 15:33:22,1.0,0.0,1.0
2016-10-08 15:34:23,1.0,0.0,1.0
2016-10-08 15:35:24,1.0,0.0,1.0
2016-10-08 15:36:25,1.0,0.0,1.0
2016-10-08 15:37:26,1.0,0.0,1.0
2016-10-08 15:38:27,1.0,0.0,1.0
2016-10-08 15:39:28,1.0,0.0,1.0
2016-10-08 15:40:29,1.0,0.0,1.0
2016-10-08 15:41:30,1.0,0.0,1.0
2016-10-08 15:42:31,1.0,0.0,1.0
2016-10-08 15:43:33,1.0,0.0,1.0
2016-10-08 15:44:34,1.0,0.0,1.0
2016-10-08 15:45:37,1.0,0.0,1.0
2016-10-08 15:46:39,1.0,0.0,1.0
2016-10-08 15:47:40,1.0,0.0,1.0
2016-10-08 15:48:41,1.0,0.0,1.0
2016-10-08 15:49:42,1.0,0.0,1.0
2016-10-08 15:50:43,1.0,0.0,1.0
2016-10-08 15:51:44,1.0,0.0,1.0
2016-10-08 15:52:45,1.0,0.0,1.0
2016-10-08 15:53:46,1.0,0.0,1.0
2016-10-08 15:54:48,1.0,0.0,1.0
2016-10-08 15:55:49,1.0,0.0,1.0
2016-10-08 15:56:50,1.0,0.0,1.0
2016-10-08 15:57:52,1.0,0.0,1.0
2016-10-08 15:58:53,1.0,0.0,1.0
2016-10-08 15:59:55,1.0,0.0,1.0
2016-10-08 16:00:56,1.0,0.0,1.0
2016-10-08 16:01:59,1.0,0.0,1.0
2016-10-08 16:03:00,1.0,0.0,1.0
2016-10-08 16:04:01,1.0,0.0,1.0
2016-10-08 16:05:02,1.0,0.0,1.0
2016-10-08 16:06:03,1.0,0.0,1.0
2016-10-08 16:07:04,1.0,0.0,1.0
2016-10-08 16:08:05,1.0,0.0,1.0
2016-10-08 16:09:08,1.0,0.0,1.0
2016-10-08 16:10:09,1.0,0.0,1.0
2016-10-08 16:11:10,1.0,0.0,1.0
2016-10-08 16:12:11,1.0,0.0,1.0
2016-10-08 16:13:12,1.0,0.0,1.0
2016-10-08 16:14:13,1.0,0.0,1.0
2016-10-08 16:15:14,1.0,0.0,1.0
2016-10-08 16:16:15,1.0,0.0,1.0
2016-10-08 16:17:16,1.0,0.0,1.0
2016-10-08 16:18:17,1.0,0.0,1.0
2016-10-08 16:19:18,1.0,0.0,1.0
2016-10-08 16:20:19,1.0,0.0,1.0
2016-10-08 16:21:20,1.0,0.0,1.0
2016-10-08 16:22:21,1.0,0.0,1.0
2016-10-08 16:23:22,1.0,0.0,1.0
2016-10-08 16:24:23,1.0,0.0,1.0
2016-10-08 16:25:24,1.0,0.0,1.0
2016-10-08 16:26:25,1.0,0.0,1.0
2016-10-08 16:27:26,1.0,0.0,1.0
2016-10-08 16:28:27,1.0,0.0,1.0
2016-10-08 16:29:28,1.0,0.0,1.0
2016-10-08 16:30:29,1.0,0.0,1.0
2016-10-08 16:31:30,1.0,0.0,1.0
2016-10-08 16:32:35,1.0,0.0,1.0
2016-10-08 16:33:36,1.0,0.0,1.0
2016-10-08 16:34:37,1.0,0.0,1.0
2016-10-08 16:35:40,1.0,0.0,1.0
2016-10-08 16:36:41,1.0,0.0,1.0
2016-10-08 16:37:42,1.0,0.0,1.0
2016-10-08 16:38:43,1.0,0.0,1.0
2016-10-08 16:39:44,1.0,0.0,1.0
2016-10-08 16:40:45,1.0,0.0,1.0
2016-10-08 16:41:46,1.0,0.0,1.0
2016-10-08 16:42:47,1.0,0.0,1.0
2016-10-08 16:43:48,1.0,0.0,1.0
2016-10-08 16:44:49,1.0,0.0,1.0
2016-10-08 16:45:50,1.0,0.0,1.0
2016-10-08 16:46:56,1.0,0.0,1.0
2016-10-08 16:47:57,1.0,0.0,1.0
2016-10-08 16:48:58,1.0,0.0,1.0
2016-10-08 16:49:59,1.0,0.0,1.0
2016-10-08 16:51:00,1.0,0.0,1.0
2016-10-08 16:52:01,1.0,0.0,1.0
2016-10-08 16:53:02,1.0,0.0,1.0
2016-10-08 16:54:03,1.0,0.0,1.0
2016-10-08 16:55:04,1.0,0.0,1.0
2016-10-08 16:56:05,1.0,0.0,1.0
2016-10-08 16:57:06,1.0,0.0,1.0
2016-10-08 16:58:07,1.0,0.0,1.0
2016-10-08 16:59:08,1.0,0.0,1.0
2016-10-08 17:00:09,1.0,0.0,1.0
2016-10-08 17:01:11,1.0,0.0,1.0
2016-10-08 17:02:12,1.0,0.0,1.0
2016-10-08 17:03:13,1.0,0.0,1.0
2016-10-08 17:04:14,1.0,0.0,1.0
2016-10-08 17:05:15,1.0,0.0,1.0
2016-10-08 17:06:16,1.0,0.0,1.0
2016-10-08 17:07:17,1.0,0.0,1.0
2016-10-08 17:08:18,1.0,0.0,1.0
2016-10-08 17:09:19,1.0,0.0,1.0
2016-10-08 17:10:21,1.0,0.0,1.0
2016-10-08 17:11:22,1.0,0.0,1.0
2016-10-08 17:12:23,1.0,0.0,1.0
2016-10-08 17:13:24,1.0,0.0,1.0
2016-10-08 17:14:25,1.0,0.0,1.0
2016-10-08 17:15:26,1.0,0.0,1.0
2016-10-08 17:16:27,1.0,0.0,1.0
2016-10-08 17:17:28,1.0,0.0,1.0
2016-10-08 17:18:29,1.0,0.0,1.0
2016-10-08 17:19:30,1.0,0.0,1.0
2016-10-08 17:20:31,1.0,0.0,1.0
2016-10-08 17:21:32,1.0,0.0,1.0
2016-10-08 17:22:33,1.0,0.0,1.0
2016-10-08 17:23:34,1.0,0.0,1.0
2016-10-08 17:24:36,1.0,0.0,1.0
2016-10-08 17:25:37,1.0,0.0,1.0
2016-10-08 17:26:38,1.0,0.0,1.0
2016-10-08 17:27:39,1.0,0.0,1.0
2016-10-08 17:28:40,1.0,0.0,1.0
2016-10-08 17:29:41,1.0,0.0,1.0
2016-10-08 17:30:42,1.0,0.0,1.0
2016-10-08 17:31:43,1.0,0.0,1.0
2016-10-08 17:32:44,1.0,0.0,1.0
2016-10-08 17:33:45,1.0,0.0,1.0
2016-10-08 17:34:46,1.0,0.0,1.0
2016-10-08 17:35:47,1.0,0.0,1.0
2016-10-08 17:36:48,1.0,0.0,1.0
2016-10-08 17:37:51,1.0,0.0,1.0
2016-10-08 17:38:52,1.0,0.0,1.0
2016-10-08 17:39:53,1.0,0.0,1.0
2016-10-08 17:40:54,1.0,0.0,1.0
2016-10-08 17:41:55,1.0,0.0,1.0
2016-10-08 17:42:56,1.0,0.0,1.0
2016-10-08 17:43:58,1.0,0.0,1.0
2016-10-08 17:44:59,1.0,0.0,1.0
2016-10-08 17:46:01,1.0,0.0,1.0
2016-10-08 17:47:02,1.0,0.0,1.0
2016-10-08 17:48:03,1.0,0.0,1.0
2016-10-08 17:49:04,1.0,0.0,1.0
2016-10-08 17:50:05,1.0,0.0,1.0
2016-10-08 17:51:06,1.0,0.0,1.0
2016-10-08 17:52:07,1.0,0.0,1.0
2016-10-08 17:53:08,1.0,0.0,1.0
2016-10-08 17:54:09,1.0,0.0,1.0
2016-10-08 17:55:10,1.0,0.0,1.0
2016-10-08 17:56:11,1.0,0.0,1.0
2016-10-08 17:57:12,1.0,0.0,1.0
2016-10-08 17:58:13,1.0,0.0,1.0
2016-10-08 17:59:19,1.0,0.0,1.0
2016-10-08 18:00:21,1.0,0.0,1.0
2016-10-08 18:01:22,1.0,0.0,1.0
2016-10-08 18:02:24,1.0,0.0,1.0
2016-10-08 18:03:25,1.0,0.0,1.0
2016-10-08 18:04:26,1.0,0.0,1.0
2016-10-08 18:05:27,1.0,0.0,1.0
2016-10-08 18:06:28,1.0,0.0,1.0
2016-10-08 18:07:29,1.0,0.0,1.0
2016-10-08 18:08:30,1.0,0.0,1.0
2016-10-08 18:09:31,1.0,0.0,1.0
2016-10-08 18:10:32,1.0,0.0,1.0
2016-10-08 18:11:34,1.0,0.0,1.0
2016-10-08 18:12:35,1.0,0.0,1.0
2016-10-08 18:13:37,1.0,0.0,1.0
2016-10-08 18:14:39,1.0,0.0,1.0
2016-10-08 18:15:40,1.0,0.0,1.0
2016-10-08 18:16:41,1.0,0.0,1.0
2016-10-08 18:17:42,1.0,0.0,1.0
2016-10-08 18:18:43,1.0,0.0,1.0
2016-10-08 18:19:44,1.0,0.0,1.0
2016-10-08 18:20:45,1.0,0.0,1.0
2016-10-08 18:21:46,1.0,0.0,1.0
2016-10-08 18:22:47,1.0,0.0,1.0
2016-10-08 18:23:50,1.0,0.0,1.0
2016-10-08 18:24:51,1.0,0.0,1.0
2016-10-08 18:25:52,1.0,0.0,1.0
2016-10-08 18:26:53,1.0,0.0,1.0
2016-10-08 18:27:56,1.0,0.0,1.0
2016-10-08 18:28:57,1.0,0.0,1.0
2016-10-08 18:30:00,1.0,0.0,1.0
2016-10-08 18:31:01,1.0,0.0,1.0
2016-10-08 18:32:02,1.0,0.0,1.0
2016-10-08 18:33:03,1.0,0.0,1.0
2016-10-08 18:34:04,1.0,0.0,1.0
2016-10-08 18:35:05,1.0,0.0,1.0
2016-10-08 18:36:06,1.0,0.0,1.0
2016-10-08 18:37:07,1.0,0.0,1.0
2016-10-08 18:38:08,1.0,0.0,1.0
2016-10-08 18:39:09,1.0,0.0,1.0
2016-10-08 18:40:10,1.0,0.0,1.0
2016-10-08 18:41:11,1.0,0.0,1.0
2016-10-08 18:42:12,1.0,0.0,1.0
2016-10-08 18:43:13,1.0,0.0,1.0
2016-10-08 18:44:14,1.0,0.0,1.0
2016-10-08 18:45:15,1.0,0.0,1.0
2016-10-08 18:46:16,1.0,0.0,1.0
2016-10-08 18:47:17,1.0,0.0,1.0
2016-10-08 18:48:19,1.0,0.0,1.0
2016-10-08 18:49:20,1.0,0.0,1.0
2016-10-08 18:50:21,1.0,0.0,1.0
2016-10-08 18:51:22,1.0,0.0,1.0
2016-10-08 18:52:23,1.0,0.0,1.0
2016-10-08 18:53:24,1.0,0.0,1.0
2016-10-08 18:54:31,1.0,0.0,1.0
2016-10-08 18:55:32,1.0,0.0,1.0
2016-10-08 18:56:33,1.0,0.0,1.0
2016-10-08 18:57:34,1.0,0.0,1.0
2016-10-08 18:58:35,1.0,0.0,1.0
2016-10-08 18:59:36,1.0,0.0,1.0
2016-10-08 19:00:37,1.0,0.0,1.0
2016-10-08 19:01:38,1.0,0.0,1.0
2016-10-08 19:02:39,1.0,0.0,1.0
2016-10-08 19:03:40,1.0,0.0,1.0
2016-10-08 19:04:42,1.0,0.0,1.0
2016-10-08 19:05:45,1.0,0.0,1.0
2016-10-08 19:06:46,1.0,0.0,1.0
2016-10-08 19:07:47,1.0,0.0,1.0
2016-10-08 19:08:48,1.0,0.0,1.0
2016-10-08 19:09:55,1.0,0.0,1.0
2016-10-08 19:10:56,1.0,0.0,1.0
2016-10-08 19:11:57,1.0,0.0,1.0
2016-10-08 19:12:58,1.0,0.0,1.0
2016-10-08 19:13:59,1.0,0.0,1.0
2016-10-08 19:15:00,1.0,0.0,1.0
2016-10-08 19:16:02,1.0,0.0,1.0
2016-10-08 19:17:03,1.0,0.0,1.0
2016-10-08 19:18:04,1.0,0.0,1.0
2016-10-08 19:19:05,1.0,0.0,1.0
2016-10-08 19:20:06,1.0,0.0,1.0
2016-10-08 19:21:07,1.0,0.0,1.0
2016-10-08 19:22:09,1.0,0.0,1.0
2016-10-08 19:23:13,1.0,0.0,1.0
2016-10-08 19:24:14,1.0,0.0,1.0
2016-10-08 19:25:15,1.0,0.0,1.0
2016-10-08 19:26:16,1.0,0.0,1.0
2016-10-08 19:27:17,1.0,0.0,1.0
2016-10-08 19:28:18,1.0,0.0,1.0
2016-10-08 19:29:19,1.0,0.0,1.0
2016-10-08 19:30:20,1.0,0.0,1.0
2016-10-08 19:31:21,1.0,0.0,1.0
2016-10-08 19:32:22,1.0,0.0,1.0
2016-10-08 19:33:23,1.0,0.0,1.0
2016-10-08 19:34:24,1.0,0.0,1.0
2016-10-08 19:35:25,1.0,0.0,1.0
2016-10-08 19:36:26,1.0,0.0,1.0
2016-10-08 19:37:28,1.0,0.0,1.0
2016-10-08 19:38:29,1.0,0.0,1.0
2016-10-08 19:39:30,1.0,0.0,1.0
2016-10-08 19:40:31,1.0,0.0,1.0
2016-10-08 19:41:32,1.0,0.0,1.0
2016-10-08 19:42:33,1.0,0.0,1.0
2016-10-08 19:43:34,1.0,0.0,1.0
2016-10-08 19:44:40,1.0,0.0,1.0
2016-10-08 19:45:41,1.0,0.0,1.0
2016-10-08 19:46:42,1.0,0.0,1.0
2016-10-08 19:47:43,1.0,0.0,1.0
2016-10-08 19:48:44,1.0,0.0,1.0
2016-10-08 19:49:45,1.0,0.0,1.0
2016-10-08 19:50:46,1.0,0.0,1.0
2016-10-08 19:51:47,1.0,0.0,1.0
2016-10-08 19:52:48,1.0,0.0,1.0
2016-10-08 19:53:49,1.0,0.0,1.0
2016-10-08 19:54:50,1.0,0.0,1.0
2016-10-08 19:55:51,1.0,0.0,1.0
2016-10-08 19:56:53,1.0,0.0,1.0
2016-10-08 19:57:58,1.0,0.0,1.0
2016-10-08 19:59:00,1.0,0.0,1.0
2016-10-08 20:00:01,1.0,0.0,1.0
2016-10-08 20:01:02,1.0,0.0,1.0
2016-10-08 20:02:03,1.0,0.0,1.0
2016-10-08 20:03:04,1.0,0.0,1.0
2016-10-08 20:04:05,1.0,0.0,1.0
2016-10-08 20:05:06,1.0,0.0,1.0
2016-10-08 20:06:07,1.0,0.0,1.0
2016-10-08 20:07:08,1.0,0.0,1.0
2016-10-08 20:08:09,1.0,0.0,1.0
2016-10-08 20:09:10,1.0,0.0,1.0
2016-10-08 20:10:11,1.0,0.0,1.0
2016-10-08 20:11:13,1.0,0.0,1.0
2016-10-08 20:12:14,1.0,0.0,1.0
2016-10-08 20:13:15,1.0,0.0,1.0
2016-10-08 20:14:16,1.0,0.0,1.0
2016-10-08 20:15:19,1.0,0.0,1.0
2016-10-08 20:16:20,1.0,0.0,1.0
2016-10-08 20:17:21,1.0,0.0,1.0
2016-10-08 20:18:22,1.0,0.0,1.0
2016-10-08 20:19:23,1.0,0.0,1.0
2016-10-08 20:20:24,1.0,0.0,1.0
2016-10-08 20:21:25,1.0,0.0,1.0
2016-10-08 20:22:28,1.0,0.0,1.0
2016-10-08 20:23:29,1.0,0.0,1.0
2016-10-08 20:24:30,1.0,0.0,1.0
2016-10-08 20:25:31,1.0,0.0,1.0
2016-10-08 20:26:32,1.0,0.0,1.0
2016-10-08 20:27:33,1.0,0.0,1.0
2016-10-08 20:28:34,1.0,0.0,1.0
2016-10-08 20:29:35,1.0,0.0,1.0
2016-10-08 20:30:36,1.0,0.0,1.0
2016-10-08 20:31:37,1.0,0.0,1.0
2016-10-08 20:32:39,1.0,0.0,1.0
2016-10-08 20:33:40,1.0,0.0,1.0
2016-10-08 20:34:41,1.0,0.0,1.0
2016-10-08 20:35:42,1.0,0.0,1.0
2016-10-08 20:36:43,1.0,0.0,1.0
2016-10-08 20:37:44,1.0,0.0,1.0
2016-10-08 20:38:45,1.0,0.0,1.0
2016-10-08 20:39:47,1.0,0.0,1.0
2016-10-08 20:40:48,1.0,0.0,1.0
2016-10-08 20:41:49,1.0,0.0,1.0
2016-10-08 20:42:50,1.0,0.0,1.0
2016-10-08 20:43:51,1.0,0.0,1.0
2016-10-08 20:44:53,1.0,0.0,1.0
2016-10-08 20:45:54,1.0,0.0,1.0
2016-10-08 20:46:55,1.0,0.0,1.0
2016-10-08 20:47:57,1.0,0.0,1.0
2016-10-08 20:48:58,1.0,0.0,1.0
2016-10-08 20:49:59,1.0,0.0,1.0
2016-10-08 20:51:00,1.0,0.0,1.0
2016-10-08 20:52:02,1.0,0.0,1.0
2016-10-08 20:53:03,1.0,0.0,1.0
2016-10-08 20:54:04,1.0,0.0,1.0
2016-10-08 20:55:09,1.0,0.0,1.0
2016-10-08 20:56:10,1.0,0.0,1.0
2016-10-08 20:57:11,1.0,0.0,1.0
2016-10-08 20:58:12,1.0,0.0,1.0
2016-10-08 20:59:13,1.0,0.0,1.0
2016-10-08 21:00:14,1.0,0.0,1.0
2016-10-08 21:01:15,1.0,0.0,1.0
2016-10-08 21:02:16,1.0,0.0,1.0
2016-10-08 21:03:17,1.0,0.0,1.0
2016-10-08 21:04:18,1.0,0.0,1.0
2016-10-08 21:05:19,1.0,0.0,1.0
2016-10-08 21:06:21,1.0,0.0,1.0
2016-10-08 21:07:22,1.0,0.0,1.0
2016-10-08 21:08:23,1.0,0.0,1.0
2016-10-08 21:09:24,1.0,0.0,1.0
2016-10-08 21:10:25,1.0,0.0,1.0
2016-10-08 21:11:26,1.0,0.0,1.0
2016-10-08 21:12:28,1.0,0.0,1.0
2016-10-08 21:13:29,1.0,0.0,1.0
2016-10-08 21:14:30,1.0,0.0,1.0
2016-10-08 21:15:31,1.0,0.0,1.0
2016-10-08 21:16:32,1.0,0.0,1.0
2016-10-08 21:17:33,1.0,0.0,1.0
2016-10-08 21:18:34,1.0,0.0,1.0
2016-10-08 21:19:35,1.0,0.0,1.0
2016-10-08 21:20:36,1.0,0.0,1.0
2016-10-08 21:21:37,1.0,0.0,1.0
2016-10-08 21:22:38,1.0,0.0,1.0
2016-10-08 21:23:39,1.0,0.0,1.0
2016-10-08 21:24:41,1.0,0.0,1.0
2016-10-08 21:25:42,1.0,0.0,1.0
2016-10-08 21:26:43,1.0,0.0,1.0
2016-10-08 21:27:44,1.0,0.0,1.0
2016-10-08 21:28:47,1.0,0.0,1.0
2016-10-08 21:29:48,1.0,0.0,1.0
2016-10-08 21:30:50,1.0,0.0,1.0
2016-10-08 21:31:51,1.0,0.0,1.0
2016-10-08 21:32:52,1.0,0.0,1.0
2016-10-08 21:33:55,1.0,0.0,1.0
2016-10-08 21:34:57,1.0,0.0,1.0
2016-10-08 21:35:58,1.0,0.0,1.0
2016-10-08 21:36:59,1.0,0.0,1.0
2016-10-08 21:38:00,1.0,0.0,1.0
2016-10-08 21:39:01,1.0,0.0,1.0
2016-10-08 21:40:02,1.0,0.0,1.0
2016-10-08 21:41:03,1.0,0.0,1.0
2016-10-08 21:42:07,1.0,0.0,1.0
2016-10-08 21:43:09,1.0,0.0,1.0
2016-10-08 21:44:10,1.0,0.0,1.0
2016-10-08 21:45:12,1.0,0.0,1.0
2016-10-08 21:46:13,1.0,0.0,1.0
2016-10-08 21:47:14,1.0,0.0,1.0
2016-10-08 21:48:15,1.0,0.0,1.0
2016-10-08 21:49:16,1.0,0.0,1.0
2016-10-08 21:50:17,1.0,0.0,1.0
2016-10-08 21:51:18,1.0,0.0,1.0
2016-10-08 21:52:19,1.0,0.0,1.0
2016-10-08 21:53:21,1.0,0.0,1.0
2016-10-08 21:54:22,1.0,0.0,1.0
2016-10-08 21:55:24,1.0,0.0,1.0
2016-10-08 21:56:26,1.0,0.0,1.0
2016-10-08 21:57:27,1.0,0.0,1.0
2016-10-08 21:58:29,1.0,0.0,1.0
2016-10-08 21:59:31,1.0,0.0,1.0
2016-10-08 22:00:32,1.0,0.0,1.0
2016-10-08 22:01:33,1.0,0.0,1.0
2016-10-08 22:02:34,1.0,0.0,1.0
2016-10-08 22:03:35,1.0,0.0,1.0
2016-10-08 22:04:36,1.0,0.0,1.0
2016-10-08 22:05:38,1.0,0.0,1.0
2016-10-08 22:06:39,1.0,0.0,1.0
2016-10-08 22:07:40,1.0,0.0,1.0
2016-10-08 22:08:41,1.0,0.0,1.0
2016-10-08 22:09:42,1.0,0.0,1.0
2016-10-08 22:10:44,1.0,0.0,1.0
2016-10-08 22:11:45,1.0,0.0,1.0
2016-10-08 22:12:46,1.0,0.0,1.0
2016-10-08 22:13:48,1.0,0.0,1.0
2016-10-08 22:14:49,1.0,0.0,1.0
2016-10-08 22:15:51,1.0,0.0,1.0
2016-10-08 22:16:52,1.0,0.0,1.0
2016-10-08 22:17:54,1.0,0.0,1.0
2016-10-08 22:18:55,1.0,0.0,1.0
2016-10-08 22:19:56,1.0,0.0,1.0
2016-10-08 22:20:57,1.0,0.0,1.0
2016-10-08 22:21:58,1.0,0.0,1.0
2016-10-08 22:23:00,1.0,0.0,1.0
2016-10-08 22:24:02,1.0,0.0,1.0
2016-10-08 22:25:04,1.0,0.0,1.0
2016-10-08 22:26:05,1.0,0.0,1.0
2016-10-08 22:27:06,1.0,0.0,1.0
2016-10-08 22:28:08,1.0,0.0,1.0
2016-10-08 22:29:10,1.0,0.0,1.0
2016-10-08 22:30:12,1.0,0.0,1.0
2016-10-08 22:31:13,1.0,0.0,1.0
2016-10-08 22:32:15,1.0,0.0,1.0
2016-10-08 22:33:17,1.0,0.0,1.0
2016-10-08 22:34:19,1.0,0.0,1.0
2016-10-08 22:35:20,1.0,0.0,1.0
2016-10-08 22:36:22,1.0,0.0,1.0
2016-10-08 22:37:24,1.0,0.0,1.0
2016-10-08 22:38:26,1.0,0.0,1.0
2016-10-08 22:39:28,1.0,0.0,1.0
2016-10-08 22:40:30,1.0,0.0,1.0
2016-10-08 22:41:32,1.0,0.0,1.0
2016-10-08 22:42:33,1.0,0.0,1.0
2016-10-08 22:43:35,1.0,0.0,1.0
2016-10-08 22:44:37,1.0,0.0,1.0
2016-10-08 22:45:38,1.0,0.0,1.0
2016-10-08 22:46:39,1.0,0.0,1.0
2016-10-08 22:47:40,1.0,0.0,1.0
2016-10-08 22:48:41,1.0,0.0,1.0
2016-10-08 22:49:44,1.0,0.0,1.0
2016-10-08 22:50:45,1.0,0.0,1.0
2016-10-08 22:51:46,1.0,0.0,1.0
2016-10-08 22:52:47,1.0,0.0,1.0
2016-10-08 22:53:49,1.0,0.0,1.0
2016-10-08 22:54:50,1.0,0.0,1.0
2016-10-08 22:55:51,1.0,0.0,1.0
2016-10-08 22:56:53,1.0,0.0,1.0
2016-10-08 22:57:54,1.0,0.0,1.0
2016-10-08 22:58:55,1.0,0.0,1.0
2016-10-08 22:59:56,1.0,0.0,1.0
2016-10-08 23:00:57,1.0,0.0,1.0
2016-10-08 23:01:59,1.0,0.0,1.0
2016-10-08 23:03:00,1.0,0.0,1.0
2016-10-08 23:04:02,1.0,0.0,1.0
2016-10-08 23:05:04,1.0,0.0,1.0
2016-10-08 23:06:05,1.0,0.0,1.0
2016-10-08 23:07:07,1.0,0.0,1.0
2016-10-08 23:08:08,1.0,0.0,1.0
2016-10-08 23:09:09,1.0,0.0,1.0
2016-10-08 23:10:11,1.0,0.0,1.0
2016-10-08 23:11:13,1.0,0.0,1.0
2016-10-08 23:12:14,1.0,0.0,1.0
2016-10-08 23:13:16,1.0,0.0,1.0
2016-10-08 23:14:18,1.0,0.0,1.0
2016-10-08 23:15:20,1.0,0.0,1.0
2016-10-08 23:16:21,1.0,0.0,1.0
2016-10-08 23:17:23,1.0,0.0,1.0
2016-10-08 23:18:25,1.0,0.0,1.0
2016-10-08 23:19:26,1.0,0.0,1.0
2016-10-08 23:20:28,1.0,0.0,1.0
2016-10-08 23:21:29,1.0,0.0,1.0
2016-10-08 23:22:31,1.0,0.0,1.0
2016-10-08 23:23:32,1.0,0.0,1.0
2016-10-08 23:24:34,1.0,0.0,1.0
2016-10-08 23:25:36,1.0,0.0,1.0
2016-10-08 23:26:37,1.0,0.0,1.0
2016-10-08 23:27:39,1.0,0.0,1.0
2016-10-08 23:28:41,1.0,0.0,1.0
2016-10-08 23:29:43,1.0,0.0,1.0
2016-10-08 23:30:44,1.0,0.0,1.0
2016-10-08 23:31:46,1.0,0.0,1.0
2016-10-08 23:32:48,1.0,0.0,1.0
2016-10-08 23:33:50,1.0,0.0,1.0
2016-10-08 23:34:52,1.0,0.0,1.0
2016-10-08 23:35:54,1.0,0.0,1.0
2016-10-08 23:36:55,1.0,0.0,1.0
2016-10-08 23:37:56,1.0,0.0,1.0
2016-10-08 23:38:58,1.0,0.0,1.0
2016-10-08 23:40:00,1.0,0.0,1.0
2016-10-08 23:41:02,1.0,0.0,1.0
2016-10-08 23:42:04,1.0,0.0,1.0
2016-10-08 23:43:06,1.0,0.0,1.0
2016-10-08 23:44:08,1.0,0.0,1.0
2016-10-08 23:45:10,1.0,0.0,1.0
2016-10-08 23:46:12,1.0,0.0,1.0
2016-10-08 23:47:14,1.0,0.0,1.0
2016-10-08 23:48:15,1.0,0.0,1.0
2016-10-08 23:49:17,1.0,0.0,1.0
2016-10-08 23:50:19,1.0,0.0,1.0
2016-10-08 23:51:20,1.0,0.0,1.0
2016-10-08 23:52:22,1.0,0.0,1.0
2016-10-08 23:53:23,1.0,0.0,1.0
2016-10-08 23:54:25,1.0,0.0,1.0
2016-10-08 23:55:27,1.0,0.0,1.0
2016-10-08 23:56:28,1.0,0.0,1.0
2016-10-08 23:57:29,1.0,0.0,1.0
2016-10-08 23:58:30,1.0,0.0,1.0
2016-10-08 23:59:31,1.0,0.0,1.0
