,1,2
2018-02-25 00:00:00,0.0,0.0
2018-02-25 00:05:00,0.0,0.0
2018-02-25 00:10:00,0.0,0.0
2018-02-25 00:15:00,0.0,0.0
2018-02-25 00:20:00,0.0,0.0
2018-02-25 00:25:00,0.0,0.0
2018-02-25 00:30:00,0.0,0.0
2018-02-25 00:35:00,0.0,0.0
2018-02-25 00:40:00,0.0,0.0
2018-02-25 00:45:00,0.0,0.0
2018-02-25 00:50:00,0.0,0.0
2018-02-25 00:55:00,0.0,0.0
2018-02-25 01:00:00,0.0,0.0
2018-02-25 01:05:00,0.0,0.0
2018-02-25 01:10:00,5.755592959394469e-05,2.6876223995385884e-07
2018-02-25 01:15:00,0.0003887762937413376,3.089476860091196e-06
2018-02-25 01:20:00,0.0008427338195379436,1.3302060965390817e-05
2018-02-25 01:25:00,0.0020274890928714743,5.204785321605395e-05
2018-02-25 01:30:00,0.003381671068240956,0.00013386248938835994
2018-02-25 01:35:00,0.00536870824699083,0.0002791734106014192
2018-02-25 01:40:00,0.00929497599755226,0.0006144816058889346
2018-02-25 01:45:00,0.01586671678073992,0.0010741349076206265
2018-02-25 01:50:00,0.01514742538883301,0.0017501095749191682
2018-02-25 01:55:00,0.020471069122646717,0.0030520347056314998
2018-02-25 02:00:00,0.023245212850217987,0.004270897107670592
2018-02-25 02:05:00,0.029143120594669926,0.006318494015430372
2018-02-25 02:10:00,0.03549393091249381,0.008943272797643915
2018-02-25 02:15:00,0.042713432288881206,0.012142008421762825
2018-02-25 02:20:00,0.05287227950265198,0.0166274987935468
2018-02-25 02:25:00,0.061910557933413504,0.02227869159054289
2018-02-25 02:30:00,0.07064779566569103,0.029567833782186075
2018-02-25 02:35:00,0.08247490509631436,0.037272658099127776
2018-02-25 02:40:00,0.09164082642791865,0.045450724908521575
2018-02-25 02:45:00,0.09866532727755077,0.054384792218442925
2018-02-25 02:50:00,0.11051265299188678,0.06286459206771144
2018-02-25 02:55:00,0.11809767988993275,0.07121715274312056
2018-02-25 03:00:00,0.12091992239919844,0.08072394138474585
2018-02-25 03:05:00,0.13101055971077913,0.09106621848732245
2018-02-25 03:10:00,0.14255737053031015,0.10209872274445378
2018-02-25 03:15:00,0.1516923293301392,0.11313101140992386
2018-02-25 03:20:00,0.1639845849347702,0.12520465147146667
2018-02-25 03:25:00,0.17829487891258355,0.14111533683470817
2018-02-25 03:30:00,0.1868067690804876,0.159006687068633
2018-02-25 03:35:00,0.2004936388796806,0.169563382249689
2018-02-25 03:40:00,0.20656903598949344,0.17174233870624908
2018-02-25 03:45:00,0.21465960492865777,0.17329036422001243
2018-02-25 03:50:00,0.22344472348579797,0.1806479343148862
2018-02-25 03:55:00,0.22889424105816525,0.182650808123024
2018-02-25 04:00:00,0.2365983908705282,0.18734302494340851
2018-02-25 04:05:00,0.2431527354783105,0.1847855712836587
2018-02-25 04:10:00,0.2458713320294738,0.19402418022919626
2018-02-25 04:15:00,0.22680445594406748,0.1953229272468498
2018-02-25 04:20:00,0.25738226039475404,0.19992550873580842
2018-02-25 04:25:00,0.2585628725434817,0.20027290428016414
2018-02-25 04:30:00,0.2481880845100399,0.19987973260354536
2018-02-25 04:35:00,0.2440259160025263,0.20243256394536088
2018-02-25 04:40:00,0.2515740010237659,0.20706232278299266
2018-02-25 04:45:00,0.24958628715226885,0.21036692593173267
2018-02-25 04:50:00,0.24337734809362493,0.21484460992325244
2018-02-25 04:55:00,0.2430202316521375,0.22066659873427535
2018-02-25 05:00:00,0.22978391771345744,0.2185550451513857
2018-02-25 05:05:00,0.24393234560849547,0.21728251365059786
2018-02-25 05:10:00,0.2398045581310814,0.2258895325998492
2018-02-25 05:15:00,0.24842016962988414,0.22145383738546057
2018-02-25 05:20:00,0.23609561071354979,0.2261838876031623
2018-02-25 05:25:00,0.2453539185200806,0.22700978294724833
2018-02-25 05:30:00,0.2523696015411465,0.23179055936049187
2018-02-25 05:35:00,0.24718758522857112,0.23124863926790265
2018-02-25 05:40:00,0.2558621987123328,0.23087490135536165
2018-02-25 05:45:00,0.2512843201010653,0.23141447337687138
2018-02-25 05:50:00,0.2444803790422269,0.2308887274385401
2018-02-25 05:55:00,0.24315814291051438,0.23424384240388832
2018-02-25 06:00:00,0.24673368972753937,0.2384580523026561
2018-02-25 06:05:00,0.24515239299328892,0.23970576181614164
2018-02-25 06:10:00,0.24982137686699296,0.23968463538192147
2018-02-25 06:15:00,0.24873344050029111,0.24178678036078782
2018-02-25 06:20:00,0.25145458250134534,0.24344030348360385
2018-02-25 06:25:00,0.24570325532587983,0.24129280321828883
2018-02-25 06:30:00,0.24477101028401516,0.24041104502543365
2018-02-25 06:35:00,0.24404644941532444,0.2406922321048602
2018-02-25 06:40:00,0.24479085114374116,0.24355424527225528
2018-02-25 06:45:00,0.24012281866938692,0.24383673577861395
2018-02-25 06:50:00,0.24449609686613347,0.24396935266714714
2018-02-25 06:55:00,0.2389906066448007,0.24197110020236953
2018-02-25 07:00:00,0.24239023021007608,0.24232034747569747
2018-02-25 07:05:00,0.2428697140185232,0.24542667033423138
2018-02-25 07:10:00,0.24313065281614366,0.24465366265606026
2018-02-25 07:15:00,0.24455787201436585,0.24120733327707838
2018-02-25 07:20:00,0.2468507640618244,0.2430746211707461
2018-02-25 07:25:00,0.24047663504498948,0.24510173794135187
2018-02-25 07:30:00,0.24536025179308482,0.24558582300111076
2018-02-25 07:35:00,0.2434201507130934,0.24566474428772295
2018-02-25 07:40:00,0.242925063126052,0.24377156269621847
2018-02-25 07:45:00,0.2514505239103134,0.24440567511687522
2018-02-25 07:50:00,0.2431657885849326,0.24355457210245646
2018-02-25 07:55:00,0.24389357936084294,0.2460206076223285
2018-02-25 08:00:00,0.24476241061908124,0.2476152801600545
2018-02-25 08:05:00,0.24434583242116645,0.2463904510941018
2018-02-25 08:10:00,0.2436536338044743,0.2448509230787365
2018-02-25 08:15:00,0.24301609927565176,0.24483295619498122
2018-02-25 08:20:00,0.24657344026207306,0.24670982026049487
2018-02-25 08:25:00,0.24095126274342,0.24332328175986767
2018-02-25 08:30:00,0.24521305846112057,0.2449216213869297
2018-02-25 08:35:00,0.24266467185346163,0.24510785574974278
2018-02-25 08:40:00,0.24256144677968786,0.24492456418525
2018-02-25 08:45:00,0.2409732957761072,0.2455657780890433
2018-02-25 08:50:00,0.2442310910921705,0.2440175562476832
2018-02-25 08:55:00,0.2417047453814698,0.24322220140994205
2018-02-25 09:00:00,0.2438728044390694,0.24217752896396502
2018-02-25 09:05:00,0.2445058952494526,0.24025737057035673
2018-02-25 09:10:00,0.2411034899354624,0.23971251499909435
2018-02-25 09:15:00,0.24189702894727647,0.23902086330766753
2018-02-25 09:20:00,0.2445654793396537,0.2361368433997653
2018-02-25 09:25:00,0.2409544532456276,0.2365631847601824
2018-02-25 09:30:00,0.24354003404156593,0.23797325909158848
2018-02-25 09:35:00,0.24103400785762796,0.2352226238671505
2018-02-25 09:40:00,0.23880900540874564,0.2326448711516195
2018-02-25 09:45:00,0.23815502333901478,0.23395898054180736
2018-02-25 09:50:00,0.23609308383018682,0.23137881008725789
2018-02-25 09:55:00,0.24189278324257155,0.23049269681194798
2018-02-25 10:00:00,0.23644492684206747,0.22859751694278288
2018-02-25 10:05:00,0.23189871279445112,0.22534622887099323
2018-02-25 10:10:00,0.2454457243715748,0.2277050654269567
2018-02-25 10:15:00,0.23397546411686798,0.2239835505544282
2018-02-25 10:20:00,0.22183606435927167,0.2195378025998215
2018-02-25 10:25:00,0.23614667115164034,0.21841505498766028
2018-02-25 10:30:00,0.23720650186413184,0.2154101967254179
2018-02-25 10:35:00,0.21067786786087903,0.21644858424063979
2018-02-25 10:40:00,0.15477474622192924,0.21369241021110924
2018-02-25 10:45:00,0.13359919566966122,0.21259431408193358
2018-02-25 10:50:00,0.11378530859572797,0.2076840098825171
2018-02-25 10:55:00,0.10490423355445999,0.19949885925071323
2018-02-25 11:00:00,0.09959575424691318,0.19584192402665948
2018-02-25 11:05:00,0.09391568322241028,0.18812638476202387
2018-02-25 11:10:00,0.09400347863254575,0.18236061861389413
2018-02-25 11:15:00,0.09124583976201175,0.1846874560765406
2018-02-25 11:20:00,0.08619801627712886,0.17163959345724158
2018-02-25 11:25:00,0.08386468126619587,0.16484901053131262
2018-02-25 11:30:00,0.08425449216236564,0.15980998414598824
2018-02-25 11:35:00,0.08144334155398852,0.14207024745783894
2018-02-25 11:40:00,0.08042435031474879,0.12532009880675174
2018-02-25 11:45:00,0.07863993449230604,0.1155146368362141
2018-02-25 11:50:00,0.07568392845203233,0.1078594443416622
2018-02-25 11:55:00,0.08004794282648153,0.10244265661956556
2018-02-25 12:00:00,0.07195196410392295,0.09718078821259024
2018-02-25 12:05:00,0.07174419394553508,0.09250236968273903
2018-02-25 12:10:00,0.07095731433571043,0.0882735612665328
2018-02-25 12:15:00,0.07154206797149229,0.08517858473949673
2018-02-25 12:20:00,0.0656629257331703,0.08179974191012276
2018-02-25 12:25:00,0.06296856832178997,0.07889769913502398
2018-02-25 12:30:00,0.06569647181716845,0.07650079618539471
2018-02-25 12:35:00,0.060941188766280185,0.0741300991177061
2018-02-25 12:40:00,0.06072545361778162,0.0720814859772079
2018-02-25 12:45:00,0.060776147089930885,0.07001697320146907
2018-02-25 12:50:00,0.062235598948366735,0.06818203510146041
2018-02-25 12:55:00,0.058338467375202666,0.06652771622081144
2018-02-25 13:00:00,0.06070889584849141,0.06468452109227499
2018-02-25 13:05:00,0.05544927347072767,0.06298629862924697
2018-02-25 13:10:00,0.05461715783407831,0.061524847500886715
2018-02-25 13:15:00,0.050944051221778065,0.06009798516407301
2018-02-25 13:20:00,0.05332055255085557,0.0588324067300404
2018-02-25 13:25:00,0.049184324409052335,0.057425806350964684
2018-02-25 13:30:00,0.0560225873107128,0.056606308042505576
2018-02-25 13:35:00,0.05473914508658443,0.05550843802384044
2018-02-25 13:40:00,0.042635420262097656,0.05338191334309368
2018-02-25 13:45:00,0.04480287259253109,0.05255841236672225
2018-02-25 13:50:00,0.04441168703328305,0.0513109826121304
2018-02-25 13:55:00,0.04587680902557581,0.05023628318890688
2018-02-25 14:00:00,0.0571614927152614,0.04980123024110115
2018-02-25 14:05:00,0.04073643990953093,0.04811780437145118
2018-02-25 14:10:00,0.0363175363640975,0.04655719524446833
2018-02-25 14:15:00,0.03722553013511149,0.04600448619017212
2018-02-25 14:20:00,0.03895056326201065,0.045046661730634534
2018-02-25 14:25:00,0.04063987642180991,0.0442050761361784
2018-02-25 14:30:00,0.03648436579219388,0.04325609205756752
2018-02-25 14:35:00,0.036735585631261926,0.04231228937889654
2018-02-25 14:40:00,0.036013194029936475,0.041442872139977556
2018-02-25 14:45:00,0.034855981608036615,0.04062580744160984
2018-02-25 14:50:00,0.03603152965018751,0.039835044874553145
2018-02-25 14:55:00,0.03419942384691532,0.03890452902852966
2018-02-25 15:00:00,0.03389828008592348,0.03829293095464771
2018-02-25 15:05:00,0.032884460232512853,0.03711715555120005
2018-02-25 15:10:00,0.03398584644688245,0.03626913852553475
2018-02-25 15:15:00,0.031704892842977214,0.03548441828860309
2018-02-25 15:20:00,0.030800329296968933,0.03479812387741507
2018-02-25 15:25:00,0.028387830423444893,0.03380940393749547
2018-02-25 15:30:00,0.030238738725567805,0.033212235486607136
2018-02-25 15:35:00,0.02577004234760514,0.03221691605662717
2018-02-25 15:40:00,0.02601390770033801,0.03143826981306473
2018-02-25 15:45:00,0.026707261764651817,0.030924944610827187
2018-02-25 15:50:00,0.02548378684782051,0.030123809069101264
2018-02-25 15:55:00,0.023817710588597746,0.029361008633149714
2018-02-25 16:00:00,0.02260236432285096,0.028741357761904878
2018-02-25 16:05:00,0.02362286917105194,0.028019679688779373
2018-02-25 16:10:00,0.023575311128439545,0.027560434270429264
2018-02-25 16:15:00,0.025411349518451736,0.027079760900317166
2018-02-25 16:20:00,0.021001390866632986,0.026247891700783094
2018-02-25 16:25:00,0.020752060555168053,0.025582062904315424
2018-02-25 16:30:00,0.020267639372613132,0.0250127825596972
2018-02-25 16:35:00,0.027101570995386633,0.024814672744761967
2018-02-25 16:40:00,0.02017048409008484,0.023913119250230947
2018-02-25 16:45:00,0.016075940508150255,0.023019399976190347
2018-02-25 16:50:00,0.016138436091746595,0.02240300555530224
2018-02-25 16:55:00,0.017619024615041518,0.021969485866565053
2018-02-25 17:00:00,0.021992484710884257,0.021634551829923403
2018-02-25 17:05:00,0.019218135121217776,0.021181279596475557
2018-02-25 17:10:00,0.012746185216018707,0.020277593144728847
2018-02-25 17:15:00,0.012886355429747557,0.01951559332272066
2018-02-25 17:20:00,0.014203061080742091,0.01908619837495449
2018-02-25 17:25:00,0.015176432712780028,0.018831534575806535
2018-02-25 17:30:00,0.013873924534064812,0.01818522339159773
2018-02-25 17:35:00,0.012793814793417851,0.017591253923658012
2018-02-25 17:40:00,0.01682603810701728,0.017469967691768944
2018-02-25 17:45:00,0.015949697753956188,0.016961790678519408
2018-02-25 17:50:00,0.013882240133047128,0.01643073429140417
2018-02-25 17:55:00,0.012637617089802324,0.016299601844669456
2018-02-25 18:00:00,0.008840037652563958,0.015143399362932804
2018-02-25 18:05:00,0.011804891032619926,0.014897912563953382
2018-02-25 18:10:00,0.010981154812234302,0.014774453672336816
2018-02-25 18:15:00,0.007836836769749753,0.013999268664313141
2018-02-25 18:20:00,0.009390097418524389,0.013611827769204901
2018-02-25 18:25:00,0.011029020174397525,0.013392507629920364
2018-02-25 18:30:00,0.008834500569470103,0.012917816796865328
2018-02-25 18:35:00,0.007970625413202946,0.012499222637971328
2018-02-25 18:40:00,0.009038355360062854,0.01216467768018428
2018-02-25 18:45:00,0.006940424977610245,0.011737094558836154
2018-02-25 18:50:00,0.00643597447813207,0.011453998002433411
2018-02-25 18:55:00,0.008106344078880088,0.011179770140675345
2018-02-25 19:00:00,0.008639525718643782,0.010754553442747578
2018-02-25 19:05:00,0.005875703281946294,0.010344563943434554
2018-02-25 19:10:00,0.00530564238129988,0.009895829058611541
2018-02-25 19:15:00,0.005375497049703412,0.009615264702969006
2018-02-25 19:20:00,0.007317174494782546,0.009446135811397144
2018-02-25 19:25:00,0.00536407803331282,0.00908008778991724
2018-02-25 19:30:00,0.0065463726447955355,0.008754756598229222
2018-02-25 19:35:00,0.005903868727771066,0.008451934824892742
2018-02-25 19:40:00,0.0043249413725542215,0.0082142813915975
2018-02-25 19:45:00,0.0036075276755966846,0.007815574325110885
2018-02-25 19:50:00,0.003801487328366819,0.0075190556774179665
2018-02-25 19:55:00,0.0046602310855917775,0.007339459047826379
2018-02-25 20:00:00,0.0036859180054337934,0.0071290831191307465
2018-02-25 20:05:00,0.003318218953685242,0.006844041649783545
2018-02-25 20:10:00,0.003888220721880553,0.006563251388321873
2018-02-25 20:15:00,0.003087658286847865,0.006372466978738906
2018-02-25 20:20:00,0.0027626378137532493,0.006127338085123519
2018-02-25 20:25:00,0.003141016626944276,0.005877462212618751
2018-02-25 20:30:00,0.0022647406947615928,0.005603098585410629
2018-02-25 20:35:00,0.001959920474569095,0.005332396589710708
2018-02-25 20:40:00,0.0019084061125545478,0.005154545622713138
2018-02-25 20:45:00,0.002409927552013991,0.005164846088228727
2018-02-25 20:50:00,0.0023249679604684195,0.004878637984201652
2018-02-25 20:55:00,0.0016339792532377795,0.004620036670606602
2018-02-25 21:00:00,0.0018521186609933773,0.0044702396416595735
2018-02-25 21:05:00,0.0015603257036712723,0.00427921434206326
2018-02-25 21:10:00,0.001567611886850431,0.004077536562487224
2018-02-25 21:15:00,0.0011429682287304212,0.003992034691582648
2018-02-25 21:20:00,0.0013414588616440487,0.0037965849722829247
2018-02-25 21:25:00,0.0010168236744313342,0.0037000178206794336
2018-02-25 21:30:00,0.0010824437396999554,0.003519455825788374
2018-02-25 21:35:00,0.0010575828101836778,0.0034671799383538746
2018-02-25 21:40:00,0.0009940213550796387,0.003305306715922688
2018-02-25 21:45:00,0.000725400287957358,0.0033921041846211265
2018-02-25 21:50:00,0.0008602513412179933,0.003126059374408298
2018-02-25 21:55:00,0.000731926472029733,0.003093423927254578
2018-02-25 22:00:00,0.0007718453976502973,0.002900815099467766
2018-02-25 22:05:00,0.0006962903062085987,0.0028240804478944213
2018-02-25 22:10:00,0.0007457112478326935,0.0027030848871772597
2018-02-25 22:15:00,0.0007322706831086212,0.0026336194957532226
2018-02-25 22:20:00,0.0007138943326741001,0.002535771566384381
2018-02-25 22:25:00,0.0006788708484711108,0.0026124160617224837
2018-02-25 22:30:00,0.0005416343690805212,0.002441029240478048
2018-02-25 22:35:00,0.0006023031752163819,0.002317595816729917
2018-02-25 22:40:00,0.0006356333064838986,0.0022566054041822693
2018-02-25 22:45:00,0.0004638195342580881,0.0021948315918013453
2018-02-25 22:50:00,0.0005826493882692329,0.0021274738827890514
2018-02-25 22:55:00,0.0005847655808533989,0.0020792068749592827
2018-02-25 23:00:00,0.0005694218109303455,0.0020121867056266847
2018-02-25 23:05:00,0.00041832850138441194,0.0020000059416334197
2018-02-25 23:10:00,0.0004289532102937109,0.002057912642685716
2018-02-25 23:15:00,0.0004023681321707871,0.0019441280158858075
2018-02-25 23:20:00,0.0004008720974458988,0.00184433996669783
2018-02-25 23:25:00,0.0004140026966700701,0.0018486615506727421
2018-02-25 23:30:00,0.000524484876537617,0.0017773673960915322
2018-02-25 23:35:00,0.0005585138816964476,0.0016825732850888084
2018-02-25 23:40:00,0.0005357350855367049,0.0017029884885061736
2018-02-25 23:45:00,0.0005186622023256816,0.0016520979337308684
2018-02-25 23:50:00,0.0004867184312922635,0.0015855055105832982
2018-02-25 23:55:00,0.0004967844799911321,0.0015866182123782607
2018-02-26 00:00:00,0.00039778471819557244,0.0015253200965594106
2018-02-26 00:05:00,0.00044231366219934224,0.0014849834238699353
2018-02-26 00:10:00,0.00039192672611141575,0.0014780085377849182
2018-02-26 00:15:00,0.00042800957249159127,0.001425024939805049
2018-02-26 00:20:00,0.00044522360113324845,0.0014849888106520353
2018-02-26 00:25:00,0.00044894928728337084,0.001414728588471786
2018-02-26 00:30:00,0.00044708128049990753,0.001333258145059587
2018-02-26 00:35:00,0.00034573204911348836,0.001394266053173632
2018-02-26 00:40:00,0.00036731268231949887,0.0013068337254059943
2018-02-26 00:45:00,0.0004063560913388668,0.00127490447786583
2018-02-26 00:50:00,0.000322577059423797,0.0012404783350231919
2018-02-26 00:55:00,0.00038008286770705504,0.001246173417330202
2018-02-26 01:00:00,0.00033590674597556714,0.0012090656374381147
2018-02-26 01:05:00,0.0003908997152843313,0.0012331254647513863
2018-02-26 01:10:00,0.0003529015900252943,0.001184375342633915
2018-02-26 01:15:00,0.00031388255660094006,0.0011434994696682176
2018-02-26 01:20:00,0.00033789488419386893,0.0011277611936490088
2018-02-26 01:25:00,0.00031748604996903186,0.0010937161663960293
2018-02-26 01:30:00,0.0002979190839765245,0.001118999068688406
2018-02-26 01:35:00,0.00038578543178065765,0.0010716078462278775
2018-02-26 01:40:00,0.00032472460639356,0.0010643071762038844
2018-02-26 01:45:00,0.0003286019571341214,0.0010343517809896978
2018-02-26 01:50:00,0.0003868303661790046,0.0010358431762859772
2018-02-26 01:55:00,0.00032800494730986137,0.0010043034856827982
2018-02-26 02:00:00,0.00031056909409298136,0.001016545738535728
2018-02-26 02:05:00,0.00032454174465457506,0.0010243779881387303
2018-02-26 02:10:00,0.00032810435120048283,0.0009759857171936665
2018-02-26 02:15:00,0.0003032075832733161,0.0009528463440505567
2018-02-26 02:20:00,0.00033620808876899596,0.0009123813922632945
2018-02-26 02:25:00,0.0003641053578808401,0.0009044078491993475
2018-02-26 02:30:00,0.00027144325082917726,0.0009239932226462426
2018-02-26 02:35:00,0.00029246262226951045,0.0008648639285224628
2018-02-26 02:40:00,0.0002665025875865632,0.0008511788347947243
2018-02-26 02:45:00,0.000335336367030606,0.0008833470770849077
2018-02-26 02:50:00,0.00026495874269400355,0.000868382550473049
2018-02-26 02:55:00,0.00032602696034275203,0.0008613969767111901
2018-02-26 03:00:00,0.0003445018787573501,0.0008214294030405562
2018-02-26 03:05:00,0.00027526040225458846,0.0007922348275118542
2018-02-26 03:10:00,0.00031270794165658123,0.0008221781520841026
2018-02-26 03:15:00,0.0003026878525864757,0.0008245796370011115
2018-02-26 03:20:00,0.0003108469464111292,0.0007853085996272741
2018-02-26 03:25:00,0.00032493943742619217,0.0007544060085156039
2018-02-26 03:30:00,0.00029276899345022324,0.0007339198378188195
2018-02-26 03:35:00,0.0003046875599516331,0.0007647613059923243
2018-02-26 03:40:00,0.0003056517514073642,0.0007458371904472994
2018-02-26 03:45:00,0.00024361506081327236,0.0007170285206427737
2018-02-26 03:50:00,0.00027980796157759687,0.000693455565886005
2018-02-26 03:55:00,0.0002878112745531382,0.0006929274243089874
2018-02-26 04:00:00,0.0002892562769642744,0.0007143891603211023
2018-02-26 04:05:00,0.0002227222368583676,0.0006830212561949259
2018-02-26 04:10:00,0.0002475228370569973,0.0006627039842437684
2018-02-26 04:15:00,0.0002400650317564636,0.0006807989574437516
2018-02-26 04:20:00,0.00026972558498516226,0.000661882691039492
2018-02-26 04:25:00,0.00027140694935296725,0.0006449721273088634
2018-02-26 04:30:00,0.00021204490870250662,0.0006296728701839067
2018-02-26 04:35:00,0.00025311955710608907,0.000616933537027887
2018-02-26 04:40:00,0.00022482677270055577,0.0006098884219007457
2018-02-26 04:45:00,0.00019911244474064875,0.0006044551822370052
2018-02-26 04:50:00,0.00020189524684837768,0.0006308271300676642
2018-02-26 04:55:00,0.00018358789693095903,0.0006066113739118144
2018-02-26 05:00:00,0.0002378184545556545,0.0006084064623273217
2018-02-26 05:05:00,0.00027132395137822833,0.0006135428683682676
2018-02-26 05:10:00,0.0002652704800156066,0.0005843693726385665
2018-02-26 05:15:00,0.00025878646789087275,0.0005688736325545836
2018-02-26 05:20:00,0.0002422788010430335,0.000591612639901127
2018-02-26 05:25:00,0.00020776933166885743,0.0005751164635934369
2018-02-26 05:30:00,0.00017897582198509644,0.0005498428619684012
2018-02-26 05:35:00,0.00019620576033804523,0.0005446429600588303
2018-02-26 05:40:00,0.00022734725252253026,0.000533583015930239
2018-02-26 05:45:00,0.00019583046009816668,0.0005496945130680974
2018-02-26 05:50:00,0.00022170248455668064,0.0005271712468715375
2018-02-26 05:55:00,0.00023661099803827992,0.000541469183473414
2018-02-26 06:00:00,0.00023956257436806764,0.0005144080296655642
2018-02-26 06:05:00,0.00023412566346532954,0.0005091611366515716
2018-02-26 06:10:00,0.0002026136534906284,0.0005236571095039305
2018-02-26 06:15:00,0.00021288471885336287,0.00052245294741315
2018-02-26 06:20:00,0.00018189207078126877,0.0005065583813712926
2018-02-26 06:25:00,0.0002075698641890914,0.0005085369909919687
2018-02-26 06:30:00,0.00018057087362949453,0.00048233216941194614
2018-02-26 06:35:00,0.00020931657388685988,0.00047011695428089803
2018-02-26 06:40:00,0.00018583074492181802,0.0004798393976582869
2018-02-26 06:45:00,0.0001797213909396781,0.00048363312575967115
2018-02-26 06:50:00,0.00020442820669173498,0.00046164815840072797
2018-02-26 06:55:00,0.00021453984586089644,0.0004538543609132537
2018-02-26 07:00:00,0.00017988302999693285,0.0004565298855414429
2018-02-26 07:05:00,0.0001458260597519051,0.00043951670075911077
2018-02-26 07:10:00,0.00018800398817392933,0.0004365162631354825
2018-02-26 07:15:00,0.00020720971278726617,0.0004327139633276625
2018-02-26 07:20:00,0.00019921105563315645,0.00045345321514383237
2018-02-26 07:25:00,0.0001674559395563047,0.0004521412418571416
2018-02-26 07:30:00,0.0001776928788318624,0.0004444580090689266
2018-02-26 07:35:00,0.00015013318422447576,0.0004415539041245624
2018-02-26 07:40:00,0.0001715341793558936,0.000418378208938703
2018-02-26 07:45:00,0.00019862008545163404,0.00040661184613502796
2018-02-26 07:50:00,0.00019456499650810925,0.0004254391760290553
2018-02-26 07:55:00,0.00015956657442316155,0.0004257937544284323
2018-02-26 08:00:00,0.00013482591240780218,0.00040422260475552786
2018-02-26 08:05:00,0.00012808625583226227,0.0003881371492504412
2018-02-26 08:10:00,0.00017247700590844082,0.00039835018651485245
2018-02-26 08:15:00,0.00019265838193832402,0.0003896697121807343
2018-02-26 08:20:00,0.00014471637792600267,0.00038837922609687186
2018-02-26 08:25:00,0.000165075980592883,0.0003755077528556673
2018-02-26 08:30:00,0.00018327184815918355,0.00037474594610742754
2018-02-26 08:35:00,0.00018328078562570332,0.0003921225257686659
2018-02-26 08:40:00,0.00016653174035463777,0.0003748290605320634
2018-02-26 08:45:00,0.00016768547500652423,0.00036609050980745484
2018-02-26 08:50:00,0.00017003214701232948,0.0003689773308188593
2018-02-26 08:55:00,0.00016332999199287815,0.0003737992395862102
2018-02-26 09:00:00,0.00016891840663599232,0.00036016842428398654
2018-02-26 09:05:00,0.00016582685915697898,0.00035143147792763527
2018-02-26 09:10:00,0.0001603857833384194,0.00036346832291175683
2018-02-26 09:15:00,0.00014741548175545147,0.00035706550324010047
2018-02-26 09:20:00,0.00014003090270873052,0.0003575780387538294
2018-02-26 09:25:00,0.00012465164391533155,0.0003582103282888446
2018-02-26 09:30:00,0.00014516039763062057,0.0003446835231333701
2018-02-26 09:35:00,0.0001422613634426751,0.00035059039399583814
2018-02-26 09:40:00,0.00015070868370084786,0.00033973839697234905
2018-02-26 09:45:00,0.0001597387185328892,0.00034270981762204886
2018-02-26 09:50:00,0.00015547163996171246,0.00034227440629163965
2018-02-26 09:55:00,0.00015497438426698693,0.00034054754424769543
2018-02-26 10:00:00,0.00014876437760750845,0.0003381959906919338
2018-02-26 10:05:00,0.0001506914753370111,0.00032561135434777043
2018-02-26 10:10:00,0.0001434469581747574,0.00031363790469292964
2018-02-26 10:15:00,0.00014716890179681898,0.00032262818741667353
2018-02-26 10:20:00,0.00014057954676969739,0.00031424144060833756
2018-02-26 10:25:00,0.00014383872840803016,0.00030860801234830964
2018-02-26 10:30:00,0.00014199665822540476,0.00030330401505249545
2018-02-26 10:35:00,0.0001342956825323951,0.0003126964109347147
2018-02-26 10:40:00,0.000115807120120029,0.0003024336864572184
2018-02-26 10:45:00,0.00011767492947123652,0.0002961820299585973
2018-02-26 10:50:00,0.00013250335573082732,0.00029260867661191485
2018-02-26 10:55:00,0.00013856978049676092,0.0003023397801482554
2018-02-26 11:00:00,0.0001367619972727585,0.00029481831017842295
2018-02-26 11:05:00,0.00012945621045474867,0.0002850413005712415
2018-02-26 11:10:00,0.00012951626735758733,0.00029245185809186617
2018-02-26 11:15:00,0.00013264235496344826,0.00029402007982714986
2018-02-26 11:20:00,0.00013109030456431338,0.0002917711458780788
2018-02-26 11:25:00,0.00010642419877234899,0.00028910535061113567
2018-02-26 11:30:00,9.522360045030461e-05,0.0002846053836605015
2018-02-26 11:35:00,0.0001210891153206162,0.0002828010077553446
2018-02-26 11:40:00,0.00012825704207496938,0.00028222703731829436
2018-02-26 11:45:00,0.00012516257831441565,0.00028013343930115536
2018-02-26 11:50:00,0.00010818678023108945,0.00027760404044007385
2018-02-26 11:55:00,9.326087800313814e-05,0.00027426094479422893
2018-02-26 12:00:00,0.00011379704992292129,0.0002717789517340683
2018-02-26 12:05:00,0.00012882981845539686,0.0002713533669837544
2018-02-26 12:10:00,0.00012719493737373163,0.0002699578742377694
2018-02-26 12:15:00,0.00011868744874502921,0.0002675990813328223
2018-02-26 12:20:00,0.00011816792000277636,0.00026509487344474373
2018-02-26 12:25:00,0.00010264858229267527,0.00026309758553043507
2018-02-26 12:30:00,8.373586994838072e-05,0.00025910429416686076
2018-02-26 12:35:00,0.00010846909507686987,0.0002570717738218913
2018-02-26 12:40:00,9.974316871476064e-05,0.00025628469497956935
2018-02-26 12:45:00,0.00010682528844984743,0.00025380785590382643
2018-02-26 12:50:00,0.0001243205843759823,0.0002534428122514471
2018-02-26 12:55:00,0.00012258688412776484,0.00025225985318847463
2018-02-26 13:00:00,0.00011093049988658877,0.00025010743997368526
2018-02-26 13:05:00,0.00010296720601250056,0.0002473307700308779
2018-02-26 13:10:00,0.00010795827778036972,0.00024538562267198996
2018-02-26 13:15:00,0.0001183328571096921,0.0002443613055127346
2018-02-26 13:20:00,9.614986065185372e-05,0.00024226850230083145
2018-02-26 13:25:00,0.00010400157276826874,0.0002397432054942068
2018-02-26 13:30:00,0.00011571727144594033,0.0002389591178556342
2018-02-26 13:35:00,0.00011403893983848092,0.00023749651701540815
2018-02-26 13:40:00,0.0001108035975508856,0.00023589967296343514
2018-02-26 13:45:00,0.00010851044394981412,0.00023395748559160425
2018-02-26 13:50:00,8.601164806153801e-05,0.00023156804832054044
2018-02-26 13:55:00,9.39101991429172e-05,0.00022899716724465954
2018-02-26 14:00:00,9.072928436045676e-05,0.00022793571703044627
2018-02-26 14:05:00,0.00010097252737049694,0.00022578685779517773
2018-02-26 14:10:00,9.145153172172014e-05,0.00022508354512279448
2018-02-26 14:15:00,9.6751685416482e-05,0.00022281651219272714
2018-02-26 14:20:00,7.924357938620739e-05,0.00022149989647490427
2018-02-26 14:25:00,9.292925641764954e-05,0.00021929392528246682
2018-02-26 14:30:00,8.9021385850409e-05,0.00021860789763879573
2018-02-26 14:35:00,9.562449087283666e-05,0.00021653058860873994
2018-02-26 14:40:00,8.671744930166551e-05,0.00021582360885497983
2018-02-26 14:45:00,7.67257118732516e-05,0.00021323427311595444
2018-02-26 14:50:00,0.00010036156912124348,0.00021203722399658985
2018-02-26 14:55:00,0.00010584681121334546,0.00021201276108152238
2018-02-26 15:00:00,8.636489696351246e-05,0.00021041594457027964
2018-02-26 15:05:00,8.370970111197614e-05,0.0002079183854398362
2018-02-26 15:10:00,7.320819093644368e-05,0.00020631951221795737
2018-02-26 15:15:00,8.751109304342509e-05,0.00020467574335202889
2018-02-26 15:20:00,8.353350387723926e-05,0.0002041260689936197
2018-02-26 15:25:00,7.890572856352733e-05,0.00020234115333770175
2018-02-26 15:30:00,9.592122781137304e-05,0.0002013678223043477
2018-02-26 15:35:00,0.00010591307730612164,0.0002012785554938543
2018-02-26 15:40:00,0.0001041961116176171,0.00020046021375873179
2018-02-26 15:45:00,9.292220329175087e-05,0.0001988766096082751
2018-02-26 15:50:00,9.686094928572154e-05,0.00019699696355892477
2018-02-26 15:55:00,0.00010012020452934787,0.00019623664096166278
2018-02-26 16:00:00,9.846474570038334e-05,0.00019501308755590652
2018-02-26 16:05:00,7.8290214002533e-05,0.00019313505789388404
2018-02-26 16:10:00,6.939329182545285e-05,0.000190922448000286
2018-02-26 16:15:00,8.41219940213276e-05,0.00018930474081504863
2018-02-26 16:20:00,9.301690152463144e-05,0.00018917090849220996
2018-02-26 16:25:00,7.898713438854735e-05,0.00018814808951514214
2018-02-26 16:30:00,8.279362896543397e-05,0.0001861663193614365
2018-02-26 16:35:00,7.987490585344437e-05,0.0001853912826630027
2018-02-26 16:40:00,8.400924416298112e-05,0.00018405979413436635
2018-02-26 16:45:00,9.127672782804262e-05,0.0001834681426865776
2018-02-26 16:50:00,7.222007451439948e-05,0.00018212353049864126
2018-02-26 16:55:00,6.244522437633602e-05,0.00017985934259217684
2018-02-26 17:00:00,6.791059955517155e-05,0.00017826249439435255
2018-02-26 17:05:00,8.825658802202596e-05,0.00017793604321841904
2018-02-26 17:10:00,9.253898797556189e-05,0.00017798313470727059
2018-02-26 17:15:00,7.443365093580013e-05,0.000176774870175483
2018-02-26 17:20:00,8.218076139895523e-05,0.00017485250661412408
2018-02-26 17:25:00,7.794533109906638e-05,0.00017444128273417817
2018-02-26 17:30:00,7.129959585401348e-05,0.00017269441930115555
2018-02-26 17:35:00,8.48791152572232e-05,0.00017184066202069635
2018-02-26 17:40:00,8.641367777137016e-05,0.0001715154392034918
2018-02-26 17:45:00,7.1871315777265e-05,0.00017030809044752825
2018-02-26 17:50:00,7.904109509176715e-05,0.00016851968714239214
2018-02-26 17:55:00,7.378261990785892e-05,0.00016804772346962657
2018-02-26 18:00:00,7.850272302693578e-05,0.000166732717190267
2018-02-26 18:05:00,8.54250280795148e-05,0.0001663677980358225
2018-02-26 18:10:00,8.052979181474524e-05,0.0001656135557908789
2018-02-26 18:15:00,6.788409097938927e-05,0.00016406585496788622
2018-02-26 18:20:00,6.634147367022818e-05,0.00016230622358051787
2018-02-26 18:25:00,6.141666851492684e-05,0.0001613016497361921
2018-02-26 18:30:00,5.71975817433627e-05,0.0001597506960487014
2018-02-26 18:35:00,5.841279738092844e-05,0.000158712429361662
2018-02-26 18:40:00,7.207129706190594e-05,0.00015807887710440468
2018-02-26 18:45:00,7.318318881682854e-05,0.00015821122424568545
2018-02-26 18:50:00,7.643092458440159e-05,0.00015716532313927358
2018-02-26 18:55:00,7.265165206874876e-05,0.0001567957941787576
2018-02-26 19:00:00,7.208209247539612e-05,0.0001554065926524075
2018-02-26 19:05:00,8.144692596297426e-05,0.00015508325526619043
2018-02-26 19:10:00,7.013848587127949e-05,0.00015426857104315332
2018-02-26 19:15:00,7.194433732576408e-05,0.0001528675486970296
2018-02-26 19:20:00,6.432317265892314e-05,0.00015203402200393673
2018-02-26 19:25:00,6.106214478559029e-05,0.00015067292306750784
2018-02-26 19:30:00,6.953590074932339e-05,0.00014977418263194855
2018-02-26 19:35:00,6.34322063576708e-05,0.00014933299266173383
2018-02-26 19:40:00,6.776929070545687e-05,0.00014814162657215632
2018-02-26 19:45:00,6.666029478420565e-05,0.00014775014570026897
2018-02-26 19:50:00,6.837310302304153e-05,0.0001465674571359976
2018-02-26 19:55:00,7.647859571825199e-05,0.00014642523119239893
2018-02-26 20:00:00,6.0798330684005565e-05,0.0001454918916479238
2018-02-26 20:05:00,6.700100738195889e-05,0.00014392290900562456
2018-02-26 20:10:00,7.482736578162083e-05,0.00014389661339442986
2018-02-26 20:15:00,7.37683240721389e-05,0.00014338342308202313
2018-02-26 20:20:00,6.716498892949005e-05,0.00014248976996641174
2018-02-26 20:25:00,5.582774874424159e-05,0.00014125065639867767
2018-02-26 20:30:00,6.206466912719284e-05,0.00013986690022605233
2018-02-26 20:35:00,7.177266643675312e-05,0.00013980217865371532
2018-02-26 20:40:00,6.0962700870278125e-05,0.00013920560993466277
2018-02-26 20:45:00,6.074772839326148e-05,0.00013778517960184102
2018-02-26 20:50:00,6.746901142232652e-05,0.0001374363060426295
2018-02-26 20:55:00,5.8509237739133445e-05,0.00013683250868232923
2018-02-26 21:00:00,5.9238902181000944e-05,0.00013543451955742874
2018-02-26 21:05:00,5.918145530719511e-05,0.0001350483534524013
2018-02-26 21:10:00,6.0836293641949506e-05,0.00013412898045208021
2018-02-26 21:15:00,5.477931054184812e-05,0.00013357973704246665
2018-02-26 21:20:00,4.3573984289426146e-05,0.00013191906886733304
2018-02-26 21:25:00,4.787633650873667e-05,0.00013105250253679166
2018-02-26 21:30:00,4.819287498349837e-05,0.00013041701373976163
2018-02-26 21:35:00,5.9944019946133647e-05,0.00012991844149535676
2018-02-26 21:40:00,6.95399474974495e-05,0.00013030762023209132
2018-02-26 21:45:00,6.681967463886169e-05,0.0001300072570955362
2018-02-26 21:50:00,5.573103597209401e-05,0.00012914275713860434
2018-02-26 21:55:00,5.834365812483635e-05,0.0001280511604350571
2018-02-26 22:00:00,6.67531892852822e-05,0.00012781806489349837
2018-02-26 22:05:00,5.106467871885198e-05,0.00012700723780561548
2018-02-26 22:10:00,4.614363396913812e-05,0.00012558839792353163
2018-02-26 22:15:00,4.664837492207924e-05,0.0001246160400020805
2018-02-26 22:20:00,5.770109167736256e-05,0.00012407266745626094
2018-02-26 22:25:00,6.411913121564238e-05,0.00012426547289636313
2018-02-26 22:30:00,6.124885358963103e-05,0.00012394416067015618
2018-02-26 22:35:00,6.235190312467343e-05,0.00012323148839045155
2018-02-26 22:40:00,6.388486154053153e-05,0.00012286243906518523
2018-02-26 22:45:00,6.257766614491308e-05,0.00012225438119491987
2018-02-26 22:50:00,5.9776312642951667e-05,0.00012150850418590359
2018-02-26 22:55:00,5.231745812131671e-05,0.00012076175601404827
2018-02-26 23:00:00,5.257273123374854e-05,0.00011952626170842912
2018-02-26 23:05:00,6.09350145171379e-05,0.00011931871211727622
2018-02-26 23:10:00,5.8561181850758224e-05,0.000118928379678522
2018-02-26 23:15:00,5.959011374934706e-05,0.00011837807115963747
2018-02-26 23:20:00,5.398784722331548e-05,0.0001176586126719643
2018-02-26 23:25:00,5.6255607979058865e-05,0.00011697996256802943
2018-02-26 23:30:00,5.655891895734718e-05,0.00011644326371623952
2018-02-26 23:35:00,5.505097994529603e-05,0.00011581611540489093
2018-02-26 23:40:00,5.536821260863603e-05,0.00011528969698440972
2018-02-26 23:45:00,4.978629150628062e-05,0.00011457628133476901
2018-02-26 23:50:00,4.144917977081988e-05,0.00011341729861438585
2018-02-26 23:55:00,4.801225211579929e-05,0.00011263274614692332
2018-02-27 00:00:00,5.619586690113135e-05,0.00011268096276773085
2018-02-27 00:05:00,5.0358652875930206e-05,0.00011228198976964337
2018-02-27 00:10:00,4.702260139920287e-05,0.00011155876251176223
2018-02-27 00:15:00,4.9426788858611515e-05,0.00011081661428178476
2018-02-27 00:20:00,4.367779172613248e-05,0.00011036642682094883
2018-02-27 00:25:00,4.62126053670709e-05,0.00010946739974496654
2018-02-27 00:30:00,5.483090626404174e-05,0.00010946254266698614
2018-02-27 00:35:00,5.435339070057146e-05,0.00010919612292891025
2018-02-27 00:40:00,5.325779253937438e-05,0.00010877389429800664
2018-02-27 00:45:00,5.3204356543132855e-05,0.00010823753535542613
2018-02-27 00:50:00,5.264239355410503e-05,0.00010768787814772298
2018-02-27 00:55:00,5.21593978424123e-05,0.00010720486469625726
2018-02-27 01:00:00,5.1618354971844066e-05,0.00010663997852619526
2018-02-27 01:05:00,5.109854488244217e-05,0.00010607808627215952
2018-02-27 01:10:00,4.955774298963064e-05,0.00010555953595302302
2018-02-27 01:15:00,4.950014909100977e-05,0.00010498065564260476
2018-02-27 01:20:00,4.04016092838625e-05,0.0001042408901883132
2018-02-27 01:25:00,3.989492521212519e-05,0.00010331865373519279
2018-02-27 01:30:00,4.7725214975034317e-05,0.00010300138342702361
2018-02-27 01:35:00,3.963630561953873e-05,0.00010259971903831081
2018-02-27 01:40:00,3.5599187172581934e-05,0.00010171828296620395
2018-02-27 01:45:00,4.3018432631405676e-05,0.00010116572241740207
2018-02-27 01:50:00,4.240020055585336e-05,0.00010108766987700181
2018-02-27 01:55:00,4.400790791237384e-05,0.00010053861199297438
2018-02-27 02:00:00,4.969355104927763e-05,0.00010047598963009864
2018-02-27 02:05:00,4.85269438282031e-05,0.00010017938750893455
2018-02-27 02:10:00,4.883759267112096e-05,9.98233281235912e-05
2018-02-27 02:15:00,4.8352340506843635e-05,9.936307760015725e-05
2018-02-27 02:20:00,4.7859697790867064e-05,9.887500000412561e-05
2018-02-27 02:25:00,4.609626845472121e-05,9.84008235186765e-05
2018-02-27 02:30:00,3.742496014954655e-05,9.76632177600263e-05
2018-02-27 02:35:00,3.971168949449894e-05,9.666300508857938e-05
2018-02-27 02:40:00,4.568767347739495e-05,9.660914389562703e-05
2018-02-27 02:45:00,4.6856201538906515e-05,9.642762040480796e-05
2018-02-27 02:50:00,4.4754003104178324e-05,9.606244938045013e-05
2018-02-27 02:55:00,3.927638344806747e-05,9.551577906479306e-05
2018-02-27 03:00:00,3.4670372611366314e-05,9.462122421700542e-05
2018-02-27 03:05:00,4.00830944138499e-05,9.402604150385062e-05
2018-02-27 03:10:00,4.483513629319162e-05,9.402612547729206e-05
2018-02-27 03:15:00,3.7970247206132894e-05,9.368175581569084e-05
2018-02-27 03:20:00,3.286887504727856e-05,9.274598273274271e-05
2018-02-27 03:25:00,4.041881113268781e-05,9.237027504454035e-05
2018-02-27 03:30:00,3.913378352133226e-05,9.229400145322881e-05
2018-02-27 03:35:00,4.185935608413023e-05,9.17778412242899e-05
2018-02-27 03:40:00,4.348438514467908e-05,9.172396201278106e-05
2018-02-27 03:45:00,3.636995864549449e-05,9.119176083703697e-05
2018-02-27 03:50:00,3.2268959633710864e-05,9.03344873486841e-05
2018-02-27 03:55:00,3.7483852496979544e-05,8.992015751669803e-05
2018-02-27 04:00:00,3.692889920383052e-05,8.973994797726211e-05
2018-02-27 04:05:00,4.031394402556079e-05,8.930118065047069e-05
2018-02-27 04:10:00,4.40803488699592e-05,8.93107406288274e-05
2018-02-27 04:15:00,4.5110635693480216e-05,8.915542282321852e-05
2018-02-27 04:20:00,4.2998816399462476e-05,8.880779513859694e-05
2018-02-27 04:25:00,4.3371442741754685e-05,8.846084592724645e-05
2018-02-27 04:30:00,3.826721863117572e-05,8.795844236603818e-05
2018-02-27 04:35:00,3.256985096450783e-05,8.711083413114561e-05
2018-02-27 04:40:00,3.3103105905024494e-05,8.651597700400655e-05
2018-02-27 04:45:00,3.934502492809214e-05,8.623957959394512e-05
2018-02-27 04:50:00,4.179196281842439e-05,8.622245111952835e-05
2018-02-27 04:55:00,3.6474703145283125e-05,8.594458906500129e-05
2018-02-27 05:00:00,3.782526573060161e-05,8.530669854807183e-05
2018-02-27 05:05:00,4.139016403488071e-05,8.517052099471056e-05
2018-02-27 05:10:00,3.631248552149892e-05,8.489923699149135e-05
2018-02-27 05:15:00,3.286158566864551e-05,8.409843706914068e-05
2018-02-27 05:20:00,4.036578693632296e-05,8.38390021484678e-05
2018-02-27 05:25:00,3.8235638784636964e-05,8.375648503702377e-05
2018-02-27 05:30:00,3.796698968798103e-05,8.326177675244386e-05
2018-02-27 05:35:00,3.439650502880004e-05,8.295130193900022e-05
2018-02-27 05:40:00,3.055191957836145e-05,8.235322725990976e-05
2018-02-27 05:45:00,3.4532827965827946e-05,8.180087647362288e-05
2018-02-27 05:50:00,3.78936447319099e-05,8.181347911582417e-05
2018-02-27 05:55:00,3.51758424131231e-05,8.149287925601485e-05
2018-02-27 06:00:00,3.100034339426321e-05,8.100697603453115e-05
2018-02-27 06:05:00,3.502506100478897e-05,8.044857038061526e-05
2018-02-27 06:10:00,4.142919962081728e-05,8.056406359776832e-05
2018-02-27 06:15:00,4.1162384253970565e-05,8.049324360030454e-05
2018-02-27 06:20:00,3.4694779617088955e-05,8.012430026330808e-05
2018-02-27 06:25:00,3.5484160818997145e-05,7.839979753810487e-05
2018-02-27 06:30:00,3.461853300776264e-05,7.689080724609166e-05
2018-02-27 06:35:00,3.1442539988991884e-05,7.692276841448037e-05
2018-02-27 06:40:00,3.111763979048607e-05,7.80576877360423e-05
2018-02-27 06:45:00,3.5852997604196633e-05,7.700186878637436e-05
2018-02-27 06:50:00,3.225902171716625e-05,7.77395721512306e-05
2018-02-27 06:55:00,3.0127869121464594e-05,7.719795643276858e-05
2018-02-27 07:00:00,3.677175091657205e-05,7.74368340005092e-05
2018-02-27 07:05:00,3.298105819966626e-05,7.799258487293224e-05
2018-02-27 07:10:00,3.388334279354188e-05,7.724352562346284e-05
2018-02-27 07:15:00,3.9223518857738336e-05,7.736592623893164e-05
2018-02-27 07:20:00,3.891762072580927e-05,7.522139092872735e-05
2018-02-27 07:25:00,3.851353858716824e-05,7.439901066858707e-05
2018-02-27 07:30:00,3.8059602977106894e-05,7.310704791798946e-05
2018-02-27 07:35:00,3.762486571410215e-05,7.409001462143289e-05
2018-02-27 07:40:00,3.7267847988066065e-05,7.499666194679305e-05
2018-02-27 07:45:00,3.151995688186596e-05,7.34410345981421e-05
2018-02-27 07:50:00,2.735267922368189e-05,7.40600156085573e-05
2018-02-27 07:55:00,2.654093168040208e-05,7.443096651925506e-05
2018-02-27 08:00:00,2.5216457898570247e-05,7.172001760968212e-05
2018-02-27 08:05:00,2.8490218041635006e-05,7.246287986220272e-05
2018-02-27 08:10:00,3.2020678714648755e-05,7.124673659181895e-05
2018-02-27 08:15:00,3.05522295787818e-05,7.216649202706721e-05
2018-02-27 08:20:00,2.901123420464511e-05,7.280335284936454e-05
2018-02-27 08:25:00,3.251528602857465e-05,7.287766005195343e-05
2018-02-27 08:30:00,3.266037116283961e-05,7.277547476300123e-05
2018-02-27 08:35:00,2.6737286532740102e-05,6.958781518111031e-05
2018-02-27 08:40:00,2.512299857211331e-05,7.030862758267095e-05
2018-02-27 08:45:00,3.1547428968637116e-05,7.133631073095023e-05
2018-02-27 08:50:00,3.120793985716625e-05,6.997824571540173e-05
2018-02-27 08:55:00,2.6347641275789205e-05,6.826280792232543e-05
2018-02-27 09:00:00,2.576167641580428e-05,6.754556123337742e-05
2018-02-27 09:05:00,3.350974651670124e-05,6.725066822125269e-05
2018-02-27 09:10:00,3.681192900891424e-05,6.820354876341889e-05
2018-02-27 09:15:00,3.590903784454474e-05,6.951032718842917e-05
2018-02-27 09:20:00,3.52891072716755e-05,6.926502963408125e-05
2018-02-27 09:25:00,3.560926034615374e-05,6.977752914793445e-05
2018-02-27 09:30:00,3.064412892277585e-05,6.82959834070743e-05
2018-02-27 09:35:00,3.0244070884464196e-05,6.878360373286984e-05
2018-02-27 09:40:00,2.9746320072964155e-05,6.770535971444389e-05
2018-02-27 09:45:00,2.9384152374818928e-05,6.660774074871913e-05
2018-02-27 09:50:00,2.8591907883995143e-05,6.805030792801353e-05
2018-02-27 09:55:00,2.9294688368392565e-05,6.802425297344225e-05
2018-02-27 10:00:00,3.427558093315538e-05,6.805347392875038e-05
2018-02-27 10:05:00,3.406646059873003e-05,6.76553723937183e-05
2018-02-27 10:10:00,3.372571484950896e-05,6.656243358911012e-05
2018-02-27 10:15:00,3.303635729187928e-05,6.494380489326168e-05
2018-02-27 10:20:00,3.2352805870644966e-05,6.657411278480643e-05
2018-02-27 10:25:00,2.9382200404127674e-05,6.500595792816473e-05
2018-02-27 10:30:00,3.0597276581902094e-05,6.542392093908717e-05
2018-02-27 10:35:00,2.608588471723772e-05,6.58717787119466e-05
2018-02-27 10:40:00,2.7052191160404015e-05,6.490015030349374e-05
2018-02-27 10:45:00,3.1333300966574335e-05,6.422020639686364e-05
2018-02-27 10:50:00,3.06683472392874e-05,6.368148579392814e-05
2018-02-27 10:55:00,3.165195133550146e-05,6.358267426739713e-05
2018-02-27 11:00:00,3.1412928490439255e-05,6.310691338200549e-05
2018-02-27 11:05:00,2.9685705417898463e-05,6.253949059762412e-05
2018-02-27 11:10:00,2.6120633051584986e-05,6.175504949072979e-05
2018-02-27 11:15:00,2.144801341699683e-05,6.142076873617986e-05
2018-02-27 11:20:00,2.5729103378622815e-05,6.285815423908235e-05
2018-02-27 11:25:00,2.9703775054676173e-05,6.351561107775774e-05
2018-02-27 11:30:00,2.9849099996992083e-05,6.202676952625392e-05
2018-02-27 11:35:00,2.4573407075501017e-05,6.256310650531252e-05
2018-02-27 11:40:00,2.493191860754278e-05,6.278438121373172e-05
2018-02-27 11:45:00,2.6118227724647563e-05,6.251809374588032e-05
2018-02-27 11:50:00,2.556538629819538e-05,6.18297627574111e-05
2018-02-27 11:55:00,2.8602939727135244e-05,6.0176372118296254e-05
2018-02-27 12:00:00,2.5814461433940666e-05,6.087951583958414e-05
2018-02-27 12:05:00,2.0873444735733278e-05,5.9102483436121224e-05
2018-02-27 12:10:00,2.476879792913968e-05,5.977900398706365e-05
2018-02-27 12:15:00,2.481685800476133e-05,6.118029897885332e-05
2018-02-27 12:20:00,2.5594911603844534e-05,5.89368384120252e-05
2018-02-27 12:25:00,2.6267206025857698e-05,5.869465578915373e-05
2018-02-27 12:30:00,2.701192637805993e-05,5.870992085882141e-05
2018-02-27 12:35:00,2.542808174802885e-05,5.846327003644746e-05
2018-02-27 12:40:00,2.6754210659209056e-05,5.917062528654391e-05
2018-02-27 12:45:00,2.897769064590185e-05,5.85563982032851e-05
2018-02-27 12:50:00,2.368838228596626e-05,5.950129716220003e-05
2018-02-27 12:55:00,2.469243037455177e-05,5.761348094722981e-05
2018-02-27 13:00:00,2.92225445074129e-05,5.700305678647354e-05
2018-02-27 13:05:00,2.373622518358596e-05,5.7087054799677346e-05
2018-02-27 13:10:00,2.3642102795888648e-05,5.691660155322112e-05
2018-02-27 13:15:00,2.8778440857408218e-05,5.811967994141634e-05
2018-02-27 13:20:00,2.4199654274287228e-05,5.870627706910732e-05
2018-02-27 13:25:00,1.9346661008164292e-05,5.82714510869182e-05
2018-02-27 13:30:00,2.0328631818344824e-05,5.7735349103799256e-05
2018-02-27 13:35:00,2.2554818388995e-05,5.754114646680673e-05
2018-02-27 13:40:00,2.5633703972881823e-05,5.74339585719654e-05
2018-02-27 13:45:00,2.495600299707785e-05,5.7572160579444195e-05
2018-02-27 13:50:00,2.5480195722865517e-05,5.707975765353372e-05
2018-02-27 13:55:00,2.5005914052554778e-05,5.703198362683252e-05
2018-02-27 14:00:00,2.1010427006942077e-05,5.68608316950687e-05
2018-02-27 14:05:00,2.0391084800165535e-05,5.520101237819078e-05
2018-02-27 14:10:00,2.4050921295525287e-05,5.5389446548340766e-05
2018-02-27 14:15:00,2.4299624572618544e-05,5.5037229104016176e-05
2018-02-27 14:20:00,2.521007267307371e-05,5.5636493361395696e-05
2018-02-27 14:25:00,2.6103533527067327e-05,5.4836335622878286e-05
2018-02-27 14:30:00,2.5445382627985785e-05,5.5197363280982045e-05
2018-02-27 14:35:00,2.7906740900830433e-05,5.547187941437536e-05
2018-02-27 14:40:00,2.4522912557586093e-05,5.562602246816256e-05
2018-02-27 14:45:00,2.351207561366283e-05,5.4883319170563964e-05
2018-02-27 14:50:00,2.4611767244215537e-05,5.4394839261815116e-05
2018-02-27 14:55:00,2.2000209467490465e-05,5.4477401379740365e-05
2018-02-27 15:00:00,2.413439969637163e-05,5.4550810644250265e-05
2018-02-27 15:05:00,2.2404570223178637e-05,5.269619511886646e-05
2018-02-27 15:10:00,1.9102618747530186e-05,5.291444234932383e-05
2018-02-27 15:15:00,1.9376780897815702e-05,5.261643383267574e-05
2018-02-27 15:20:00,2.3690016574904876e-05,5.287083632872708e-05
2018-02-27 15:25:00,2.7042000243999692e-05,5.240939454450011e-05
2018-02-27 15:30:00,2.64878622351898e-05,5.281089581954466e-05
2018-02-27 15:35:00,2.6642062540059194e-05,5.224988696769513e-05
2018-02-27 15:40:00,2.6421716684711875e-05,5.2710257241343713e-05
2018-02-27 15:45:00,2.2826944993360434e-05,5.317035498382514e-05
2018-02-27 15:50:00,2.32849297863629e-05,5.2152514428238585e-05
2018-02-27 15:55:00,2.503093476572309e-05,5.2141879742257796e-05
2018-02-27 16:00:00,2.153032951758006e-05,5.095899546665797e-05
2018-02-27 16:05:00,2.203839819962726e-05,5.160840647914375e-05
2018-02-27 16:10:00,2.538110435039899e-05,5.1425118203692626e-05
2018-02-27 16:15:00,2.5363398979082402e-05,5.168237436673237e-05
2018-02-27 16:20:00,2.5118617312924176e-05,5.082500802935867e-05
2018-02-27 16:25:00,2.4199094297762537e-05,5.116361425417974e-05
2018-02-27 16:30:00,2.0859741215410553e-05,5.000892137544756e-05
2018-02-27 16:35:00,2.108567299703246e-05,5.0341377106058516e-05
2018-02-27 16:40:00,2.379794933750679e-05,4.9808971625030434e-05
2018-02-27 16:45:00,1.9817708471253753e-05,4.991565503133687e-05
2018-02-27 16:50:00,1.8279007247472166e-05,5.041460303720355e-05
2018-02-27 16:55:00,2.1264456633803285e-05,4.9290151234277764e-05
2018-02-27 17:00:00,2.424761400133455e-05,4.963643195323665e-05
2018-02-27 17:05:00,2.2157789897364742e-05,5.0239347292601135e-05
2018-02-27 17:10:00,1.870222044465125e-05,4.899050556194824e-05
2018-02-27 17:15:00,2.0990903030538977e-05,4.748357349174074e-05
2018-02-27 17:20:00,2.3094142811843368e-05,4.7781262753535396e-05
2018-02-27 17:25:00,2.330603577546313e-05,4.7613332284854315e-05
2018-02-27 17:30:00,1.989922042863513e-05,4.858528347864976e-05
2018-02-27 17:35:00,1.9962935280316857e-05,4.8257563148318846e-05
2018-02-27 17:40:00,2.0313554889245192e-05,4.857080928887292e-05
2018-02-27 17:45:00,1.6399801530487022e-05,4.836468937090312e-05
2018-02-27 17:50:00,2.0046443021642115e-05,4.8161967088741975e-05
2018-02-27 17:55:00,2.3475580888286072e-05,4.755435908216833e-05
2018-02-27 18:00:00,2.135916353382637e-05,4.776099639990654e-05
2018-02-27 18:05:00,2.1600127868624e-05,4.822089898510461e-05
2018-02-27 18:10:00,1.9172143897100374e-05,4.7978307821169765e-05
2018-02-27 18:15:00,1.942087083355176e-05,4.660088662429323e-05
2018-02-27 18:20:00,1.9068254971371034e-05,4.704467891157951e-05
2018-02-27 18:25:00,1.6266656074631725e-05,4.7399891742721763e-05
2018-02-27 18:30:00,1.646725986666847e-05,4.7141167939197896e-05
2018-02-27 18:35:00,1.7515009025688326e-05,4.5497901277428315e-05
2018-02-27 18:40:00,1.9711427705156053e-05,4.505777258537549e-05
2018-02-27 18:45:00,1.953811182656071e-05,4.5150350901408706e-05
2018-02-27 18:50:00,2.045815267563342e-05,4.627219970614068e-05
2018-02-27 18:55:00,2.2455336719766637e-05,4.560226861492552e-05
2018-02-27 19:00:00,1.9618746615834045e-05,4.5039478731929485e-05
2018-02-27 19:05:00,1.5856617536970946e-05,4.554164542185308e-05
2018-02-27 19:10:00,1.6390682123420215e-05,4.584124912656602e-05
2018-02-27 19:15:00,1.9545473489362955e-05,4.587340037492948e-05
2018-02-27 19:20:00,2.023586798734068e-05,4.5932620896798704e-05
2018-02-27 19:25:00,2.0321941795179144e-05,4.5613062263688094e-05
2018-02-27 19:30:00,2.209327773939354e-05,4.567000354067413e-05
2018-02-27 19:35:00,2.176400459083806e-05,4.467515748917037e-05
2018-02-27 19:40:00,2.2378565274629793e-05,4.493022635426787e-05
2018-02-27 19:45:00,2.1619019227620578e-05,4.431236067565619e-05
2018-02-27 19:50:00,2.110350918741031e-05,4.36627564005171e-05
2018-02-27 19:55:00,1.9826409119836194e-05,4.4413518060216555e-05
2018-02-27 20:00:00,1.7276979311194182e-05,4.4717598701712154e-05
2018-02-27 20:05:00,1.676360279259832e-05,4.322300795610425e-05
2018-02-27 20:10:00,1.7335828641064246e-05,4.372429399339068e-05
2018-02-27 20:15:00,1.930430125513818e-05,4.3085623923545334e-05
2018-02-27 20:20:00,1.9267689804930577e-05,4.377700195788438e-05
2018-02-27 20:25:00,1.6872361989287355e-05,4.390577476492809e-05
2018-02-27 20:30:00,1.5713126258230945e-05,4.371183601248328e-05
2018-02-27 20:35:00,1.7905677873177796e-05,4.246393532036658e-05
2018-02-27 20:40:00,2.0690343961142138e-05,4.22158074565409e-05
2018-02-27 20:45:00,2.086957500421864e-05,4.298397726670385e-05
2018-02-27 20:50:00,1.7577694151461576e-05,4.348840401901233e-05
2018-02-27 20:55:00,1.784622071454501e-05,4.3151673259969165e-05
2018-02-27 21:00:00,1.77942276355841e-05,4.293066847858598e-05
2018-02-27 21:05:00,1.872876057637506e-05,4.2892897580015415e-05
2018-02-27 21:10:00,2.0885032297277853e-05,4.2807714826620434e-05
2018-02-27 21:15:00,1.7244173930862537e-05,4.166581548381763e-05
2018-02-27 21:20:00,1.736115692093659e-05,4.207036264252856e-05
2018-02-27 21:25:00,2.0527456033857932e-05,4.168254701492822e-05
2018-02-27 21:30:00,2.017312828099589e-05,4.189974445042452e-05
2018-02-27 21:35:00,1.9635232511965062e-05,4.234947387538946e-05
2018-02-27 21:40:00,2.023391132376323e-05,4.227153947790554e-05
2018-02-27 21:45:00,1.7407188936866865e-05,4.137913086475191e-05
2018-02-27 21:50:00,1.3832600254760555e-05,3.989620667195061e-05
2018-02-27 21:55:00,1.613804483959666e-05,4.070455514926279e-05
2018-02-27 22:00:00,1.9853411033060386e-05,4.07723443628211e-05
2018-02-27 22:05:00,1.828690274684225e-05,4.0689188830452085e-05
2018-02-27 22:10:00,1.81764782543609e-05,4.0546071002048304e-05
2018-02-27 22:15:00,1.9660932979296774e-05,4.094561399064002e-05
2018-02-27 22:20:00,1.6346221894521606e-05,4.116224814685901e-05
2018-02-27 22:25:00,1.6150963437743195e-05,4.0775577656017063e-05
2018-02-27 22:30:00,1.767527259072334e-05,4.083330031423192e-05
2018-02-27 22:35:00,1.7118879833144282e-05,4.0489124911399934e-05
2018-02-27 22:40:00,1.574041028558237e-05,3.9729968180783055e-05
2018-02-27 22:45:00,1.3536352510062512e-05,3.870168298842786e-05
2018-02-27 22:50:00,1.6616487976255298e-05,3.974660918112304e-05
2018-02-27 22:55:00,1.923428599517041e-05,4.002674327106493e-05
2018-02-27 23:00:00,1.6365730557846247e-05,4.0113565890438845e-05
2018-02-27 23:05:00,1.6534211443788884e-05,3.87440922795256e-05
2018-02-27 23:10:00,1.9002570580034187e-05,3.90301092873682e-05
2018-02-27 23:15:00,1.6574940820270103e-05,3.904649368365207e-05
2018-02-27 23:20:00,1.671333909681774e-05,3.864720640154995e-05
2018-02-27 23:25:00,1.5827854055147207e-05,3.843349942037952e-05
2018-02-27 23:30:00,1.3254946655403327e-05,3.815941710881901e-05
2018-02-27 23:35:00,1.6429112732674756e-05,3.823923584406813e-05
2018-02-27 23:40:00,1.5891872604747368e-05,3.855885202659835e-05
2018-02-27 23:45:00,1.6089321463773252e-05,3.8891190998714936e-05
2018-02-27 23:50:00,1.7544633950298795e-05,3.872320273886857e-05
2018-02-27 23:55:00,1.7602402684384276e-05,3.824284967800113e-05
2018-02-28 00:00:00,1.859462851975559e-05,3.7146733991819214e-05
2018-02-28 00:05:00,1.8503324634851518e-05,3.72921539031179e-05
2018-02-28 00:10:00,1.596666921784874e-05,3.7244507211353936e-05
2018-02-28 00:15:00,1.3048265906604186e-05,3.6803829632283696e-05
2018-02-28 00:20:00,1.3804260237168239e-05,3.665213376000437e-05
2018-02-28 00:25:00,1.4054675192972724e-05,3.7512470597639575e-05
2018-02-28 00:30:00,1.6437275620538795e-05,3.784989638283977e-05
2018-02-28 00:35:00,1.5434879518671927e-05,3.719030700482889e-05
2018-02-28 00:40:00,1.4307134816248513e-05,3.6371312487690646e-05
2018-02-28 00:45:00,1.3828690711254345e-05,3.595003918136727e-05
2018-02-28 00:50:00,1.578335903508397e-05,3.6036927328952734e-05
2018-02-28 00:55:00,1.5523314497475748e-05,3.616724022655176e-05
2018-02-28 01:00:00,1.3902042947718268e-05,3.607344805366111e-05
2018-02-28 01:05:00,1.4235950398969405e-05,3.597398554420459e-05
2018-02-28 01:10:00,1.5287756564876426e-05,3.543947854746244e-05
2018-02-28 01:15:00,1.5625632357573775e-05,3.534068178697731e-05
2018-02-28 01:20:00,1.3385593559054575e-05,3.6432536496066105e-05
2018-02-28 01:25:00,1.4842427006792998e-05,3.6408474186981904e-05
2018-02-28 01:30:00,1.7874088429951162e-05,3.577256037804849e-05
2018-02-28 01:35:00,1.4550970740660152e-05,3.635738812385201e-05
2018-02-28 01:40:00,1.4881074560545118e-05,3.64960915173202e-05
2018-02-28 01:45:00,1.7235614839150428e-05,3.56317487054569e-05
2018-02-28 01:50:00,1.7006143828802e-05,3.613509252867341e-05
2018-02-28 01:55:00,1.4941683500152647e-05,3.5343223106365803e-05
2018-02-28 02:00:00,1.470812169056772e-05,3.547200984199891e-05
2018-02-28 02:05:00,1.7364455334929838e-05,3.606565147729882e-05
2018-02-28 02:10:00,1.57667224035017e-05,3.516928286786203e-05
2018-02-28 02:15:00,1.4096025522102047e-05,3.523210831186037e-05
2018-02-28 02:20:00,1.618517579751468e-05,3.477507174374131e-05
2018-02-28 02:25:00,1.6678294949034633e-05,3.425026846446817e-05
2018-02-28 02:30:00,1.7013747099736237e-05,3.416450869522985e-05
2018-02-28 02:35:00,1.485420681481958e-05,3.4680468173547056e-05
2018-02-28 02:40:00,1.2527455456100566e-05,3.5011352695786606e-05
2018-02-28 02:45:00,1.4549075208905983e-05,3.51286193367547e-05
2018-02-28 02:50:00,1.6706009362698665e-05,3.498510719918963e-05
2018-02-28 02:55:00,1.6091172715414415e-05,3.439144390745931e-05
2018-02-28 03:00:00,1.5865452361973283e-05,3.451637333165347e-05
2018-02-28 03:05:00,1.6450752662081074e-05,3.4308366231506456e-05
2018-02-28 03:10:00,1.6372744399247367e-05,3.4510395458014676e-05
2018-02-28 03:15:00,1.3280623985728322e-05,3.46677060369509e-05
2018-02-28 03:20:00,1.3557961152424027e-05,3.356897035041688e-05
2018-02-28 03:25:00,1.5965070191670758e-05,3.387865253359706e-05
2018-02-28 03:30:00,1.592750921898165e-05,3.430492031294336e-05
2018-02-28 03:35:00,1.3023063178598496e-05,3.4234414776782254e-05
2018-02-28 03:40:00,1.3298751053959827e-05,3.33253670395941e-05
2018-02-28 03:45:00,1.3941430045497154e-05,3.351889381787519e-05
2018-02-28 03:50:00,1.1634415059338877e-05,3.286821656853339e-05
2018-02-28 03:55:00,1.1333292914548839e-05,3.316101055211281e-05
2018-02-28 04:00:00,1.237589238787936e-05,3.3533606173660846e-05
2018-02-28 04:05:00,1.2526457587217439e-05,3.3517683326548846e-05
2018-02-28 04:10:00,1.2906738236701021e-05,3.2915707962558795e-05
2018-02-28 04:15:00,1.3246303720653145e-05,3.2227743739467855e-05
2018-02-28 04:20:00,1.3530566391085087e-05,3.244400995895472e-05
2018-02-28 04:25:00,1.3931309359194694e-05,3.290310700916349e-05
2018-02-28 04:30:00,1.1662759503741037e-05,3.3032492923251144e-05
2018-02-28 04:35:00,1.052970915440662e-05,3.2415673074865585e-05
2018-02-28 04:40:00,1.1193868403461087e-05,3.1964900222006884e-05
2018-02-28 04:45:00,1.1417592358723917e-05,3.138545912257937e-05
2018-02-28 04:50:00,1.1468193885586078e-05,3.227687210521451e-05
2018-02-28 04:55:00,1.3493460834551593e-05,3.254390083197543e-05
2018-02-28 05:00:00,1.5542812049775406e-05,3.181024847451019e-05
2018-02-28 05:05:00,1.4291125449728482e-05,3.232684353684169e-05
2018-02-28 05:10:00,1.2237321633240406e-05,3.240251395052053e-05
2018-02-28 05:15:00,1.3153199099872039e-05,3.235409666403767e-05
2018-02-28 05:20:00,1.571161962644821e-05,3.129486250197884e-05
2018-02-28 05:25:00,1.5775814933696138e-05,3.1719393915770295e-05
2018-02-28 05:30:00,1.5426705524468303e-05,3.22944865501116e-05
2018-02-28 05:35:00,1.5472891296465456e-05,3.184808311175663e-05
2018-02-28 05:40:00,1.3886230368185811e-05,3.137287728580952e-05
2018-02-28 05:45:00,1.3450332963710208e-05,3.118995108732063e-05
2018-02-28 05:50:00,1.2249010378565966e-05,3.164534462855664e-05
2018-02-28 05:55:00,1.2541985452792186e-05,3.167251155250403e-05
