,"('P1', 'depthN')","('P2', 'depthN')"
2018-02-25 00:00:00,0.0,0.0
2018-02-25 00:05:00,0.0,0.0
2018-02-25 00:10:00,0.0,0.0
2018-02-25 00:15:00,0.0,0.0
2018-02-25 00:20:00,0.0,0.0
2018-02-25 00:25:00,0.0,0.0
2018-02-25 00:30:00,0.0,0.0
2018-02-25 00:35:00,0.0,0.0
2018-02-25 00:40:00,0.0,0.0
2018-02-25 00:45:00,0.0,0.0
2018-02-25 00:50:00,0.0,0.0
2018-02-25 00:55:00,0.0,0.0
2018-02-25 01:00:00,1.229228902261534e-05,1.229228902261534e-05
2018-02-25 01:05:00,0.00011986774638739965,0.00012029357866975848
2018-02-25 01:10:00,0.0006115769491228135,0.0006216531111498489
2018-02-25 01:15:00,0.0016455474403528425,0.00171736460349852
2018-02-25 01:20:00,0.003034150408209944,0.0033017039523878886
2018-02-25 01:25:00,0.005300217197588834,0.00602107950674308
2018-02-25 01:30:00,0.00805335282842524,0.00968968319047737
2018-02-25 01:35:00,0.010864353685841667,0.014366365381466848
2018-02-25 01:40:00,0.013854077880708797,0.02028203160087508
2018-02-25 01:45:00,0.016653145059912985,0.026558614031630363
2018-02-25 01:50:00,0.019055221267673006,0.033096643502707426
2018-02-25 01:55:00,0.02162492659556354,0.0407763320294462
2018-02-25 02:00:00,0.025421099081456042,0.0503887097080613
2018-02-25 02:05:00,0.030791855318815953,0.06138225304663972
2018-02-25 02:10:00,0.036926700303342136,0.07400800185103552
2018-02-25 02:15:00,0.04154905034417528,0.08746227005477689
2018-02-25 02:20:00,0.04627769486275978,0.10442165452687764
2018-02-25 02:25:00,0.054519097750132334,0.1218691344220103
2018-02-25 02:30:00,0.06023693544117357,0.1390903752521138
2018-02-25 02:35:00,0.06316945092214964,0.1575697022354605
2018-02-25 02:40:00,0.06521368142924058,0.17679210886610683
2018-02-25 02:45:00,0.06813468430017892,0.1942483798377409
2018-02-25 02:50:00,0.0703835523352859,0.21179432792075414
2018-02-25 02:55:00,0.07386477311812263,0.22812513701451076
2018-02-25 03:00:00,0.07465502009405683,0.24463677880536744
2018-02-25 03:05:00,0.08359823104964012,0.26204765163666
2018-02-25 03:10:00,0.09247121514625359,0.2778755769553821
2018-02-25 03:15:00,0.09492286951114644,0.2938894344781782
2018-02-25 03:20:00,0.0972009162423074,0.3107423577008087
2018-02-25 03:25:00,0.10817911507878948,0.32630541314717265
2018-02-25 03:30:00,0.11401864010768911,0.33956925386421805
2018-02-25 03:35:00,0.11895025096368517,0.35495307692745837
2018-02-25 03:40:00,0.11626743097404171,0.3754991140506022
2018-02-25 03:45:00,0.10872979415363924,0.3977471352552423
2018-02-25 03:50:00,0.11560259949727306,0.41631433272000656
2018-02-25 03:55:00,0.1296106966003588,0.4354986189978078
2018-02-25 04:00:00,0.1381340657362629,0.4578759497095928
2018-02-25 04:05:00,0.1425121215957728,0.48220597506816787
2018-02-25 04:10:00,0.14251821252854815,0.5060900365721175
2018-02-25 04:15:00,0.14146806995003236,0.5318430610479997
2018-02-25 04:20:00,0.14587501309663617,0.5586016020860434
2018-02-25 04:25:00,0.14959630159292395,0.5842330442527526
2018-02-25 04:30:00,0.1523758530658262,0.6105172845375436
2018-02-25 04:35:00,0.14330712811357688,0.6352524752112468
2018-02-25 04:40:00,0.1347532034922232,0.6631729165795377
2018-02-25 04:45:00,0.1468718634485684,0.6923761783571278
2018-02-25 04:50:00,0.15268667594999216,0.7206457715312493
2018-02-25 04:55:00,0.14410148644191784,0.7504710675490786
2018-02-25 05:00:00,0.13998731891565153,0.7803554917316249
2018-02-25 05:05:00,0.15291606070854463,0.813486737159057
2018-02-25 05:10:00,0.16082553135839642,0.8506607116417932
2018-02-25 05:15:00,0.16539208300052272,0.8835840641947372
2018-02-25 05:20:00,0.1644120447752905,0.916406650377566
2018-02-25 05:25:00,0.15564067091780817,0.9536869104263046
2018-02-25 05:30:00,0.153445602732392,0.9926001157109194
2018-02-25 05:35:00,0.1630181305871798,1.0279791327807448
2018-02-25 05:40:00,0.168266579302467,1.0637335561481558
2018-02-25 05:45:00,0.17197296862317663,1.1061232713701328
2018-02-25 05:50:00,0.17606601058023286,1.1486751872963832
2018-02-25 05:55:00,0.17787464085333377,1.1929004181852303
2018-02-25 06:00:00,0.17640134673485136,1.2324289747580353
2018-02-25 06:05:00,0.1665109798218891,1.269754297960437
2018-02-25 06:10:00,0.16052265673887506,1.3111101364120676
2018-02-25 06:15:00,0.16883539882476684,1.3489021614026522
2018-02-25 06:20:00,0.16490688844434326,1.3848233828613545
2018-02-25 06:25:00,0.1586128511247455,1.421865815854059
2018-02-25 06:30:00,0.16717431230184332,1.4590171611167055
2018-02-25 06:35:00,0.16949876397004504,1.491507732192954
2018-02-25 06:40:00,0.16860926488562936,1.5220169999499453
2018-02-25 06:45:00,0.16857078048460714,1.5557827605898185
2018-02-25 06:50:00,0.16842578995365481,1.5889741360263727
2018-02-25 06:55:00,0.16789805523297557,1.618882213584111
2018-02-25 07:00:00,0.16849012306233263,1.6485526399811228
2018-02-25 07:05:00,0.16427685226158553,1.6792076381354832
2018-02-25 07:10:00,0.16124914576604665,1.7043591866356707
2018-02-25 07:15:00,0.16104694919574508,1.725165022000903
2018-02-25 07:20:00,0.15986071758856654,1.7444661089934705
2018-02-25 07:25:00,0.15354053855180616,1.7652041158159189
2018-02-25 07:30:00,0.1456747009335263,1.786587989528331
2018-02-25 07:35:00,0.14329720544407,1.8034615670089669
2018-02-25 07:40:00,0.14166814103541028,1.8174402259143232
2018-02-25 07:45:00,0.1427125548060942,1.832088509577995
2018-02-25 07:50:00,0.14652013642899586,1.8456995622669716
2018-02-25 07:55:00,0.147606165127101,1.8576734749994492
2018-02-25 08:00:00,0.1462363959574174,1.86784867883486
2018-02-25 08:05:00,0.14118857858527084,1.875383817145562
2018-02-25 08:10:00,0.13546546227890474,1.8807527870604468
2018-02-25 08:15:00,0.13284791822316525,1.882463666265633
2018-02-25 08:20:00,0.13085555715491973,1.881756134051755
2018-02-25 08:25:00,0.12785163751767098,1.8801742623474351
2018-02-25 08:30:00,0.12340198910794468,1.8760510271736113
2018-02-25 08:35:00,0.1198853402067456,1.8702210757299689
2018-02-25 08:40:00,0.11675006594472925,1.8624988998925716
2018-02-25 08:45:00,0.1110353238943523,1.8517008248379851
2018-02-25 08:50:00,0.10595338370956285,1.8413693957197548
2018-02-25 08:55:00,0.10617260155098314,1.8286673592175593
2018-02-25 09:00:00,0.10445583442553859,1.8139311385462735
2018-02-25 09:05:00,0.10410739106340446,1.7983586684558326
2018-02-25 09:10:00,0.09811979711743955,1.780733624672484
2018-02-25 09:15:00,0.0933904737900369,1.7648943258716254
2018-02-25 09:20:00,0.09547192342688646,1.7446449816389589
2018-02-25 09:25:00,0.09575724130450432,1.7235413182139767
2018-02-25 09:30:00,0.08966031044193151,1.7047215970198268
2018-02-25 09:35:00,0.0840360600793752,1.6821575564116897
2018-02-25 09:40:00,0.08243169933420791,1.6559371659145672
2018-02-25 09:45:00,0.07881595027987585,1.6314523428818104
2018-02-25 09:50:00,0.08277368489886353,1.6076809716071476
2018-02-25 09:55:00,0.08151035817988664,1.5801287144770328
2018-02-25 10:00:00,0.07824971136301083,1.5506714546591582
2018-02-25 10:05:00,0.0789387418461289,1.5240383633584138
2018-02-25 10:10:00,0.07428205394229077,1.494868287398237
2018-02-25 10:15:00,0.071012767427869,1.4655459016509864
2018-02-25 10:20:00,0.06966786741701096,1.437720893357192
2018-02-25 10:25:00,0.06893038017334228,1.4058237251702241
2018-02-25 10:30:00,0.067654078928899,1.37396950510458
2018-02-25 10:35:00,0.06616903260424373,1.3446861199230058
2018-02-25 10:40:00,0.06870806840831363,1.3145482441804195
2018-02-25 10:45:00,0.07063486760931025,1.2817853527147132
2018-02-25 10:50:00,0.06762391284881467,1.248800369563599
2018-02-25 10:55:00,0.06065329248521993,1.216004908384788
2018-02-25 11:00:00,0.0600823234830601,1.1861178992303867
2018-02-25 11:05:00,0.06019253471414547,1.1545375139413498
2018-02-25 11:10:00,0.058054509256063966,1.11953453413977
2018-02-25 11:15:00,0.05909985017521478,1.0853014342549518
2018-02-25 11:20:00,0.06179878259346853,1.052029646199336
2018-02-25 11:25:00,0.06277717166015472,1.017416960047323
2018-02-25 11:30:00,0.05982168436014264,0.981110882687004
2018-02-25 11:35:00,0.05741330390567804,0.9497767806815941
2018-02-25 11:40:00,0.05852672371639293,0.9150102856903544
2018-02-25 11:45:00,0.05768655198020112,0.8737690582196187
2018-02-25 11:50:00,0.05612398303529744,0.8355821703584929
2018-02-25 11:55:00,0.05375777615452869,0.8032806351232401
2018-02-25 12:00:00,0.05549526324719054,0.7692435640399714
2018-02-25 12:05:00,0.05684361365629066,0.7353084831609462
2018-02-25 12:10:00,0.05499457723795466,0.7015465194751167
2018-02-25 12:15:00,0.05248889582683928,0.6649581946707833
2018-02-25 12:20:00,0.0517218110618637,0.6278106011310253
2018-02-25 12:25:00,0.049677462091970395,0.5913697405136956
2018-02-25 12:30:00,0.05130857308356401,0.5589788734217316
2018-02-25 12:35:00,0.04954363351762796,0.5263064121950143
2018-02-25 12:40:00,0.04524869562356336,0.49099533496794007
2018-02-25 12:45:00,0.04474741808468566,0.46008275170219304
2018-02-25 12:50:00,0.04537924872116807,0.4327116748288983
2018-02-25 12:55:00,0.04631082325296645,0.4037113479349818
2018-02-25 13:00:00,0.04739457487963983,0.37728212755842433
2018-02-25 13:05:00,0.04612850641772346,0.35278244463963354
2018-02-25 13:10:00,0.04406853126131643,0.32623387131271475
2018-02-25 13:15:00,0.04597361838375628,0.30225185079503747
2018-02-25 13:20:00,0.04637579056655918,0.2847384786211929
2018-02-25 13:25:00,0.04339079029752916,0.2700399745996552
2018-02-25 13:30:00,0.04015674465692241,0.25873358020257264
2018-02-25 13:35:00,0.03861371641902162,0.24877323643754945
2018-02-25 13:40:00,0.03809173750740884,0.23887172023788503
2018-02-25 13:45:00,0.036599712657108784,0.23075986875615492
2018-02-25 13:50:00,0.03717748366118414,0.22361034783219638
2018-02-25 13:55:00,0.037285903662610316,0.2172840920304937
2018-02-25 14:00:00,0.03619001628871873,0.21208445422845928
2018-02-25 14:05:00,0.03711636374382103,0.20669985915301808
2018-02-25 14:10:00,0.03647895541271523,0.20172545361794997
2018-02-25 14:15:00,0.035309334571903245,0.19759385843950872
2018-02-25 14:20:00,0.03640011035838881,0.19338909939464796
2018-02-25 14:25:00,0.035237284999024204,0.18940486467432596
2018-02-25 14:30:00,0.03463498339407415,0.18598143913812987
2018-02-25 14:35:00,0.03428548658244816,0.18279716300237545
2018-02-25 14:40:00,0.031884019137925136,0.17974086272272238
2018-02-25 14:45:00,0.03050891119829833,0.1766719619825958
2018-02-25 14:50:00,0.029231627286737505,0.17378295323000945
2018-02-25 14:55:00,0.029142284701004238,0.17095059649841307
2018-02-25 15:00:00,0.030304124553118483,0.16837659362365215
2018-02-25 15:05:00,0.03125077757456029,0.16593033802533053
2018-02-25 15:10:00,0.031442552813563604,0.16362733148528155
2018-02-25 15:15:00,0.030628231524554527,0.16130170148209794
2018-02-25 15:20:00,0.029313200854522665,0.15888376055881015
2018-02-25 15:25:00,0.030067243661716418,0.1568639978107626
2018-02-25 15:30:00,0.029098720663348086,0.15457222262815687
2018-02-25 15:35:00,0.02805365200246121,0.15225092461765105
2018-02-25 15:40:00,0.028541622241352146,0.15030105024276197
2018-02-25 15:45:00,0.028551849642094625,0.1483169011289163
2018-02-25 15:50:00,0.028629452185652184,0.146225425224238
2018-02-25 15:55:00,0.02782749565258511,0.14419465712508667
2018-02-25 16:00:00,0.026192968162100833,0.1420311293981088
2018-02-25 16:05:00,0.025701796845875393,0.14017771129389092
2018-02-25 16:10:00,0.023844617861198094,0.13821841220299108
2018-02-25 16:15:00,0.022955484612388916,0.13625740680701198
2018-02-25 16:20:00,0.022519643011835337,0.13449773048061356
2018-02-25 16:25:00,0.021991077200239056,0.13285141968299038
2018-02-25 16:30:00,0.02198122949352963,0.13102205938785993
2018-02-25 16:35:00,0.021367491962572958,0.12919084149117277
2018-02-25 16:40:00,0.021267951883378343,0.12764856189584456
2018-02-25 16:45:00,0.02081240699944279,0.12588405758297902
2018-02-25 16:50:00,0.02112565876618072,0.12391060162431657
2018-02-25 16:55:00,0.020229455416818067,0.1222647938494729
2018-02-25 17:00:00,0.019623201724860637,0.12063738390510956
2018-02-25 17:05:00,0.02007336487220081,0.1185798047566967
2018-02-25 17:10:00,0.019535183700722988,0.11644934252012915
2018-02-25 17:15:00,0.018166564491894195,0.11476922004460309
2018-02-25 17:20:00,0.017212913715657675,0.11308620287875326
2018-02-25 17:25:00,0.01672121061425163,0.1115917342084456
2018-02-25 17:30:00,0.0163249355634622,0.110052498906666
2018-02-25 17:35:00,0.0160303311541501,0.10847905985993381
2018-02-25 17:40:00,0.016038381078326933,0.10693511486351823
2018-02-25 17:45:00,0.015270230186483182,0.10539012517450863
2018-02-25 17:50:00,0.015117266085094198,0.10382578819038502
2018-02-25 17:55:00,0.015354583871372264,0.10232452847526077
2018-02-25 18:00:00,0.015400928731388017,0.10081275622636349
2018-02-25 18:05:00,0.015033602072968454,0.09937630016226388
2018-02-25 18:10:00,0.01460205403748182,0.09794709754887052
2018-02-25 18:15:00,0.014434814704370524,0.09648176907195288
2018-02-25 18:20:00,0.013823794336778626,0.09462809588482159
2018-02-25 18:25:00,0.013493882117360564,0.09323663089012357
2018-02-25 18:30:00,0.012611445112442592,0.09168599672911659
2018-02-25 18:35:00,0.011964148163277441,0.09036163401864666
2018-02-25 18:40:00,0.011421212744191302,0.08902135152427401
2018-02-25 18:45:00,0.01115152394708203,0.0874996172203679
2018-02-25 18:50:00,0.011320180209339066,0.08610226736339727
2018-02-25 18:55:00,0.01107240692068597,0.08470419613053122
2018-02-25 19:00:00,0.010682041002550286,0.0833403938667273
2018-02-25 19:05:00,0.0107899402737281,0.08209506705049133
2018-02-25 19:10:00,0.010740682508168859,0.08069984054134424
2018-02-25 19:15:00,0.010599266874662769,0.07906070623427888
2018-02-25 19:20:00,0.010361990850929604,0.07752796802721243
2018-02-25 19:25:00,0.01015870589508528,0.0761904726804943
2018-02-25 19:30:00,0.009692432425859467,0.07487873270158796
2018-02-25 19:35:00,0.00916137967482384,0.07359153436205608
2018-02-25 19:40:00,0.00901073820617595,0.07232062237735024
2018-02-25 19:45:00,0.008641288869970471,0.07107764830750392
2018-02-25 19:50:00,0.007962697929443478,0.06946477519324709
2018-02-25 19:55:00,0.007537609447653106,0.06797097110377887
2018-02-25 20:00:00,0.007193651972000097,0.06652547389231564
2018-02-25 20:05:00,0.0067219318252065546,0.06522950383159737
2018-02-25 20:10:00,0.00648197004987217,0.06415384714040125
2018-02-25 20:15:00,0.006293416742084431,0.06302560832449286
2018-02-25 20:20:00,0.005955712661160305,0.0616214058574784
2018-02-25 20:25:00,0.0056844724897359596,0.060300128727100825
2018-02-25 20:30:00,0.005343862314059739,0.05924524882118775
2018-02-25 20:35:00,0.005091588784971604,0.05813545604541148
2018-02-25 20:40:00,0.004972085912317549,0.05702621968026089
2018-02-25 20:45:00,0.004776335781524122,0.055827317067946074
2018-02-25 20:50:00,0.0044448673089402,0.05472360274587904
2018-02-25 20:55:00,0.004184270486675391,0.05366935123624077
2018-02-25 21:00:00,0.003965682502291379,0.05262047970446838
2018-02-25 21:05:00,0.0037551919601403728,0.05169282420258508
2018-02-25 21:10:00,0.0035715197812119697,0.05067591725090694
2018-02-25 21:15:00,0.003363847166486772,0.04968293286172492
2018-02-25 21:20:00,0.003196174061513997,0.04883186137534651
2018-02-25 21:25:00,0.0030673540786130453,0.047916525096152254
2018-02-25 21:30:00,0.002907449929442587,0.046941923195009616
2018-02-25 21:35:00,0.002770061321663192,0.046102779877405055
2018-02-25 21:40:00,0.002652083910865581,0.0451531400677389
2018-02-25 21:45:00,0.002566651160027961,0.04425900172799913
2018-02-25 21:50:00,0.0024694069116847988,0.04351748726331744
2018-02-25 21:55:00,0.0023812949331552154,0.042756363118041034
2018-02-25 22:00:00,0.002319434669282322,0.042047242286941934
2018-02-25 22:05:00,0.0023206770455353777,0.04148825983651793
2018-02-25 22:10:00,0.0022813910500212114,0.0408473912401
2018-02-25 22:15:00,0.002223177743667425,0.040198756668749586
2018-02-25 22:20:00,0.0022095638881141715,0.03968716328023979
2018-02-25 22:25:00,0.002191324871052488,0.039089367509533186
2018-02-25 22:30:00,0.0021670798923090965,0.03850228560288687
2018-02-25 22:35:00,0.00213612319615529,0.037983608877698194
2018-02-25 22:40:00,0.0020843454129355074,0.03735634566739947
2018-02-25 22:45:00,0.0020536841256846845,0.036823598521266133
2018-02-25 22:50:00,0.001997555237463781,0.036393159090515215
2018-02-25 22:55:00,0.0019394150802963571,0.03588885590899505
2018-02-25 23:00:00,0.0018910920527595966,0.035386014086331026
2018-02-25 23:05:00,0.0018562169772971928,0.03496929843140421
2018-02-25 23:10:00,0.0018347473793597201,0.03450672942722824
2018-02-25 23:15:00,0.0018407621529029283,0.03407817702177304
2018-02-25 23:20:00,0.0018194987842563085,0.033671616693668305
2018-02-25 23:25:00,0.0017768414948720558,0.03319360772774752
2018-02-25 23:30:00,0.0017424655896212786,0.032733551049364845
2018-02-25 23:35:00,0.0017119415492503922,0.032386050219880454
2018-02-25 23:40:00,0.001681243461602542,0.031986868786584195
2018-02-25 23:45:00,0.001652210008024405,0.03160441549499926
2018-02-25 23:50:00,0.0016394684850805548,0.0312913437359587
2018-02-25 23:55:00,0.0016387916284544657,0.03094468482935621
2018-02-26 00:00:00,0.001611354414569437,0.030600389083670205
2018-02-26 00:05:00,0.001588662666895855,0.030318980938278717
2018-02-26 00:10:00,0.0015743458252652864,0.02995754829791552
2018-02-26 00:15:00,0.001566529188150701,0.02962739277041665
2018-02-26 00:20:00,0.0015484673227796862,0.029325096025327794
2018-02-26 00:25:00,0.0015289056555495154,0.028997133625067194
2018-02-26 00:30:00,0.0015078126922752264,0.028708673650490693
2018-02-26 00:35:00,0.0015052342057089354,0.028461109408473195
2018-02-26 00:40:00,0.0015097212530269149,0.028182889894593506
2018-02-26 00:45:00,0.001486984862008233,0.02786649363547061
2018-02-26 00:50:00,0.0014794074540221212,0.027625401086042407
2018-02-26 00:55:00,0.0014821511446460644,0.027336234899105194
2018-02-26 01:00:00,0.001463686776625884,0.02703605398964158
2018-02-26 01:05:00,0.0014478724025481988,0.026812238218098625
2018-02-26 01:10:00,0.0014295587225890943,0.026569241424466285
2018-02-26 01:15:00,0.0014268586146703186,0.02632230396520639
2018-02-26 01:20:00,0.0014334952591488215,0.026118888155390884
2018-02-26 01:25:00,0.0014142141127138263,0.025876075742728624
2018-02-26 01:30:00,0.001393801794973672,0.025650972025557855
2018-02-26 01:35:00,0.0013768175794505587,0.02543531751163905
2018-02-26 01:40:00,0.0013624501036661211,0.02517910833936101
2018-02-26 01:45:00,0.0013527803626011468,0.024938141337697676
2018-02-26 01:50:00,0.001341397313644069,0.0247296475905059
2018-02-26 01:55:00,0.0013245021006825911,0.024496439849799472
2018-02-26 02:00:00,0.0013192243046357098,0.02426534268785203
2018-02-26 02:05:00,0.00132164607162238,0.024093366881132245
2018-02-26 02:10:00,0.0013063430128595658,0.023880643361816882
2018-02-26 02:15:00,0.0012922827654169324,0.02366325587658245
2018-02-26 02:20:00,0.0012899722362062509,0.023501491284164917
2018-02-26 02:25:00,0.001295371348245511,0.023322976040597562
2018-02-26 02:30:00,0.00128127769172838,0.023139788224531162
2018-02-26 02:35:00,0.0012663322017402888,0.022965634029747658
2018-02-26 02:40:00,0.0012640443656860914,0.022764684055869074
2018-02-26 02:45:00,0.0012673546072104174,0.022573442075068433
2018-02-26 02:50:00,0.0012541263259987989,0.02241182757138341
2018-02-26 02:55:00,0.0012483834365077222,0.02224205271671386
2018-02-26 03:00:00,0.001261086582819966,0.02205886265053709
2018-02-26 03:05:00,0.001271163502449204,0.02191836643766686
2018-02-26 03:10:00,0.0012702136487959168,0.021749747865887792
2018-02-26 03:15:00,0.0012607153416995297,0.021591033106045623
2018-02-26 03:20:00,0.0012588526736010614,0.021460395121650776
2018-02-26 03:25:00,0.0012390197280428205,0.021316009537184516
2018-02-26 03:30:00,0.0012197411552421608,0.02115524990370596
2018-02-26 03:35:00,0.0012071163349502837,0.02101024181986541
2018-02-26 03:40:00,0.0011913971069540301,0.020863830349952598
2018-02-26 03:45:00,0.0011825132228368204,0.020703943703928522
2018-02-26 03:50:00,0.0011878563067685604,0.020585208788026443
2018-02-26 03:55:00,0.0012013163307910333,0.020451819299272374
2018-02-26 04:00:00,0.001196044444612617,0.020314905564756597
2018-02-26 04:05:00,0.0011798215868032485,0.020189999808149558
2018-02-26 04:10:00,0.0011723848884416688,0.0200511050183785
2018-02-26 04:15:00,0.0011816665958312067,0.01992138628835739
2018-02-26 04:20:00,0.0011790444910022757,0.019815002397945893
2018-02-26 04:25:00,0.0011593264539760497,0.019692120918756273
2018-02-26 04:30:00,0.0011398076018948927,0.01956908710113923
2018-02-26 04:35:00,0.0011260729091349191,0.019450836616504086
2018-02-26 04:40:00,0.0011089480232866781,0.019324813004684915
2018-02-26 04:45:00,0.0010929911320781331,0.01919598554670779
2018-02-26 04:50:00,0.0010798846698529896,0.019095706273886334
2018-02-26 04:55:00,0.0010673367187852118,0.0189681964848083
2018-02-26 05:00:00,0.001057707070953899,0.018850017428356246
2018-02-26 05:05:00,0.0010522503663080252,0.018760676601963382
2018-02-26 05:10:00,0.0010513733557636113,0.018652136829653613
2018-02-26 05:15:00,0.001045405562030653,0.018533364651383954
2018-02-26 05:20:00,0.0010441261459418457,0.018440810302346792
2018-02-26 05:25:00,0.0010302891916419417,0.01833856499347783
2018-02-26 05:30:00,0.0010194593421313169,0.018232480562223003
2018-02-26 05:35:00,0.0010088068187236445,0.018128173948947543
2018-02-26 05:40:00,0.0009970959700345968,0.01800884501887802
2018-02-26 05:45:00,0.0009942826507241453,0.017893796576650065
2018-02-26 05:50:00,0.0009982159483462698,0.017809943385504
2018-02-26 05:55:00,0.0009862658926822576,0.017702703460876476
2018-02-26 06:00:00,0.000982248565825645,0.01760599430155652
2018-02-26 06:05:00,0.000986185464560612,0.01751214745321383
2018-02-26 06:10:00,0.000979820913845552,0.017403256905736283
2018-02-26 06:15:00,0.0009740787467180286,0.017313723737867496
2018-02-26 06:20:00,0.0009748798758621777,0.0172255730516773
2018-02-26 06:25:00,0.0009728161067456074,0.01711919021838027
2018-02-26 06:30:00,0.000968910016272341,0.017029711662293442
2018-02-26 06:35:00,0.0009760688795584908,0.016944132380994018
2018-02-26 06:40:00,0.0009788131395146074,0.016842402823264806
2018-02-26 06:45:00,0.0009666979167698618,0.016757667051251198
2018-02-26 06:50:00,0.0009600753141435419,0.016672929542441425
2018-02-26 06:55:00,0.000964064639635318,0.01658661617468704
2018-02-26 07:00:00,0.0009677460719758614,0.01650807214773934
2018-02-26 07:05:00,0.0009613035015720774,0.016437569827378703
2018-02-26 07:10:00,0.000946077110974043,0.01635228861789547
2018-02-26 07:15:00,0.0009319105248215808,0.016272230733392058
2018-02-26 07:20:00,0.0009205867120342638,0.01620211717484428
2018-02-26 07:25:00,0.0009093680079477107,0.01611111769790405
2018-02-26 07:30:00,0.0009045679107743404,0.016018185817498434
2018-02-26 07:35:00,0.0009032084400281637,0.015944107223001807
2018-02-26 07:40:00,0.0008914615553424429,0.01585706506344054
2018-02-26 07:45:00,0.0008824051377517329,0.015770115022091274
2018-02-26 07:50:00,0.0008732762663598492,0.015705855053846113
2018-02-26 07:55:00,0.0008642840985250301,0.0156349895615819
2018-02-26 08:00:00,0.0008586700406947954,0.015559091594590188
2018-02-26 08:05:00,0.0008573214342684599,0.015499040936852471
2018-02-26 08:10:00,0.0008492211578475215,0.01542247412289372
2018-02-26 08:15:00,0.0008405808401251024,0.015348944818668072
2018-02-26 08:20:00,0.0008374224100534668,0.015279710529448242
2018-02-26 08:25:00,0.0008384834973873781,0.01520618185755213
2018-02-26 08:30:00,0.0008349657012763826,0.015138033574645873
2018-02-26 08:35:00,0.0008329241981514771,0.015080822863109066
2018-02-26 08:40:00,0.0008247366114526231,0.015002100112184539
2018-02-26 08:45:00,0.0008224509010603554,0.014925134989690803
2018-02-26 08:50:00,0.0008294203461642859,0.014861884261076102
2018-02-26 08:55:00,0.0008307967587509314,0.01479217063541322
2018-02-26 09:00:00,0.0008222345308611045,0.014720135497634297
2018-02-26 09:05:00,0.0008135391213397472,0.014655508970514671
2018-02-26 09:10:00,0.0008052049405092917,0.01459004938351306
2018-02-26 09:15:00,0.000797301522392072,0.014522321175752348
2018-02-26 09:20:00,0.0007905027398807314,0.014470755473129523
2018-02-26 09:25:00,0.0007862633967594033,0.014404104042779923
2018-02-26 09:30:00,0.0007858643866914134,0.014333019613271256
2018-02-26 09:35:00,0.0007833740948015576,0.014278896748651473
2018-02-26 09:40:00,0.0007838614243173973,0.01421250023284615
2018-02-26 09:45:00,0.0007802468872230662,0.014151428640612432
2018-02-26 09:50:00,0.0007832183248188593,0.014103668464478076
2018-02-26 09:55:00,0.0007887028592973161,0.014045107156730567
2018-02-26 10:00:00,0.000788534209068192,0.013986829535623255
2018-02-26 10:05:00,0.0007794045130635378,0.013935507964014895
2018-02-26 10:10:00,0.0007694086523209041,0.013875320553526504
2018-02-26 10:15:00,0.0007630299706246008,0.013818257002385202
2018-02-26 10:20:00,0.0007607409172307953,0.013761343260849145
2018-02-26 10:25:00,0.0007568092762960022,0.013697189483317352
2018-02-26 10:30:00,0.0007548155581064949,0.013640544000143806
2018-02-26 10:35:00,0.0007562413778763811,0.013595719507773113
2018-02-26 10:40:00,0.0007476548586219721,0.013533655828627776
2018-02-26 10:45:00,0.0007404442060220825,0.013479197559903866
2018-02-26 10:50:00,0.0007372635822991584,0.013426838426764169
2018-02-26 10:55:00,0.0007398572173749021,0.01337240802983638
2018-02-26 11:00:00,0.0007366997923244256,0.013314119633490993
2018-02-26 11:05:00,0.0007300797995483385,0.013263133310671589
2018-02-26 11:10:00,0.0007251535635421755,0.013204775662691867
2018-02-26 11:15:00,0.000725466856157387,0.013154273403770804
2018-02-26 11:20:00,0.0007260992518136035,0.013105440317891568
2018-02-26 11:25:00,0.0007176787738864213,0.013053331361583539
2018-02-26 11:30:00,0.000710619186063515,0.01300351050817062
2018-02-26 11:35:00,0.0007073798198520063,0.012960356792706925
2018-02-26 11:40:00,0.0007103538312152383,0.012913684735200215
2018-02-26 11:45:00,0.0007154026267387398,0.01286278855741869
2018-02-26 11:50:00,0.0007155393527513562,0.012815554640451065
2018-02-26 11:55:00,0.0007069034038533859,0.01276597838154895
2018-02-26 12:00:00,0.0006980778924806731,0.012711580432838716
2018-02-26 12:05:00,0.0006914342696540235,0.012672552509980978
2018-02-26 12:10:00,0.000683423771850222,0.01262716761347223
2018-02-26 12:15:00,0.000678349339035802,0.01257295811022896
2018-02-26 12:20:00,0.0006740220926271834,0.012533157626620042
2018-02-26 12:25:00,0.0006667263734155193,0.012490347197412188
2018-02-26 12:30:00,0.0006598128384923653,0.012442767890641976
2018-02-26 12:35:00,0.0006581288564159537,0.012397934799803714
2018-02-26 12:40:00,0.0006591842934471594,0.012352508176999587
2018-02-26 12:45:00,0.0006526233811362982,0.012303094845223544
2018-02-26 12:50:00,0.0006479449401508182,0.012264361510581835
2018-02-26 12:55:00,0.0006417916546585685,0.012223507504527052
2018-02-26 13:00:00,0.0006368341746957503,0.012178721520850352
2018-02-26 13:05:00,0.0006345609306322862,0.012140229376132293
2018-02-26 13:10:00,0.0006375452750847584,0.012097066897475904
2018-02-26 13:15:00,0.0006421307137871502,0.012047707804029287
2018-02-26 13:20:00,0.0006432643154776695,0.012007453261539083
2018-02-26 13:25:00,0.0006396472829580397,0.011965576777446293
2018-02-26 13:30:00,0.0006380216793094647,0.011919358868225071
2018-02-26 13:35:00,0.0006348226313214247,0.011883757674402065
2018-02-26 13:40:00,0.0006352244763184455,0.011839975691526752
2018-02-26 13:45:00,0.0006310043546902724,0.011798729964576623
2018-02-26 13:50:00,0.0006298962220690496,0.011761087114963023
2018-02-26 13:55:00,0.0006270612345425654,0.011713899360997478
2018-02-26 14:00:00,0.0006300663694391101,0.011669107934426706
2018-02-26 14:05:00,0.0006283757458182611,0.011636778655408889
2018-02-26 14:10:00,0.0006208111482981218,0.01159386718026404
2018-02-26 14:15:00,0.0006148573395515555,0.011548037841983988
2018-02-26 14:20:00,0.0006124132223062005,0.011514743450119205
2018-02-26 14:25:00,0.0006122647491294516,0.011471776678024327
2018-02-26 14:30:00,0.0006085828823690367,0.011427918968026056
2018-02-26 14:35:00,0.0006095168824034545,0.01139235067463769
2018-02-26 14:40:00,0.0006104928640408802,0.011355974276203332
2018-02-26 14:45:00,0.0006073796858947475,0.011315016291354271
2018-02-26 14:50:00,0.0006036767368277599,0.011282659737080376
2018-02-26 14:55:00,0.0006036075203672948,0.011249105420654713
2018-02-26 15:00:00,0.0005986902122920857,0.011213186256347542
2018-02-26 15:05:00,0.0005935437641046281,0.011176398369465433
2018-02-26 15:10:00,0.0005876640224155371,0.011139179783453131
2018-02-26 15:15:00,0.0005814400675455832,0.011104130726377079
2018-02-26 15:20:00,0.0005798574166448292,0.011072630194914038
2018-02-26 15:25:00,0.0005832831216181243,0.011032100767750202
2018-02-26 15:30:00,0.0005828338621018008,0.01099266891299997
2018-02-26 15:35:00,0.0005774645428413902,0.010963566478458642
2018-02-26 15:40:00,0.0005716632117184761,0.010925181915794347
2018-02-26 15:45:00,0.0005665913509792874,0.01089053390902645
2018-02-26 15:50:00,0.0005622462619303536,0.010861325297879918
2018-02-26 15:55:00,0.000560074910722154,0.010823018503776882
2018-02-26 16:00:00,0.0005630149725553384,0.010783425263221486
2018-02-26 16:05:00,0.0005629862197256136,0.010754652780722254
2018-02-26 16:10:00,0.0005569826647923736,0.010723559281658622
2018-02-26 16:15:00,0.0005537906107220882,0.010684453432479203
2018-02-26 16:20:00,0.0005529120483060653,0.010656164403305059
2018-02-26 16:25:00,0.0005471582201985317,0.010625753493778558
2018-02-26 16:30:00,0.0005426737673621244,0.010593711870523244
2018-02-26 16:35:00,0.0005402811322635705,0.010561722957964209
2018-02-26 16:40:00,0.0005383540148764313,0.010529172608536624
2018-02-26 16:45:00,0.0005339842974235875,0.010497937019778386
2018-02-26 16:50:00,0.0005304428372816259,0.0104710277511598
2018-02-26 16:55:00,0.0005263799172424496,0.01043815255255819
2018-02-26 17:00:00,0.0005249595536840148,0.010406684071133432
2018-02-26 17:05:00,0.000527009881090676,0.01037601233816505
2018-02-26 17:10:00,0.000527768640732811,0.010342101829964498
2018-02-26 17:15:00,0.0005261456793834268,0.010313124187468145
2018-02-26 17:20:00,0.0005274622933408654,0.010287696047502593
2018-02-26 17:25:00,0.0005227991398284516,0.010253454682940252
2018-02-26 17:30:00,0.0005178040003076599,0.010217932499188644
2018-02-26 17:35:00,0.0005135639602610758,0.010192927475157848
2018-02-26 17:40:00,0.0005088497461853035,0.010160687414402342
2018-02-26 17:45:00,0.0005073962576828143,0.010130026098324306
2018-02-26 17:50:00,0.0005070374177733806,0.010105777143090544
2018-02-26 17:55:00,0.0005041062441710807,0.010078016458076806
2018-02-26 18:00:00,0.0005022981807430818,0.010044140040411377
2018-02-26 18:05:00,0.0004984323981282884,0.010018417539839767
2018-02-26 18:10:00,0.0004941245002900858,0.009986870990562951
2018-02-26 18:15:00,0.0004917336512674221,0.009958482603101683
2018-02-26 18:20:00,0.0004904067318535766,0.009931400142295878
2018-02-26 18:25:00,0.0004870775451836399,0.009901235674678025
2018-02-26 18:30:00,0.00048606903383711366,0.00986931309573242
2018-02-26 18:35:00,0.00048825200432990975,0.009842708738584323
2018-02-26 18:40:00,0.0004886873923578009,0.009813859721620417
2018-02-26 18:45:00,0.0004883014253739695,0.009787509219807644
2018-02-26 18:50:00,0.0004915631111137385,0.009761653948755005
2018-02-26 18:55:00,0.0004920041681220975,0.009729662826909485
2018-02-26 19:00:00,0.0004872819302663895,0.009703091393484258
2018-02-26 19:05:00,0.0004853429747152048,0.009677083669465384
2018-02-26 19:10:00,0.00048725681792545614,0.009649426861161103
2018-02-26 19:15:00,0.00048613176188002884,0.009620486307335557
2018-02-26 19:20:00,0.0004844416426004069,0.009593926055338669
2018-02-26 19:25:00,0.000486670024161463,0.009565032492651778
2018-02-26 19:30:00,0.00048722162315005703,0.009541370762794566
2018-02-26 19:35:00,0.00048773079603622177,0.009519497544114283
2018-02-26 19:40:00,0.00048524875112178275,0.009488984930265058
2018-02-26 19:45:00,0.0004816842354523354,0.009463754917975626
2018-02-26 19:50:00,0.00048003028684618856,0.00943954333080546
2018-02-26 19:55:00,0.0004753180983398011,0.00941259507507488
2018-02-26 20:00:00,0.00047340687836076623,0.009387646477936875
2018-02-26 20:05:00,0.00047350208371280334,0.00936263665522255
2018-02-26 20:10:00,0.0004690560948474112,0.009333987701850668
2018-02-26 20:15:00,0.00046471855408939094,0.009310937614582659
2018-02-26 20:20:00,0.00046182621993926345,0.009287264028323887
2018-02-26 20:25:00,0.00045979486459457434,0.009260924364724426
2018-02-26 20:30:00,0.0004556132430263689,0.009236377908159439
2018-02-26 20:35:00,0.00045389693818609285,0.00921161005472014
2018-02-26 20:40:00,0.0004551968929238225,0.009184197434521094
2018-02-26 20:45:00,0.0004540360359763541,0.00915734555221141
2018-02-26 20:50:00,0.00045063038857035394,0.009138353818303706
2018-02-26 20:55:00,0.00044867986424706053,0.009112364562049825
2018-02-26 21:00:00,0.0004500705971447504,0.00908803894769289
2018-02-26 21:05:00,0.00044979658507350085,0.009065487168381535
2018-02-26 21:10:00,0.0004475612746651766,0.00903864086528342
2018-02-26 21:15:00,0.0004466453870317489,0.009013105089487959
2018-02-26 21:20:00,0.0004447537424819437,0.008990614813284234
2018-02-26 21:25:00,0.00044625596487322093,0.008964947761822797
2018-02-26 21:30:00,0.00044478910122059404,0.008939555500257112
2018-02-26 21:35:00,0.0004412976687182166,0.008918390863204988
2018-02-26 21:40:00,0.0004369656262444117,0.00889298632542222
2018-02-26 21:45:00,0.0004351132494182905,0.008871304700453378
2018-02-26 21:50:00,0.00043517568555818996,0.00884966103510726
2018-02-26 21:55:00,0.00043360178748408644,0.008823903266851845
2018-02-26 22:00:00,0.0004355919077232864,0.00880301371679401
2018-02-26 22:05:00,0.00043497108622325004,0.008784579285255419
2018-02-26 22:10:00,0.00043217048333950964,0.008761095020203249
2018-02-26 22:15:00,0.00043222098312812544,0.008736225359516958
2018-02-26 22:20:00,0.00043417622989804167,0.00871525123197313
2018-02-26 22:25:00,0.0004337041588929433,0.008692634868814756
2018-02-26 22:30:00,0.00042905180659774845,0.008669229138805643
2018-02-26 22:35:00,0.00042712810504926197,0.00864798089019223
2018-02-26 22:40:00,0.0004266410537164053,0.008627397887026328
2018-02-26 22:45:00,0.00042411993008761444,0.008608115920691417
2018-02-26 22:50:00,0.0004244032840143176,0.00858730493786953
2018-02-26 22:55:00,0.00042451307658940827,0.008562340546943306
2018-02-26 23:00:00,0.000425862072216178,0.008543094852085695
2018-02-26 23:05:00,0.0004268998850738114,0.008525552371975909
2018-02-26 23:10:00,0.00042784040796039195,0.008502090714156068
2018-02-26 23:15:00,0.0004284429217127872,0.008478912967099078
2018-02-26 23:20:00,0.00042930206640253826,0.008459532749352728
2018-02-26 23:25:00,0.0004278547642846195,0.008439810130738452
2018-02-26 23:30:00,0.00042329290226433993,0.008417605521442337
2018-02-26 23:35:00,0.00041933565207806067,0.008397489320997958
2018-02-26 23:40:00,0.0004149607892632503,0.008377807120496874
2018-02-26 23:45:00,0.0004104949760431789,0.008358495953221601
2018-02-26 23:50:00,0.000406757672997864,0.008338448595399265
2018-02-26 23:55:00,0.0004026079132261001,0.008317654349382276
2018-02-27 00:00:00,0.0004009556061775245,0.008295148664761227
2018-02-27 00:05:00,0.0004024917913763014,0.008275936888439927
2018-02-27 00:10:00,0.00040177302406629997,0.008256777837020435
2018-02-27 00:15:00,0.000400000626155365,0.00823747685732342
2018-02-27 00:20:00,0.00039950002557720394,0.00822069876853771
2018-02-27 00:25:00,0.000395761565988971,0.008198877013910751
2018-02-27 00:30:00,0.00039193316294698703,0.00817833793808384
2018-02-27 00:35:00,0.0003887332607610844,0.008160381564906982
2018-02-27 00:40:00,0.0003868539378431916,0.00813833407249374
2018-02-27 00:45:00,0.00038666168618858724,0.008117628140580311
2018-02-27 00:50:00,0.00038359085738332347,0.008101987613321295
2018-02-27 00:55:00,0.0003821022863055122,0.008082678272899596
2018-02-27 01:00:00,0.00038425946166350595,0.008060850031693793
2018-02-27 01:05:00,0.00038410113152775735,0.008043651248717263
2018-02-27 01:10:00,0.00038283717969695585,0.008025479026041704
2018-02-27 01:15:00,0.00038316967759856264,0.008004855570962104
2018-02-27 01:20:00,0.0003810482663715961,0.007989515733597609
2018-02-27 01:25:00,0.00038022576036531746,0.007972933565777971
2018-02-27 01:30:00,0.0003780221892631635,0.007953984290288195
2018-02-27 01:35:00,0.0003774040954024091,0.007936066016350128
2018-02-27 01:40:00,0.0003745622508355956,0.007917948813958376
2018-02-27 01:45:00,0.00037269928943526486,0.007900853393100074
2018-02-27 01:50:00,0.00036976173994249283,0.007883376468827048
2018-02-27 01:55:00,0.0003669136314295284,0.00786526027562989
2018-02-27 02:00:00,0.0003642845819516539,0.007848633556374272
2018-02-27 02:05:00,0.0003627994198887976,0.007832460722917356
2018-02-27 02:10:00,0.00036212613628351686,0.007812436152385676
2018-02-27 02:15:00,0.0003597460847246608,0.007795239447729081
2018-02-27 02:20:00,0.0003572182891014319,0.007781707863924343
2018-02-27 02:25:00,0.00035568392113835475,0.007764512715340112
2018-02-27 02:30:00,0.00035548426250183184,0.0077438481073044685
2018-02-27 02:35:00,0.000353040417646178,0.007727188393738495
2018-02-27 02:40:00,0.00035150800090901326,0.007708562781138803
2018-02-27 02:45:00,0.000350771229875728,0.007692158440093647
2018-02-27 02:50:00,0.00034904307925435004,0.007678718298250728
2018-02-27 02:55:00,0.00034697348100331735,0.0076621991898032935
2018-02-27 03:00:00,0.0003447364257301304,0.007645869966504443
2018-02-27 03:05:00,0.00034291265999800326,0.007631910243615645
2018-02-27 03:10:00,0.00034053950457037366,0.00761546836995366
2018-02-27 03:15:00,0.0003396238789434841,0.007595509864892267
2018-02-27 03:20:00,0.0003398253172128519,0.007579373398728886
2018-02-27 03:25:00,0.00033741826172651565,0.007561340583326912
2018-02-27 03:30:00,0.0003355675875582926,0.0075459876798243015
2018-02-27 03:35:00,0.00033362688929130434,0.007530386930099727
2018-02-27 03:40:00,0.0003331732939487919,0.007512331882160212
2018-02-27 03:45:00,0.0003337890569266602,0.007497666983266398
2018-02-27 03:50:00,0.00033309230454275706,0.007484276499469193
2018-02-27 03:55:00,0.00033370831030707365,0.0074661029032077175
2018-02-27 04:00:00,0.00033136222886067014,0.007447620884516961
2018-02-27 04:05:00,0.000330764620425634,0.00743454483567152
2018-02-27 04:10:00,0.000330824182649029,0.007420135874867846
2018-02-27 04:15:00,0.00032889512907772106,0.007402034736494076
2018-02-27 04:20:00,0.00032778304321945596,0.007386330587855018
2018-02-27 04:25:00,0.000327483560522821,0.007369313632503706
2018-02-27 04:30:00,0.00032659662661085903,0.007354836853513197
2018-02-27 04:35:00,0.00032676693130977375,0.007340624642117245
2018-02-27 04:40:00,0.0003255717818654222,0.007322605161563172
2018-02-27 04:45:00,0.0003250957099422902,0.007308096429933315
2018-02-27 04:50:00,0.00032451929611361074,0.007294011219333891
2018-02-27 04:55:00,0.0003260405615000592,0.007276347635715835
2018-02-27 05:00:00,0.00032528584753898683,0.007259870488434873
2018-02-27 05:05:00,0.00032418574780713794,0.00724562464741075
2018-02-27 05:10:00,0.0003236120249388921,0.007229138925669641
2018-02-27 05:15:00,0.00032214493703511715,0.007214728192749338
2018-02-27 05:20:00,0.0003228039900100733,0.007203120214996351
2018-02-27 05:25:00,0.000324296233002262,0.007185997867009764
2018-02-27 05:30:00,0.00032550353723749824,0.0071693645841287386
2018-02-27 05:35:00,0.0003254208950017713,0.00715583094157683
2018-02-27 05:40:00,0.000322565278908646,0.0071398354514878755
2018-02-27 05:45:00,0.0003201641508418206,0.007123667483809076
2018-02-27 05:50:00,0.000318851943175768,0.007112082446908706
2018-02-27 05:55:00,0.00031933124560626336,0.007096296000464724
2018-02-27 06:00:00,0.0003181818920653193,0.007079974118900079
2018-02-27 06:05:00,0.0003169901300504448,0.007067409089848928
2018-02-27 06:10:00,0.0003168447758904525,0.007053892091007263
2018-02-27 06:15:00,0.00031580743700116966,0.007037445897449011
2018-02-27 06:20:00,0.00031695155170801824,0.007023872788948746
2018-02-27 06:25:00,0.00031761022024269064,0.007010013221773238
2018-02-27 06:30:00,0.0003168266989224331,0.006996493289948107
2018-02-27 06:35:00,0.0003146762537221449,0.006983191509739975
2018-02-27 06:40:00,0.0003131196648367987,0.006966866214814725
2018-02-27 06:45:00,0.0003136324702462896,0.0069519225202751235
2018-02-27 06:50:00,0.0003133794052416415,0.006939726300946126
2018-02-27 06:55:00,0.0003121260215370799,0.006924784504920078
2018-02-27 07:00:00,0.00031316956781253,0.00691156050027714
2018-02-27 07:05:00,0.00031282680944483103,0.0069011210550488184
2018-02-27 07:10:00,0.00031141509211059,0.006887368948780172
2018-02-27 07:15:00,0.00031203039695493445,0.006873372822082988
2018-02-27 07:20:00,0.00031164723100041554,0.006861492449862234
2018-02-27 07:25:00,0.000308724789838713,0.006846789916014674
2018-02-27 07:30:00,0.00030636617573345554,0.0068313611062285175
2018-02-27 07:35:00,0.00030404764045257525,0.006818584421749489
2018-02-27 07:40:00,0.00030238394695861795,0.006804062187772892
2018-02-27 07:45:00,0.00030136223571183986,0.006791086613911625
2018-02-27 07:50:00,0.0002991955076867406,0.006778274436531465
2018-02-27 07:55:00,0.00029783340270739755,0.006765129039242845
2018-02-27 08:00:00,0.00029718324818470317,0.006752061093160994
2018-02-27 08:05:00,0.0002951269041431475,0.0067409472891170365
2018-02-27 08:10:00,0.00029395569568603085,0.00672843056283055
2018-02-27 08:15:00,0.00029358886932910594,0.006712964196254625
2018-02-27 08:20:00,0.00029161420334633173,0.006700394760189884
2018-02-27 08:25:00,0.00028939955557779663,0.0066882002361041
2018-02-27 08:30:00,0.00028726901681203797,0.00667425294290653
2018-02-27 08:35:00,0.0002855109531019389,0.006662972480641192
2018-02-27 08:40:00,0.0002835346885446291,0.0066512256355348845
2018-02-27 08:45:00,0.000281629018663956,0.006636020081495583
2018-02-27 08:50:00,0.0002803646819723647,0.006625095490099477
2018-02-27 08:55:00,0.00027889494542497655,0.006613108563415909
2018-02-27 09:00:00,0.00027852562018310887,0.006598959261399972
2018-02-27 09:05:00,0.0002790182654483192,0.006587970011039032
2018-02-27 09:10:00,0.0002774451748311571,0.0065746460612718365
2018-02-27 09:15:00,0.00027608556798876596,0.006560343471151843
2018-02-27 09:20:00,0.00027503462277883345,0.006550217132928449
2018-02-27 09:25:00,0.0002745507811729838,0.006536884897725934
2018-02-27 09:30:00,0.00027292410761069734,0.00652282001148242
2018-02-27 09:35:00,0.00027168596031340825,0.006513371354585182
2018-02-27 09:40:00,0.0002706648851605398,0.006500032102952297
2018-02-27 09:45:00,0.0002705557570152612,0.006486256199592815
2018-02-27 09:50:00,0.00027024771778454793,0.006474993923534354
2018-02-27 09:55:00,0.00026908706747985064,0.006461857493738919
2018-02-27 10:00:00,0.0002688295323933537,0.006450716648499881
2018-02-27 10:05:00,0.0002694854318192051,0.006441590882509847
2018-02-27 10:10:00,0.00026782692862741973,0.00642762382944555
2018-02-27 10:15:00,0.00026640781878383855,0.006414284570738972
2018-02-27 10:20:00,0.00026578213065503307,0.006404518371210065
2018-02-27 10:25:00,0.0002661356649536756,0.006393712396538899
2018-02-27 10:30:00,0.00026490787210693803,0.006382034273954525
2018-02-27 10:35:00,0.0002639229662173767,0.00637211007751904
2018-02-27 10:40:00,0.00026325344303452727,0.006360955515629697
2018-02-27 10:45:00,0.0002616803227427174,0.006348855128803943
2018-02-27 10:50:00,0.0002603593609229365,0.00633869483132003
2018-02-27 10:55:00,0.0002588668003430397,0.006325489607103043
2018-02-27 11:00:00,0.0002574202089744672,0.006312395276278161
2018-02-27 11:05:00,0.0002562176884386279,0.006303509613671119
2018-02-27 11:10:00,0.00025510411320025356,0.0062911236539514945
2018-02-27 11:15:00,0.0002549441790144376,0.006279744611052241
2018-02-27 11:20:00,0.00025547703952692453,0.006270604611725724
2018-02-27 11:25:00,0.00025429740358730416,0.006259064724350243
2018-02-27 11:30:00,0.0002529894117138604,0.006246370425125968
2018-02-27 11:35:00,0.0002526915556259651,0.006235186721339312
2018-02-27 11:40:00,0.000253511630829159,0.006225015390948019
2018-02-27 11:45:00,0.0002521894847567034,0.006214528414100934
2018-02-27 11:50:00,0.0002509942338504286,0.00620546715779722
2018-02-27 11:55:00,0.00024964142368190937,0.006194514333041824
2018-02-27 12:00:00,0.0002483280841776821,0.006181599187478125
2018-02-27 12:05:00,0.0002480828953932706,0.006172270177191828
2018-02-27 12:10:00,0.0002487345425824928,0.006162410932397732
2018-02-27 12:15:00,0.0002482292297454752,0.006149788864307844
2018-02-27 12:20:00,0.000248573403754023,0.0061402308851802034
2018-02-27 12:25:00,0.0002484288533523275,0.006128628309847591
2018-02-27 12:30:00,0.0002486577955249534,0.006118258261973655
2018-02-27 12:35:00,0.00024755770266615603,0.006108170888308165
2018-02-27 12:40:00,0.00024727483573984345,0.006095659788828598
2018-02-27 12:45:00,0.0002486672210316079,0.006085893651400542
2018-02-27 12:50:00,0.0002495507650290047,0.006075888014508743
2018-02-27 12:55:00,0.00025038759945026056,0.00606524030479806
2018-02-27 13:00:00,0.00025024703401610037,0.006053539879811582
2018-02-27 13:05:00,0.0002487733570671916,0.006044566146294714
2018-02-27 13:10:00,0.00024720401789578723,0.006035075100940833
2018-02-27 13:15:00,0.00024562623518986073,0.006022626859420292
2018-02-27 13:20:00,0.0002445500165079912,0.0060136190274767245
2018-02-27 13:25:00,0.0002442245979166898,0.0060025863016889185
2018-02-27 13:30:00,0.00024429199605594144,0.005992510156683007
2018-02-27 13:35:00,0.00024315192653708614,0.005984235712228308
2018-02-27 13:40:00,0.00024230192154616026,0.005974235476920974
2018-02-27 13:45:00,0.00024175227640278212,0.005962277105476063
2018-02-27 13:50:00,0.00024054909393965117,0.005953343729261432
2018-02-27 13:55:00,0.00024016321427884708,0.00594239810330376
2018-02-27 14:00:00,0.0002409125988767733,0.0059323206426000865
2018-02-27 14:05:00,0.000241463567057412,0.005923141983544684
2018-02-27 14:10:00,0.00024280035063143667,0.005912863494422371
2018-02-27 14:15:00,0.00024359807168720978,0.005901727644584842
2018-02-27 14:20:00,0.00024318360271579004,0.005893329105630338
2018-02-27 14:25:00,0.00024227494368428415,0.005884342421704213
2018-02-27 14:30:00,0.00024192723369193935,0.005872868474924853
2018-02-27 14:35:00,0.0002406812775775588,0.005862989784342951
2018-02-27 14:40:00,0.00023903100410391063,0.005852197411082949
2018-02-27 14:45:00,0.00023755382303865851,0.005843294807584304
2018-02-27 14:50:00,0.00023618813903453166,0.005833749076782494
2018-02-27 14:55:00,0.00023478963366855356,0.005822399226426686
2018-02-27 15:00:00,0.00023355493257694253,0.005813032180775027
2018-02-27 15:05:00,0.00023230498019964933,0.0058037725496539955
2018-02-27 15:10:00,0.00023189422385823134,0.0057926871951091245
2018-02-27 15:15:00,0.00023198243028145317,0.005783931578050321
2018-02-27 15:20:00,0.000231365419880834,0.005776430796222069
2018-02-27 15:25:00,0.00023135738622997418,0.005765178364580849
2018-02-27 15:30:00,0.00022992503344291558,0.005754393244073247
2018-02-27 15:35:00,0.0002288436694372458,0.005745283684261901
2018-02-27 15:40:00,0.00022767749712131581,0.005735757751557334
2018-02-27 15:45:00,0.0002272408009732106,0.005725218738602047
2018-02-27 15:50:00,0.00022761435882646922,0.005717381450893933
2018-02-27 15:55:00,0.00022646018164290514,0.00570932514769438
2018-02-27 16:00:00,0.00022537853027869035,0.005699137390129095
2018-02-27 16:05:00,0.00022475063153542263,0.005691264120393621
2018-02-27 16:10:00,0.00022459471634839008,0.005681033191920199
2018-02-27 16:15:00,0.0002232950439004015,0.00567166693662323
2018-02-27 16:20:00,0.00022219595673462862,0.005664539336507624
2018-02-27 16:25:00,0.00022104066459115615,0.005653657736128923
2018-02-27 16:30:00,0.0002198593039017569,0.005643239308631189
2018-02-27 16:35:00,0.0002195536098164081,0.005634446445858313
2018-02-27 16:40:00,0.00021971989662235362,0.005626002383147142
2018-02-27 16:45:00,0.00021955077319928205,0.0056164739069277944
2018-02-27 16:50:00,0.00021980097498943332,0.005607837233750437
2018-02-27 16:55:00,0.00021870409624728232,0.005597700611244538
2018-02-27 17:00:00,0.00021833043667716432,0.005588003093557666
2018-02-27 17:05:00,0.00021923428229437574,0.00557968639446835
2018-02-27 17:10:00,0.00021961408076039986,0.005570792535929372
2018-02-27 17:15:00,0.00021885824673737432,0.005561220777344344
2018-02-27 17:20:00,0.0002190568615098369,0.005553595151952646
2018-02-27 17:25:00,0.00021973486421676658,0.005545958805326667
2018-02-27 17:30:00,0.00022022022277929168,0.005535316963919991
2018-02-27 17:35:00,0.00022014935353157941,0.005527788472106388
2018-02-27 17:40:00,0.00021871312740538075,0.005518420811706224
2018-02-27 17:45:00,0.000217988877225498,0.00550835036095938
2018-02-27 17:50:00,0.0002178573734415368,0.005500501945986326
2018-02-27 17:55:00,0.0002164482595757872,0.005492131544613985
2018-02-27 18:00:00,0.00021528491019856782,0.005484129084941783
2018-02-27 18:05:00,0.0002146634238844917,0.005476963649950716
2018-02-27 18:10:00,0.00021429134604771427,0.0054678674478221044
2018-02-27 18:15:00,0.00021299372665818002,0.0054575978302780935
2018-02-27 18:20:00,0.00021253026479393748,0.005449553773567879
2018-02-27 18:25:00,0.00021354146970657846,0.005440085122419667
2018-02-27 18:30:00,0.00021405877229228962,0.005430853868889429
2018-02-27 18:35:00,0.00021395284823085792,0.005422989915796273
2018-02-27 18:40:00,0.0002125580975613773,0.005413940962210936
2018-02-27 18:45:00,0.00021136685217828903,0.005405868627685952
2018-02-27 18:50:00,0.00021037000010364483,0.005399355991761487
2018-02-27 18:55:00,0.00020911840124609508,0.005390969494108888
2018-02-27 19:00:00,0.00020802092021296253,0.005382963225198875
2018-02-27 19:05:00,0.00020773394960694235,0.0053758754976360595
2018-02-27 19:10:00,0.00020859796121757318,0.005367502891842229
2018-02-27 19:15:00,0.0002083049915659875,0.00535911605042249
2018-02-27 19:20:00,0.0002072108146523155,0.005351191305538326
2018-02-27 19:25:00,0.0002059748842004797,0.005342580145100631
2018-02-27 19:30:00,0.00020477759393109136,0.005334817661138271
2018-02-27 19:35:00,0.00020402970346083713,0.005327964690188508
2018-02-27 19:40:00,0.00020345480058536362,0.005318705367709977
2018-02-27 19:45:00,0.00020252416531693713,0.0053091024997338025
2018-02-27 19:50:00,0.00020157572407643833,0.0053026915203403845
2018-02-27 19:55:00,0.00020050170261224487,0.0052950317332476305
2018-02-27 20:00:00,0.00019964080358358615,0.0052854742590924585
2018-02-27 20:05:00,0.00019876467596046822,0.0052775782474095015
2018-02-27 20:10:00,0.00019777108440930112,0.005270123552665481
2018-02-27 20:15:00,0.00019680474593943478,0.005261327733480664
2018-02-27 20:20:00,0.00019599878069416425,0.005254486085004262
2018-02-27 20:25:00,0.00019508331264348725,0.005247328569574791
2018-02-27 20:30:00,0.00019471868073290643,0.005237953001735392
2018-02-27 20:35:00,0.000194770678505584,0.0052313401338149905
2018-02-27 20:40:00,0.00019386066816844927,0.0052227458564842915
2018-02-27 20:45:00,0.00019297416964101938,0.005213842685453526
2018-02-27 20:50:00,0.00019223361699433983,0.0052065297454239635
2018-02-27 20:55:00,0.00019145819557640613,0.0051979641788819225
2018-02-27 21:00:00,0.00019065495325705585,0.00518963513744494
2018-02-27 21:05:00,0.0001906019853460427,0.005183140850939127
2018-02-27 21:10:00,0.00019095781190155001,0.005174837908012667
2018-02-27 21:15:00,0.00019033185591527048,0.005167211918285131
2018-02-27 21:20:00,0.00018960997782581737,0.0051601974236229
2018-02-27 21:25:00,0.00018911556345705896,0.00515226123118139
2018-02-27 21:30:00,0.00018879278756943755,0.005143908026408511
2018-02-27 21:35:00,0.00018808957120926298,0.005136428309661448
2018-02-27 21:40:00,0.000187807360905273,0.005128159906770797
2018-02-27 21:45:00,0.0001879789507601814,0.005119855387296491
2018-02-27 21:50:00,0.00018729227429337603,0.005113193791373153
2018-02-27 21:55:00,0.00018688487456259715,0.005105036768927535
2018-02-27 22:00:00,0.0001871565644165291,0.005096874279268561
2018-02-27 22:05:00,0.00018769370287350577,0.00508992308871561
2018-02-27 22:10:00,0.0001873698591344544,0.005083075740176093
2018-02-27 22:15:00,0.00018666490485086566,0.005076119573233459
2018-02-27 22:20:00,0.00018592086517015796,0.005068680363950559
2018-02-27 22:25:00,0.00018507519464088274,0.005060039419823899
2018-02-27 22:30:00,0.00018425090932151908,0.005053079741132394
2018-02-27 22:35:00,0.00018356193236336574,0.005046414634627852
2018-02-27 22:40:00,0.00018290483397078504,0.00503922476127112
2018-02-27 22:45:00,0.00018266465916621794,0.005032133726655361
2018-02-27 22:50:00,0.00018275875961207058,0.0050248381956462035
2018-02-27 22:55:00,0.0001819647922169985,0.0050174375033687395
2018-02-27 23:00:00,0.0001814612473936216,0.005009564437079422
2018-02-27 23:05:00,0.00018174931288007445,0.005002972723820646
2018-02-27 23:10:00,0.0001820887722104933,0.004996311249441122
2018-02-27 23:15:00,0.00018146844238417034,0.004989345820605456
2018-02-27 23:20:00,0.00018131966561340556,0.004983736679470818
2018-02-27 23:25:00,0.0001820393009381111,0.004976697886613986
2018-02-27 23:30:00,0.00018197621174784924,0.00496965268591864
2018-02-27 23:35:00,0.00018121911474893492,0.004963405502392672
2018-02-27 23:40:00,0.00018041367924293193,0.0049552663074958515
2018-02-27 23:45:00,0.00017973489073452474,0.004948187341296096
2018-02-27 23:50:00,0.00017952019747313782,0.004941458210822556
2018-02-27 23:55:00,0.00018030520994440668,0.004933409040788933
2018-02-28 00:00:00,0.00018079432431632563,0.004925766716470533
2018-02-28 00:05:00,0.00018142332980490875,0.004920169121641737
2018-02-28 00:10:00,0.00018217726268952356,0.004912866986393198
2018-02-28 00:15:00,0.00018297088786381257,0.00490593115812945
2018-02-28 00:20:00,0.0001830878240796582,0.004899464881313347
2018-02-28 00:25:00,0.00018234999246617684,0.0048924349389671135
2018-02-28 00:30:00,0.00018184641253888645,0.004884775575700915
2018-02-28 00:35:00,0.00018111396952979867,0.004878990771185972
2018-02-28 00:40:00,0.00018085683719927704,0.004872735047331649
2018-02-28 00:45:00,0.00018099649803611205,0.0048659181194428205
2018-02-28 00:50:00,0.0001802204577330184,0.004859252642224224
2018-02-28 00:55:00,0.00017994679073036858,0.004851188210115523
2018-02-28 01:00:00,0.00018012390134221714,0.004843814849513959
2018-02-28 01:05:00,0.00017935516950977703,0.0048383574817603995
2018-02-28 01:10:00,0.00017835069147042755,0.004831218554585947
2018-02-28 01:15:00,0.00017751142660587748,0.004824432869358887
2018-02-28 01:20:00,0.00017698791033886926,0.004817899491663302
2018-02-28 01:25:00,0.00017696000455058667,0.004811249446179478
2018-02-28 01:30:00,0.00017731264294927073,0.004803986328791661
2018-02-28 01:35:00,0.0001779168955420176,0.004798348990059885
2018-02-28 01:40:00,0.00017851412292390023,0.004791268277040371
2018-02-28 01:45:00,0.00017913194372320482,0.0047843768023386425
2018-02-28 01:50:00,0.00017909616056001643,0.004778235057250947
2018-02-28 01:55:00,0.00017795589732676434,0.004770793479536522
2018-02-28 02:00:00,0.0001769927239605243,0.004764528003109686
2018-02-28 02:05:00,0.00017653666968836775,0.004758714260858132
2018-02-28 02:10:00,0.00017653940424881725,0.00475129247237328
2018-02-28 02:15:00,0.0001756619828453657,0.004744993666076897
2018-02-28 02:20:00,0.00017523616484801095,0.004738980134041823
2018-02-28 02:25:00,0.0001759637547053611,0.004731734784523931
2018-02-28 02:30:00,0.0001764914958789951,0.004725761548233704
2018-02-28 02:35:00,0.00017667787413419824,0.00471961326960355
2018-02-28 02:40:00,0.00017657289201777296,0.004712263545713801
2018-02-28 02:45:00,0.00017645885029298088,0.004705292935775413
2018-02-28 02:50:00,0.000176001056145968,0.00469953394761314
2018-02-28 02:55:00,0.00017625667446541715,0.004692605161709626
2018-02-28 03:00:00,0.00017635162677253933,0.004686823086410311
2018-02-28 03:05:00,0.00017621695925910364,0.0046816304321070255
2018-02-28 03:10:00,0.0001753674804789576,0.004675452672009799
2018-02-28 03:15:00,0.0001749920541728161,0.004667887288745807
2018-02-28 03:20:00,0.00017444721596135602,0.004662439589366575
2018-02-28 03:25:00,0.00017385510863067086,0.004656602677693748
2018-02-28 03:30:00,0.00017378571495273499,0.004649412667303004
2018-02-28 03:35:00,0.00017316916224093857,0.004643185081484729
2018-02-28 03:40:00,0.00017219337371078954,0.004636416143485424
2018-02-28 03:45:00,0.00017112764869464504,0.004630584094840546
2018-02-28 03:50:00,0.00017020532015076637,0.004624695350628789
2018-02-28 03:55:00,0.0001691627922842807,0.004617580917356616
2018-02-28 04:00:00,0.000168152294285733,0.004611981725818376
2018-02-28 04:05:00,0.00016769845284412408,0.00460617543567568
2018-02-28 04:10:00,0.00016770622183551903,0.004599597123019874
2018-02-28 04:15:00,0.00016738006708032463,0.004594113092572798
2018-02-28 04:20:00,0.0001674841895042056,0.0045881061799466745
2018-02-28 04:25:00,0.00016649106741186827,0.004581008683824854
2018-02-28 04:30:00,0.00016601649171535824,0.004575302246976086
2018-02-28 04:35:00,0.00016595632547774627,0.00456958176221855
2018-02-28 04:40:00,0.0001654800448110855,0.0045636637821895015
2018-02-28 04:45:00,0.00016560814609922804,0.0045568419774127305
2018-02-28 04:50:00,0.00016555812779471828,0.004551125463299571
2018-02-28 04:55:00,0.0001659096339710277,0.0045445479538060215
2018-02-28 05:00:00,0.0001662037180017935,0.004539181614231371
2018-02-28 05:05:00,0.0001666413282399483,0.0045341158156903235
2018-02-28 05:10:00,0.00016662391951912815,0.0045282399755679804
2018-02-28 05:15:00,0.00016557286011716942,0.004521534463640276
2018-02-28 05:20:00,0.00016482157719938432,0.004515641360034481
2018-02-28 05:25:00,0.00016407546927468816,0.004509226780641965
2018-02-28 05:30:00,0.00016347546340569669,0.00450298957245916
2018-02-28 05:35:00,0.00016275970136083365,0.0044975111250140296
2018-02-28 05:40:00,0.00016233982527509485,0.004491120714437399
2018-02-28 05:45:00,0.0001622512028427657,0.004484698738599117
2018-02-28 05:50:00,0.00016155742644380363,0.004479279024310953
2018-02-28 05:55:00,0.0001606458577057179,0.0044739508264162245
